id,filename,repository,categories,status,confidence,related_repositories,related_artifacts_note
1,"product-marketing.md","current-repo","Agents;Marketing","Active","medium-high (filename/path keyword match, content not read)","",""
2,"evals.json","current-repo","Agents;Testing;QA","Active","medium-high (filename/path keyword match, content not read)","",""
3,"sample-size-guide.md","current-repo","Agents;Testing;QA;Documentation","Active","medium-high (filename/path keyword match, content not read)","",""
4,"test-templates.md","current-repo","Agents;Testing;QA","Active","medium-high (filename/path keyword match, content not read)","",""
5,"SKILL.md","current-repo","Agents;Testing;QA","Active","medium-high (filename/path keyword match, content not read)","",""
6,"evals.json","current-repo","Agents","Active","medium-high (filename/path keyword match, content not read)","",""
7,"generative-tools.md","current-repo","Agents","Active","medium-high (filename/path keyword match, content not read)","",""
8,"platform-specs.md","current-repo","Agents","Active","medium-high (filename/path keyword match, content not read)","",""
9,"SKILL.md","current-repo","Agents","Active","medium-high (filename/path keyword match, content not read)","",""
10,"evals.json","current-repo","Agents","Active","medium-high (filename/path keyword match, content not read)","",""
11,"ad-copy-templates.md","current-repo","Agents","Active","medium-high (filename/path keyword match, content not read)","",""
12,"audience-targeting.md","current-repo","Agents","Active","medium-high (filename/path keyword match, content not read)","",""
13,"conversion-tracking.md","current-repo","Agents","Active","medium-high (filename/path keyword match, content not read)","",""
14,"platform-setup-checklists.md","current-repo","Agents;Documentation","Active","medium-high (filename/path keyword match, content not read)","",""
15,"SKILL.md","current-repo","Agents","Active","medium-high (filename/path keyword match, content not read)","",""
16,"evals.json","current-repo","AI;Agents;SEO","Active","medium-high (filename/path keyword match, content not read)","",""
17,"content-patterns.md","current-repo","AI;Agents;SEO","Active","medium-high (filename/path keyword match, content not read)","",""
18,"content-types.md","current-repo","AI;Agents;SEO","Active","medium-high (filename/path keyword match, content not read)","",""
19,"okf.md","current-repo","AI;Agents;SEO","Active","medium-high (filename/path keyword match, content not read)","",""
20,"platform-ranking-factors.md","current-repo","AI;Agents;SEO","Active","medium-high (filename/path keyword match, content not read)","",""
21,"SKILL.md","current-repo","AI;Agents;SEO","Active","medium-high (filename/path keyword match, content not read)","",""
22,"evals.json","current-repo","Agents;Analytics","Active","medium-high (filename/path keyword match, content not read)","",""
23,"event-library.md","current-repo","Agents;Analytics","Active","medium-high (filename/path keyword match, content not read)","",""
24,"ga4-implementation.md","current-repo","Agents;Analytics","Active","medium-high (filename/path keyword match, content not read)","",""
25,"gtm-implementation.md","current-repo","Agents;Analytics","Active","medium-high (filename/path keyword match, content not read)","",""
26,"SKILL.md","current-repo","Agents;Analytics","Active","medium-high (filename/path keyword match, content not read)","",""
27,"evals.json","current-repo","Agents","Active","medium-high (filename/path keyword match, content not read)","",""
28,"apple-specs.md","current-repo","Agents","Active","medium-high (filename/path keyword match, content not read)","",""
29,"benchmarks.md","current-repo","Agents","Active","medium-high (filename/path keyword match, content not read)","",""
30,"google-play-specs.md","current-repo","Agents","Active","medium-high (filename/path keyword match, content not read)","",""
31,"report-template.md","current-repo","Agents","Active","medium-high (filename/path keyword match, content not read)","",""
32,"scoring-criteria.md","current-repo","Agents","Active","medium-high (filename/path keyword match, content not read)","",""
33,"SKILL.md","current-repo","Agents","Active","medium-high (filename/path keyword match, content not read)","",""
34,"evals.json","current-repo","Agents","Active","medium-high (filename/path keyword match, content not read)","",""
35,"cancel-flow-patterns.md","current-repo","Agents","Active","medium-high (filename/path keyword match, content not read)","",""
36,"dunning-playbook.md","current-repo","Agents","Active","medium-high (filename/path keyword match, content not read)","",""
37,"SKILL.md","current-repo","Agents","Active","medium-high (filename/path keyword match, content not read)","",""
38,"evals.json","current-repo","Agents;Marketing","Active","medium-high (filename/path keyword match, content not read)","",""
39,"SKILL.md","current-repo","Agents;Marketing","Active","medium-high (filename/path keyword match, content not read)","",""
40,"evals.json","current-repo","Agents","Active","medium-high (filename/path keyword match, content not read)","",""
41,"benchmarks.md","current-repo","Agents","Active","medium-high (filename/path keyword match, content not read)","",""
42,"follow-up-sequences.md","current-repo","Agents","Active","medium-high (filename/path keyword match, content not read)","",""
43,"frameworks.md","current-repo","Agents","Active","medium-high (filename/path keyword match, content not read)","",""
44,"personalization.md","current-repo","Agents","Active","medium-high (filename/path keyword match, content not read)","",""
45,"subject-lines.md","current-repo","Agents","Active","medium-high (filename/path keyword match, content not read)","",""
46,"SKILL.md","current-repo","Agents","Active","medium-high (filename/path keyword match, content not read)","",""
47,"evals.json","current-repo","Agents;Marketing","Active","medium-high (filename/path keyword match, content not read)","",""
48,"SKILL.md","current-repo","Agents;Marketing","Active","medium-high (filename/path keyword match, content not read)","",""
49,"evals.json","current-repo","Agents","Active","medium-high (filename/path keyword match, content not read)","",""
50,"templates.md","current-repo","Agents","Active","medium-high (filename/path keyword match, content not read)","",""
51,"tool-reference.md","current-repo","Agents","Active","medium-high (filename/path keyword match, content not read)","",""
52,"SKILL.md","current-repo","Agents","Active","medium-high (filename/path keyword match, content not read)","",""
53,"evals.json","current-repo","Agents","Active","medium-high (filename/path keyword match, content not read)","",""
54,"content-architecture.md","current-repo","Architecture;Agents","Active","medium-high (filename/path keyword match, content not read)","",""
55,"templates.md","current-repo","Agents","Active","medium-high (filename/path keyword match, content not read)","",""
56,"SKILL.md","current-repo","Agents","Active","medium-high (filename/path keyword match, content not read)","",""
57,"evals.json","current-repo","Agents","Active","medium-high (filename/path keyword match, content not read)","",""
58,"headless-cms.md","current-repo","Agents","Active","medium-high (filename/path keyword match, content not read)","",""
59,"SKILL.md","current-repo","Agents","Active","medium-high (filename/path keyword match, content not read)","",""
60,"evals.json","current-repo","Agents","Active","medium-high (filename/path keyword match, content not read)","",""
61,"checklist.md","current-repo","Agents;Documentation","Active","medium-high (filename/path keyword match, content not read)","",""
62,"content-refresh.md","current-repo","Agents","Active","medium-high (filename/path keyword match, content not read)","",""
63,"plain-english-alternatives.md","current-repo","Agents","Active","medium-high (filename/path keyword match, content not read)","",""
64,"SKILL.md","current-repo","Agents","Active","medium-high (filename/path keyword match, content not read)","",""
65,"evals.json","current-repo","Agents","Active","medium-high (filename/path keyword match, content not read)","",""
66,"copy-frameworks.md","current-repo","Agents","Active","medium-high (filename/path keyword match, content not read)","",""
67,"natural-transitions.md","current-repo","Agents","Active","medium-high (filename/path keyword match, content not read)","",""
68,"SKILL.md","current-repo","Agents","Active","medium-high (filename/path keyword match, content not read)","",""
69,"evals.json","current-repo","Agents","Active","medium-high (filename/path keyword match, content not read)","",""
70,"experiments.md","current-repo","Agents","Active","medium-high (filename/path keyword match, content not read)","",""
71,"form.md","current-repo","Agents","Active","medium-high (filename/path keyword match, content not read)","",""
72,"SKILL.md","current-repo","Agents","Active","medium-high (filename/path keyword match, content not read)","",""
73,"evals.json","current-repo","Agents;Research","Active","medium-high (filename/path keyword match, content not read)","",""
74,"source-guides.md","current-repo","Agents;Research;Documentation","Active","medium-high (filename/path keyword match, content not read)","",""
75,"SKILL.md","current-repo","Agents;Research","Active","medium-high (filename/path keyword match, content not read)","",""
76,"evals.json","current-repo","Agents","Active","medium-high (filename/path keyword match, content not read)","",""
77,"directory-list.md","current-repo","Agents","Active","medium-high (filename/path keyword match, content not read)","",""
78,"positioning-variations.md","current-repo","Agents","Active","medium-high (filename/path keyword match, content not read)","",""
79,"submission-tracker-template.csv","current-repo","Agents","Active","medium-high (filename/path keyword match, content not read)","",""
80,"SKILL.md","current-repo","Agents","Active","medium-high (filename/path keyword match, content not read)","",""
81,"evals.json","current-repo","Agents","Active","medium-high (filename/path keyword match, content not read)","",""
82,"copy-guidelines.md","current-repo","Agents;Documentation","Active","medium-high (filename/path keyword match, content not read)","",""
83,"email-types.md","current-repo","Agents","Active","medium-high (filename/path keyword match, content not read)","",""
84,"sequence-templates.md","current-repo","Agents","Active","medium-high (filename/path keyword match, content not read)","",""
85,"SKILL.md","current-repo","Agents","Active","medium-high (filename/path keyword match, content not read)","",""
86,"SKILL.md","current-repo","Agents","Active","medium-high (filename/path keyword match, content not read)","",""
87,"evals.json","current-repo","Agents","Active","medium-high (filename/path keyword match, content not read)","",""
88,"tool-types.md","current-repo","Agents","Active","medium-high (filename/path keyword match, content not read)","",""
89,"SKILL.md","current-repo","Agents","Active","medium-high (filename/path keyword match, content not read)","",""
90,"evals.json","current-repo","Agents","Active","medium-high (filename/path keyword match, content not read)","",""
91,"ai-image-prompting.md","current-repo","AI;Prompt Engineering;Agents","Active","medium-high (filename/path keyword match, content not read)","",""
92,"SKILL.md","current-repo","Agents","Active","medium-high (filename/path keyword match, content not read)","",""
93,"audio.md","current-repo","Agents","Active","medium-high (filename/path keyword match, content not read)","",""
94,"chat-completions.md","current-repo","Agents","Active","medium-high (filename/path keyword match, content not read)","",""
95,"embeddings-and-rag.md","current-repo","Agents","Active","medium-high (filename/path keyword match, content not read)","",""
96,"image-generation.md","current-repo","Agents","Active","medium-high (filename/path keyword match, content not read)","",""
97,"models-list.md","current-repo","Agents","Active","medium-high (filename/path keyword match, content not read)","",""
98,"overview.md","current-repo","Agents","Active","medium-high (filename/path keyword match, content not read)","",""
99,"video-generation.md","current-repo","Agents","Active","medium-high (filename/path keyword match, content not read)","",""
100,"sdk-integration.md","current-repo","Security;Authentication;Agents","Active","medium-high (filename/path keyword match, content not read)","",""
101,"ssr-integration.md","current-repo","Security;Authentication;Agents","Active","medium-high (filename/path keyword match, content not read)","",""
102,"sdk-integration.md","current-repo","Agents","Active","medium-high (filename/path keyword match, content not read)","",""
103,"sdk-integration.md","current-repo","Agents","Active","medium-high (filename/path keyword match, content not read)","",""
104,"sdk-integration.md","current-repo","Agents","Active","medium-high (filename/path keyword match, content not read)","",""
105,"razorpay.md","current-repo","Agents;Payments","Active","medium-high (filename/path keyword match, content not read)","",""
106,"stripe.md","current-repo","Agents;Payments","Active","medium-high (filename/path keyword match, content not read)","",""
107,"sdk-integration.md","current-repo","Agents","Active","medium-high (filename/path keyword match, content not read)","",""
108,"SKILL.md","current-repo","Agents","Active","medium-high (filename/path keyword match, content not read)","",""
109,"postgres-rls.md","current-repo","Agents","Active","medium-high (filename/path keyword match, content not read)","",""
110,"s3-gateway.md","current-repo","Agents","Active","medium-high (filename/path keyword match, content not read)","",""
111,"sdk-integration.md","current-repo","Agents","Active","medium-high (filename/path keyword match, content not read)","",""
112,"auth.md","current-repo","Security;Authentication;Agents","Active","medium-high (filename/path keyword match, content not read)","",""
113,"merge.md","current-repo","Agents","Active","medium-high (filename/path keyword match, content not read)","",""
114,"overview.md","current-repo","Agents","Active","medium-high (filename/path keyword match, content not read)","",""
115,"reset.md","current-repo","Agents","Active","medium-high (filename/path keyword match, content not read)","",""
116,"compute-deploy.md","current-repo","Deployment;Infrastructure;Agents","Active","medium-high (filename/path keyword match, content not read)","",""
117,"config.md","current-repo","Agents","Active","medium-high (filename/path keyword match, content not read)","",""
118,"create.md","current-repo","Agents","Active","medium-high (filename/path keyword match, content not read)","",""
119,"access-control.md","current-repo","Agents","Active","medium-high (filename/path keyword match, content not read)","",""
120,"export.md","current-repo","Agents","Active","medium-high (filename/path keyword match, content not read)","",""
121,"import.md","current-repo","Agents","Active","medium-high (filename/path keyword match, content not read)","",""
122,"integrity.md","current-repo","Agents","Active","medium-high (filename/path keyword match, content not read)","",""
123,"migrations.md","current-repo","SQL Migration;Implementation Plan;Agents","Active","medium-high (filename/path keyword match, content not read)","",""
124,"query.md","current-repo","Agents","Active","medium-high (filename/path keyword match, content not read)","",""
125,"vector.md","current-repo","Agents","Active","medium-high (filename/path keyword match, content not read)","",""
126,"deploy.md","current-repo","Deployment;Infrastructure;Agents","Active","medium-high (filename/path keyword match, content not read)","",""
127,"domains.md","current-repo","Deployment;Infrastructure;Agents","Active","medium-high (filename/path keyword match, content not read)","",""
128,"diagnostics.md","current-repo","Agents","Active","medium-high (filename/path keyword match, content not read)","",""
129,"functions-deploy.md","current-repo","Deployment;Infrastructure;Agents","Active","medium-high (filename/path keyword match, content not read)","",""
130,"login.md","current-repo","Agents","Active","medium-high (filename/path keyword match, content not read)","",""
131,"overview.md","current-repo","Agents;Payments","Active","medium-high (filename/path keyword match, content not read)","",""
132,"razorpay.md","current-repo","Agents;Payments","Active","medium-high (filename/path keyword match, content not read)","",""
133,"stripe.md","current-repo","Agents;Payments","Active","medium-high (filename/path keyword match, content not read)","",""
134,"posthog.md","current-repo","Agents","Active","medium-high (filename/path keyword match, content not read)","",""
135,"realtime.md","current-repo","Agents","Active","medium-high (filename/path keyword match, content not read)","",""
136,"schedules.md","current-repo","Agents","Active","medium-high (filename/path keyword match, content not read)","",""
137,"SKILL.md","current-repo","Agents","Active","medium-high (filename/path keyword match, content not read)","",""
138,"evals.json","current-repo","Agents","Active","medium-high (filename/path keyword match, content not read)","",""
139,"SKILL.md","current-repo","Agents","Active","medium-high (filename/path keyword match, content not read)","",""
140,"evals.json","current-repo","Agents","Active","medium-high (filename/path keyword match, content not read)","",""
141,"benchmarks.md","current-repo","Agents","Active","medium-high (filename/path keyword match, content not read)","",""
142,"format-guide.md","current-repo","Agents;Documentation","Active","medium-high (filename/path keyword match, content not read)","",""
143,"SKILL.md","current-repo","Agents","Active","medium-high (filename/path keyword match, content not read)","",""
144,"evals.json","current-repo","Agents;Marketing","Active","medium-high (filename/path keyword match, content not read)","",""
145,"ideas-by-category.md","current-repo","Agents;Marketing","Active","medium-high (filename/path keyword match, content not read)","",""
146,"SKILL.md","current-repo","Agents;Marketing","Active","medium-high (filename/path keyword match, content not read)","",""
147,"evals.json","current-repo","Agents;Marketing","Active","medium-high (filename/path keyword match, content not read)","",""
148,"aarrr-framework.md","current-repo","Agents;Marketing","Active","medium-high (filename/path keyword match, content not read)","",""
149,"budget-planning.md","current-repo","Agents;Marketing","Active","medium-high (filename/path keyword match, content not read)","",""
150,"client-types.md","current-repo","Agents;Marketing","Active","medium-high (filename/path keyword match, content not read)","",""
151,"current-state-rubric.md","current-repo","Agents;Marketing","Active","medium-high (filename/path keyword match, content not read)","",""
152,"example-quietude.md","current-repo","Agents;Marketing","Active","medium-high (filename/path keyword match, content not read)","",""
153,"funding-stage-unlocks.md","current-repo","Agents;Marketing","Active","medium-high (filename/path keyword match, content not read)","",""
154,"growth-patterns.md","current-repo","Agents;Marketing","Active","medium-high (filename/path keyword match, content not read)","",""
155,"idea-cross-reference.md","current-repo","Agents;Marketing","Active","medium-high (filename/path keyword match, content not read)","",""
156,"measurement-framework.md","current-repo","Agents;Marketing","Active","medium-high (filename/path keyword match, content not read)","",""
157,"methodology.md","current-repo","Agents;Marketing","Active","medium-high (filename/path keyword match, content not read)","",""
158,"ops-stack-mapping.md","current-repo","Agents;Marketing","Active","medium-high (filename/path keyword match, content not read)","",""
159,"plan-template.md","current-repo","Agents;Marketing","Active","medium-high (filename/path keyword match, content not read)","",""
160,"team-and-agency-model.md","current-repo","Agents;Marketing","Active","medium-high (filename/path keyword match, content not read)","",""
161,"SKILL.md","current-repo","Agents;Marketing","Active","medium-high (filename/path keyword match, content not read)","",""
162,"evals.json","current-repo","Agents;Marketing","Active","medium-high (filename/path keyword match, content not read)","",""
163,"SKILL.md","current-repo","Agents;Marketing","Active","medium-high (filename/path keyword match, content not read)","",""
164,"evals.json","current-repo","Agents","Active","medium-high (filename/path keyword match, content not read)","",""
165,"experiments.md","current-repo","Agents","Active","medium-high (filename/path keyword match, content not read)","",""
166,"SKILL.md","current-repo","Agents","Active","medium-high (filename/path keyword match, content not read)","",""
167,"evals.json","current-repo","Agents","Active","medium-high (filename/path keyword match, content not read)","",""
168,"experiments.md","current-repo","Agents","Active","medium-high (filename/path keyword match, content not read)","",""
169,"SKILL.md","current-repo","Agents","Active","medium-high (filename/path keyword match, content not read)","",""
170,"evals.json","current-repo","Agents","Active","medium-high (filename/path keyword match, content not read)","",""
171,"SKILL.md","current-repo","Agents","Active","medium-high (filename/path keyword match, content not read)","",""
172,"evals.json","current-repo","Agents","Active","medium-high (filename/path keyword match, content not read)","",""
173,"research-methods.md","current-repo","Agents;Research","Active","medium-high (filename/path keyword match, content not read)","",""
174,"tier-structure.md","current-repo","Agents","Active","medium-high (filename/path keyword match, content not read)","",""
175,"SKILL.md","current-repo","Agents","Active","medium-high (filename/path keyword match, content not read)","",""
176,"evals.json","current-repo","Agents;Marketing","Active","medium-high (filename/path keyword match, content not read)","",""
177,"SKILL.md","current-repo","Agents;Marketing","Active","medium-high (filename/path keyword match, content not read)","",""
178,"evals.json","current-repo","Agents;SEO","Active","medium-high (filename/path keyword match, content not read)","",""
179,"playbooks.md","current-repo","Agents;SEO","Active","medium-high (filename/path keyword match, content not read)","",""
180,"SKILL.md","current-repo","Agents;SEO","Active","medium-high (filename/path keyword match, content not read)","",""
181,"evals.json","current-repo","Agents","Active","medium-high (filename/path keyword match, content not read)","",""
182,"b2b-prospecting.md","current-repo","Agents","Active","medium-high (filename/path keyword match, content not read)","",""
183,"compliance.md","current-repo","Agents;Compliance","Active","medium-high (filename/path keyword match, content not read)","",""
184,"data-sources.md","current-repo","Agents","Active","medium-high (filename/path keyword match, content not read)","",""
185,"local-prospecting.md","current-repo","Agents","Active","medium-high (filename/path keyword match, content not read)","",""
186,"saas-prospecting.md","current-repo","Agents","Active","medium-high (filename/path keyword match, content not read)","",""
187,"SKILL.md","current-repo","Agents","Active","medium-high (filename/path keyword match, content not read)","",""
188,"journalist-pitching.md","current-repo","Agents","Active","medium-high (filename/path keyword match, content not read)","",""
189,"media-outlets.md","current-repo","Agents","Active","medium-high (filename/path keyword match, content not read)","",""
190,"newsjacking.md","current-repo","Agents","Active","medium-high (filename/path keyword match, content not read)","",""
191,"press-platforms.md","current-repo","Agents","Active","medium-high (filename/path keyword match, content not read)","",""
192,"SKILL.md","current-repo","Agents","Active","medium-high (filename/path keyword match, content not read)","",""
193,"evals.json","current-repo","Agents","Active","medium-high (filename/path keyword match, content not read)","",""
194,"affiliate-programs.md","current-repo","Agents","Active","medium-high (filename/path keyword match, content not read)","",""
195,"program-examples.md","current-repo","Agents","Active","medium-high (filename/path keyword match, content not read)","",""
196,"SKILL.md","current-repo","Agents","Active","medium-high (filename/path keyword match, content not read)","",""
197,"evals.json","current-repo","Agents","Active","medium-high (filename/path keyword match, content not read)","",""
198,"automation-playbooks.md","current-repo","Automation;Agents","Active","medium-high (filename/path keyword match, content not read)","",""
199,"lifecycle-definitions.md","current-repo","Agents","Active","medium-high (filename/path keyword match, content not read)","",""
200,"routing-rules.md","current-repo","Agents","Active","medium-high (filename/path keyword match, content not read)","",""
201,"scoring-models.md","current-repo","Agents","Active","medium-high (filename/path keyword match, content not read)","",""
202,"SKILL.md","current-repo","Agents","Active","medium-high (filename/path keyword match, content not read)","",""
203,"evals.json","current-repo","Agents","Active","medium-high (filename/path keyword match, content not read)","",""
204,"deck-frameworks.md","current-repo","Agents","Active","medium-high (filename/path keyword match, content not read)","",""
205,"demo-scripts.md","current-repo","Agents","Active","medium-high (filename/path keyword match, content not read)","",""
206,"objection-library.md","current-repo","Agents","Active","medium-high (filename/path keyword match, content not read)","",""
207,"one-pager-templates.md","current-repo","Agents","Active","medium-high (filename/path keyword match, content not read)","",""
208,"SKILL.md","current-repo","Agents","Active","medium-high (filename/path keyword match, content not read)","",""
209,"evals.json","current-repo","Agents","Active","medium-high (filename/path keyword match, content not read)","",""
210,"schema-examples.md","current-repo","Agents","Active","medium-high (filename/path keyword match, content not read)","",""
211,"SKILL.md","current-repo","Agents","Active","medium-high (filename/path keyword match, content not read)","",""
212,"evals.json","current-repo","Agents;SEO;Documentation","Active","medium-high (filename/path keyword match, content not read)","",""
213,"ai-writing-detection.md","current-repo","AI;Agents;SEO;Documentation","Active","medium-high (filename/path keyword match, content not read)","",""
214,"international-seo.md","current-repo","Agents;SEO;Documentation","Active","medium-high (filename/path keyword match, content not read)","",""
215,"SKILL.md","current-repo","Agents;SEO;Documentation","Active","medium-high (filename/path keyword match, content not read)","",""
216,"evals.json","current-repo","Agents","Active","medium-high (filename/path keyword match, content not read)","",""
217,"SKILL.md","current-repo","Agents","Active","medium-high (filename/path keyword match, content not read)","",""
218,"evals.json","current-repo","Architecture;Agents","Active","medium-high (filename/path keyword match, content not read)","",""
219,"mermaid-templates.md","current-repo","Architecture;Agents","Active","medium-high (filename/path keyword match, content not read)","",""
220,"navigation-patterns.md","current-repo","Architecture;Agents","Active","medium-high (filename/path keyword match, content not read)","",""
221,"site-type-templates.md","current-repo","Architecture;Agents","Active","medium-high (filename/path keyword match, content not read)","",""
222,"SKILL.md","current-repo","Architecture;Agents","Active","medium-high (filename/path keyword match, content not read)","",""
223,"evals.json","current-repo","Agents","Active","medium-high (filename/path keyword match, content not read)","",""
224,"compliance.md","current-repo","Agents;Compliance","Active","medium-high (filename/path keyword match, content not read)","",""
225,"platforms.md","current-repo","Agents","Active","medium-high (filename/path keyword match, content not read)","",""
226,"sequence-templates.md","current-repo","Agents","Active","medium-high (filename/path keyword match, content not read)","",""
227,"SKILL.md","current-repo","Agents","Active","medium-high (filename/path keyword match, content not read)","",""
228,"evals.json","current-repo","Agents","Active","medium-high (filename/path keyword match, content not read)","",""
229,"listening-sources-template.md","current-repo","Agents","Active","medium-high (filename/path keyword match, content not read)","",""
230,"listening.md","current-repo","Agents","Active","medium-high (filename/path keyword match, content not read)","",""
231,"platform-limits.md","current-repo","Agents","Active","medium-high (filename/path keyword match, content not read)","",""
232,"platforms.md","current-repo","Agents","Active","medium-high (filename/path keyword match, content not read)","",""
233,"post-templates.md","current-repo","Agents","Active","medium-high (filename/path keyword match, content not read)","",""
234,"reverse-engineering.md","current-repo","Agents","Active","medium-high (filename/path keyword match, content not read)","",""
235,"short-form-video.md","current-repo","Agents","Active","medium-high (filename/path keyword match, content not read)","",""
236,"SKILL.md","current-repo","Agents","Active","medium-high (filename/path keyword match, content not read)","",""
237,"evals.json","current-repo","Agents","Active","medium-high (filename/path keyword match, content not read)","",""
238,"ai-video-prompting.md","current-repo","AI;Prompt Engineering;Agents","Active","medium-high (filename/path keyword match, content not read)","",""
239,"SKILL.md","current-repo","Agents","Active","medium-high (filename/path keyword match, content not read)","",""
240,".aider.chat.history.md","current-repo","Conversation Archive","Active","medium-high (filename/path keyword match, content not read)","",""
241,"MEMORY.md","current-repo","Agents","Active","medium-high (filename/path keyword match, content not read)","",""
242,"bell24h-debugger.md","current-repo","Agents","Active","medium-high (filename/path keyword match, content not read)","",""
243,"vyaparsethu-studio.md","current-repo","Unknown","Active","low","",""
244,"settings.local.json","current-repo","Unknown","Active","low","",""
245,"evals.json","current-repo","Testing;QA","Active","medium-high (filename/path keyword match, content not read)","",""
246,"sample-size-guide.md","current-repo","Testing;QA;Documentation","Active","medium-high (filename/path keyword match, content not read)","",""
247,"test-templates.md","current-repo","Testing;QA","Active","medium-high (filename/path keyword match, content not read)","",""
248,"SKILL.md","current-repo","Testing;QA","Active","medium-high (filename/path keyword match, content not read)","",""
249,"evals.json","current-repo","Unknown","Active","low","",""
250,"generative-tools.md","current-repo","Unknown","Active","low","",""
251,"platform-specs.md","current-repo","Unknown","Active","low","",""
252,"SKILL.md","current-repo","Unknown","Active","low","",""
253,"evals.json","current-repo","Unknown","Active","low","",""
254,"ad-copy-templates.md","current-repo","Unknown","Active","low","",""
255,"audience-targeting.md","current-repo","Unknown","Active","low","",""
256,"conversion-tracking.md","current-repo","Unknown","Active","low","",""
257,"platform-setup-checklists.md","current-repo","Documentation","Active","medium-high (filename/path keyword match, content not read)","",""
258,"SKILL.md","current-repo","Unknown","Active","low","",""
259,"evals.json","current-repo","AI;SEO","Active","medium-high (filename/path keyword match, content not read)","",""
260,"content-patterns.md","current-repo","AI;SEO","Active","medium-high (filename/path keyword match, content not read)","",""
261,"content-types.md","current-repo","AI;SEO","Active","medium-high (filename/path keyword match, content not read)","",""
262,"okf.md","current-repo","AI;SEO","Active","medium-high (filename/path keyword match, content not read)","",""
263,"platform-ranking-factors.md","current-repo","AI;SEO","Active","medium-high (filename/path keyword match, content not read)","",""
264,"SKILL.md","current-repo","AI;SEO","Active","medium-high (filename/path keyword match, content not read)","",""
265,"evals.json","current-repo","Analytics","Active","medium-high (filename/path keyword match, content not read)","",""
266,"event-library.md","current-repo","Analytics","Active","medium-high (filename/path keyword match, content not read)","",""
267,"ga4-implementation.md","current-repo","Analytics","Active","medium-high (filename/path keyword match, content not read)","",""
268,"gtm-implementation.md","current-repo","Analytics","Active","medium-high (filename/path keyword match, content not read)","",""
269,"SKILL.md","current-repo","Analytics","Active","medium-high (filename/path keyword match, content not read)","",""
270,"evals.json","current-repo","Unknown","Active","low","",""
271,"apple-specs.md","current-repo","Unknown","Active","low","",""
272,"benchmarks.md","current-repo","Unknown","Active","low","",""
273,"google-play-specs.md","current-repo","Unknown","Active","low","",""
274,"report-template.md","current-repo","Unknown","Active","low","",""
275,"scoring-criteria.md","current-repo","Unknown","Active","low","",""
276,"SKILL.md","current-repo","Unknown","Active","low","",""
277,"evals.json","current-repo","Unknown","Active","low","",""
278,"cancel-flow-patterns.md","current-repo","Unknown","Active","low","",""
279,"dunning-playbook.md","current-repo","Unknown","Active","low","",""
280,"SKILL.md","current-repo","Unknown","Active","low","",""
281,"evals.json","current-repo","Marketing","Active","medium-high (filename/path keyword match, content not read)","",""
282,"SKILL.md","current-repo","Marketing","Active","medium-high (filename/path keyword match, content not read)","",""
283,"evals.json","current-repo","Unknown","Active","low","",""
284,"benchmarks.md","current-repo","Unknown","Active","low","",""
285,"follow-up-sequences.md","current-repo","Unknown","Active","low","",""
286,"frameworks.md","current-repo","Unknown","Active","low","",""
287,"personalization.md","current-repo","Unknown","Active","low","",""
288,"subject-lines.md","current-repo","Unknown","Active","low","",""
289,"SKILL.md","current-repo","Unknown","Active","low","",""
290,"evals.json","current-repo","Marketing","Active","medium-high (filename/path keyword match, content not read)","",""
291,"SKILL.md","current-repo","Marketing","Active","medium-high (filename/path keyword match, content not read)","",""
292,"evals.json","current-repo","Unknown","Active","low","",""
293,"templates.md","current-repo","Unknown","Active","low","",""
294,"tool-reference.md","current-repo","Unknown","Active","low","",""
295,"SKILL.md","current-repo","Unknown","Active","low","",""
296,"evals.json","current-repo","Unknown","Active","low","",""
297,"content-architecture.md","current-repo","Architecture","Active","medium-high (filename/path keyword match, content not read)","",""
298,"templates.md","current-repo","Unknown","Active","low","",""
299,"SKILL.md","current-repo","Unknown","Active","low","",""
300,"evals.json","current-repo","Unknown","Active","low","",""
301,"headless-cms.md","current-repo","Unknown","Active","low","",""
302,"SKILL.md","current-repo","Unknown","Active","low","",""
303,"evals.json","current-repo","Unknown","Active","low","",""
304,"checklist.md","current-repo","Documentation","Active","medium-high (filename/path keyword match, content not read)","",""
305,"content-refresh.md","current-repo","Unknown","Active","low","",""
306,"plain-english-alternatives.md","current-repo","Unknown","Active","low","",""
307,"SKILL.md","current-repo","Unknown","Active","low","",""
308,"evals.json","current-repo","Unknown","Active","low","",""
309,"copy-frameworks.md","current-repo","Unknown","Active","low","",""
310,"natural-transitions.md","current-repo","Unknown","Active","low","",""
311,"SKILL.md","current-repo","Unknown","Active","low","",""
312,"evals.json","current-repo","Unknown","Active","low","",""
313,"experiments.md","current-repo","Unknown","Active","low","",""
314,"form.md","current-repo","Unknown","Active","low","",""
315,"SKILL.md","current-repo","Unknown","Active","low","",""
316,"evals.json","current-repo","Research","Active","medium-high (filename/path keyword match, content not read)","",""
317,"source-guides.md","current-repo","Research;Documentation","Active","medium-high (filename/path keyword match, content not read)","",""
318,"SKILL.md","current-repo","Research","Active","medium-high (filename/path keyword match, content not read)","",""
319,"evals.json","current-repo","Unknown","Active","low","",""
320,"directory-list.md","current-repo","Unknown","Active","low","",""
321,"positioning-variations.md","current-repo","Unknown","Active","low","",""
322,"submission-tracker-template.csv","current-repo","Unknown","Active","low","",""
323,"SKILL.md","current-repo","Unknown","Active","low","",""
324,"evals.json","current-repo","Unknown","Active","low","",""
325,"copy-guidelines.md","current-repo","Documentation","Active","medium-high (filename/path keyword match, content not read)","",""
326,"email-types.md","current-repo","Unknown","Active","low","",""
327,"sequence-templates.md","current-repo","Unknown","Active","low","",""
328,"SKILL.md","current-repo","Unknown","Active","low","",""
329,"evals.json","current-repo","Unknown","Active","low","",""
330,"tool-types.md","current-repo","Unknown","Active","low","",""
331,"SKILL.md","current-repo","Unknown","Active","low","",""
332,"evals.json","current-repo","Unknown","Active","low","",""
333,"ai-image-prompting.md","current-repo","AI;Prompt Engineering","Active","medium-high (filename/path keyword match, content not read)","",""
334,"SKILL.md","current-repo","Unknown","Active","low","",""
335,"evals.json","current-repo","Unknown","Active","low","",""
336,"SKILL.md","current-repo","Unknown","Active","low","",""
337,"evals.json","current-repo","Unknown","Active","low","",""
338,"benchmarks.md","current-repo","Unknown","Active","low","",""
339,"format-guide.md","current-repo","Documentation","Active","medium-high (filename/path keyword match, content not read)","",""
340,"SKILL.md","current-repo","Unknown","Active","low","",""
341,"evals.json","current-repo","Marketing","Active","medium-high (filename/path keyword match, content not read)","",""
342,"ideas-by-category.md","current-repo","Marketing","Active","medium-high (filename/path keyword match, content not read)","",""
343,"SKILL.md","current-repo","Marketing","Active","medium-high (filename/path keyword match, content not read)","",""
344,"evals.json","current-repo","Marketing","Active","medium-high (filename/path keyword match, content not read)","",""
345,"aarrr-framework.md","current-repo","Marketing","Active","medium-high (filename/path keyword match, content not read)","",""
346,"budget-planning.md","current-repo","Marketing","Active","medium-high (filename/path keyword match, content not read)","",""
347,"client-types.md","current-repo","Marketing","Active","medium-high (filename/path keyword match, content not read)","",""
348,"current-state-rubric.md","current-repo","Marketing","Active","medium-high (filename/path keyword match, content not read)","",""
349,"example-quietude.md","current-repo","Marketing","Active","medium-high (filename/path keyword match, content not read)","",""
350,"funding-stage-unlocks.md","current-repo","Marketing","Active","medium-high (filename/path keyword match, content not read)","",""
351,"growth-patterns.md","current-repo","Marketing","Active","medium-high (filename/path keyword match, content not read)","",""
352,"idea-cross-reference.md","current-repo","Marketing","Active","medium-high (filename/path keyword match, content not read)","",""
353,"measurement-framework.md","current-repo","Marketing","Active","medium-high (filename/path keyword match, content not read)","",""
354,"methodology.md","current-repo","Marketing","Active","medium-high (filename/path keyword match, content not read)","",""
355,"ops-stack-mapping.md","current-repo","Marketing","Active","medium-high (filename/path keyword match, content not read)","",""
356,"plan-template.md","current-repo","Marketing","Active","medium-high (filename/path keyword match, content not read)","",""
357,"team-and-agency-model.md","current-repo","Marketing","Active","medium-high (filename/path keyword match, content not read)","",""
358,"SKILL.md","current-repo","Marketing","Active","medium-high (filename/path keyword match, content not read)","",""
359,"evals.json","current-repo","Marketing","Active","medium-high (filename/path keyword match, content not read)","",""
360,"SKILL.md","current-repo","Marketing","Active","medium-high (filename/path keyword match, content not read)","",""
361,"evals.json","current-repo","Unknown","Active","low","",""
362,"experiments.md","current-repo","Unknown","Active","low","",""
363,"SKILL.md","current-repo","Unknown","Active","low","",""
364,"evals.json","current-repo","Unknown","Active","low","",""
365,"experiments.md","current-repo","Unknown","Active","low","",""
366,"SKILL.md","current-repo","Unknown","Active","low","",""
367,"evals.json","current-repo","Unknown","Active","low","",""
368,"SKILL.md","current-repo","Unknown","Active","low","",""
369,"evals.json","current-repo","Unknown","Active","low","",""
370,"research-methods.md","current-repo","Research","Active","medium-high (filename/path keyword match, content not read)","",""
371,"tier-structure.md","current-repo","Unknown","Active","low","",""
372,"SKILL.md","current-repo","Unknown","Active","low","",""
373,"evals.json","current-repo","Marketing","Active","medium-high (filename/path keyword match, content not read)","",""
374,"SKILL.md","current-repo","Marketing","Active","medium-high (filename/path keyword match, content not read)","",""
375,"evals.json","current-repo","SEO","Active","medium-high (filename/path keyword match, content not read)","",""
376,"playbooks.md","current-repo","SEO","Active","medium-high (filename/path keyword match, content not read)","",""
377,"SKILL.md","current-repo","SEO","Active","medium-high (filename/path keyword match, content not read)","",""
378,"evals.json","current-repo","Unknown","Active","low","",""
379,"b2b-prospecting.md","current-repo","Unknown","Active","low","",""
380,"compliance.md","current-repo","Compliance","Active","medium-high (filename/path keyword match, content not read)","",""
381,"data-sources.md","current-repo","Unknown","Active","low","",""
382,"local-prospecting.md","current-repo","Unknown","Active","low","",""
383,"saas-prospecting.md","current-repo","Unknown","Active","low","",""
384,"SKILL.md","current-repo","Unknown","Active","low","",""
385,"journalist-pitching.md","current-repo","Unknown","Active","low","",""
386,"media-outlets.md","current-repo","Unknown","Active","low","",""
387,"newsjacking.md","current-repo","Unknown","Active","low","",""
388,"press-platforms.md","current-repo","Unknown","Active","low","",""
389,"SKILL.md","current-repo","Unknown","Active","low","",""
390,"evals.json","current-repo","Unknown","Active","low","",""
391,"affiliate-programs.md","current-repo","Unknown","Active","low","",""
392,"program-examples.md","current-repo","Unknown","Active","low","",""
393,"SKILL.md","current-repo","Unknown","Active","low","",""
394,"evals.json","current-repo","Unknown","Active","low","",""
395,"automation-playbooks.md","current-repo","Automation","Active","medium-high (filename/path keyword match, content not read)","",""
396,"lifecycle-definitions.md","current-repo","Unknown","Active","low","",""
397,"routing-rules.md","current-repo","Unknown","Active","low","",""
398,"scoring-models.md","current-repo","Unknown","Active","low","",""
399,"SKILL.md","current-repo","Unknown","Active","low","",""
400,"evals.json","current-repo","Unknown","Active","low","",""
401,"deck-frameworks.md","current-repo","Unknown","Active","low","",""
402,"demo-scripts.md","current-repo","Unknown","Active","low","",""
403,"objection-library.md","current-repo","Unknown","Active","low","",""
404,"one-pager-templates.md","current-repo","Unknown","Active","low","",""
405,"SKILL.md","current-repo","Unknown","Active","low","",""
406,"evals.json","current-repo","Unknown","Active","low","",""
407,"schema-examples.md","current-repo","Unknown","Active","low","",""
408,"SKILL.md","current-repo","Unknown","Active","low","",""
409,"evals.json","current-repo","SEO;Documentation","Active","medium-high (filename/path keyword match, content not read)","",""
410,"ai-writing-detection.md","current-repo","AI;SEO;Documentation","Active","medium-high (filename/path keyword match, content not read)","",""
411,"international-seo.md","current-repo","SEO;Documentation","Active","medium-high (filename/path keyword match, content not read)","",""
412,"SKILL.md","current-repo","SEO;Documentation","Active","medium-high (filename/path keyword match, content not read)","",""
413,"evals.json","current-repo","Unknown","Active","low","",""
414,"SKILL.md","current-repo","Unknown","Active","low","",""
415,"evals.json","current-repo","Architecture","Active","medium-high (filename/path keyword match, content not read)","",""
416,"mermaid-templates.md","current-repo","Architecture","Active","medium-high (filename/path keyword match, content not read)","",""
417,"navigation-patterns.md","current-repo","Architecture","Active","medium-high (filename/path keyword match, content not read)","",""
418,"site-type-templates.md","current-repo","Architecture","Active","medium-high (filename/path keyword match, content not read)","",""
419,"SKILL.md","current-repo","Architecture","Active","medium-high (filename/path keyword match, content not read)","",""
420,"evals.json","current-repo","Unknown","Active","low","",""
421,"compliance.md","current-repo","Compliance","Active","medium-high (filename/path keyword match, content not read)","",""
422,"platforms.md","current-repo","Unknown","Active","low","",""
423,"sequence-templates.md","current-repo","Unknown","Active","low","",""
424,"SKILL.md","current-repo","Unknown","Active","low","",""
425,"evals.json","current-repo","Unknown","Active","low","",""
426,"listening-sources-template.md","current-repo","Unknown","Active","low","",""
427,"listening.md","current-repo","Unknown","Active","low","",""
428,"platform-limits.md","current-repo","Unknown","Active","low","",""
429,"platforms.md","current-repo","Unknown","Active","low","",""
430,"post-templates.md","current-repo","Unknown","Active","low","",""
431,"reverse-engineering.md","current-repo","Unknown","Active","low","",""
432,"short-form-video.md","current-repo","Unknown","Active","low","",""
433,"SKILL.md","current-repo","Unknown","Active","low","",""
434,"evals.json","current-repo","Unknown","Active","low","",""
435,"ai-video-prompting.md","current-repo","AI;Prompt Engineering","Active","medium-high (filename/path keyword match, content not read)","",""
436,"SKILL.md","current-repo","Unknown","Active","low","",""
437,"new-config-1.yaml","current-repo","Agents","Active","medium-high (filename/path keyword match, content not read)","",""
438,"new-config.yaml","current-repo","Agents","Active","medium-high (filename/path keyword match, content not read)","",""
439,"new-mcp-server.yaml","current-repo","Unknown","Active","low","",""
440,"new-mcpServer.yaml","current-repo","Unknown","Active","low","",""
441,"new-model.yaml","current-repo","Unknown","Active","low","",""
442,"Dockerfile","current-repo","Infrastructure;DevOps","Active","medium-high (filename/path keyword match, content not read)","",""
443,"environment.json","current-repo","Unknown","Active","low","",""
444,"mcp.json","current-repo","Unknown","Active","low","",""
445,"settings.json","current-repo","Unknown","Active","low","",""
446,".env","current-repo","Unknown","Active","low","",""
447,".env.development.backup","current-repo","Unknown","Active","low","",""
448,".env.development.disabled","current-repo","Unknown","Active","low","",""
449,".env.example","current-repo","Unknown","Active","low","",""
450,".env.local","current-repo","Unknown","Active","low","",""
451,".env.local.backup.1756839874707","current-repo","Unknown","Active","low","",""
452,".env.local.backup.1756844683945","current-repo","Unknown","Active","low","",""
453,".env.local.example","current-repo","Unknown","Active","low","",""
454,".env.local.txt","current-repo","Unknown","Active","low","",""
455,".env.neon","current-repo","Unknown","Active","low","",""
456,".env.neon.example","current-repo","Unknown","Active","low","",""
457,".env.production","current-repo","Unknown","Active","low","",""
458,".env.production.example","current-repo","Unknown","Active","low","",""
459,".env.production.protected-backup","current-repo","Unknown","Active","low","",""
460,".env.production.template","current-repo","Unknown","Active","low","",""
461,".env.staging","current-repo","Unknown","Active","low","",""
462,".env.template","current-repo","Unknown","Active","low","",""
463,".env.test","current-repo","Testing;QA","Active","medium-high (filename/path keyword match, content not read)","",""
464,".env.windsurf","current-repo","Unknown","Active","low","",""
465,".eslintrc.json","current-repo","Unknown","Active","low","",""
466,"ci.yml","current-repo","DevOps;Automation","Active","medium-high (filename/path keyword match, content not read)","",""
467,"cypress.yml","current-repo","DevOps;Automation;Testing;QA","Active","medium-high (filename/path keyword match, content not read)","",""
468,"daily-cron.yml","current-repo","DevOps;Automation","Active","medium-high (filename/path keyword match, content not read)","",""
469,"deploy.yml","current-repo","Deployment;Infrastructure;DevOps;Automation","Active","medium-high (filename/path keyword match, content not read)","",""
470,"manual-job.yml","current-repo","DevOps;Automation","Active","medium-high (filename/path keyword match, content not read)","",""
471,"pages.yml","current-repo","DevOps;Automation","Active","medium-high (filename/path keyword match, content not read)","",""
472,"weekly-cron.yml","current-repo","DevOps;Automation","Active","medium-high (filename/path keyword match, content not read)","",""
473,"husky.sh","current-repo","Unknown","Active","low","",""
474,"project.json","current-repo","Unknown","Active","low","",""
475,"data.md","current-repo","Agents","Active","medium-high (filename/path keyword match, content not read)","",""
476,"package-lock.json","current-repo","Unknown","Active","low","",""
477,"package.json","current-repo","Unknown","Active","low","",""
478,"package-lock.json","current-repo","Unknown","Active","low","",""
479,"package.json","current-repo","Unknown","Active","low","",""
480,".mcp.json","current-repo","Unknown","Active","low","",""
481,"manifest.json","current-repo","Infrastructure;Deployment","Active","medium-high (filename/path keyword match, content not read)","",""
482,"manifest.json","current-repo","Infrastructure;Deployment","Active","medium-high (filename/path keyword match, content not read)","",""
483,"edge-functions-import-map.json","current-repo","Infrastructure;Deployment","Active","medium-high (filename/path keyword match, content not read)","",""
484,"manifest.json","current-repo","Infrastructure;Deployment","Active","medium-high (filename/path keyword match, content not read)","",""
485,".env.local","current-repo","Infrastructure;Deployment","Active","medium-high (filename/path keyword match, content not read)","",""
486,".env.production","current-repo","Infrastructure;Deployment","Active","medium-high (filename/path keyword match, content not read)","",""
487,"package.json","current-repo","Infrastructure;Deployment","Active","medium-high (filename/path keyword match, content not read)","",""
488,"package.json","current-repo","Infrastructure;Deployment","Active","medium-high (filename/path keyword match, content not read)","",""
489,"run-config.json","current-repo","Infrastructure;Deployment","Active","medium-high (filename/path keyword match, content not read)","",""
490,"___netlify-server-handler.json","current-repo","Infrastructure;Deployment","Active","medium-high (filename/path keyword match, content not read)","",""
491,"netlify.toml","current-repo","Infrastructure;Deployment","Active","medium-high (filename/path keyword match, content not read)","",""
492,"package-lock.json","current-repo","Infrastructure;Deployment","Active","medium-high (filename/path keyword match, content not read)","",""
493,"package.json","current-repo","Infrastructure;Deployment","Active","medium-high (filename/path keyword match, content not read)","",""
494,"state.json","current-repo","Infrastructure;Deployment","Active","medium-high (filename/path keyword match, content not read)","",""
495,"common.json","current-repo","Infrastructure;Deployment","Active","medium-high (filename/path keyword match, content not read)","",""
496,"temple-bell.mp3.txt","current-repo","Infrastructure;Deployment","Active","medium-high (filename/path keyword match, content not read)","",""
497,".protected-files-checksums.json","current-repo","Unknown","Active","low","",""
498,"Complete RFQ Routes, Prisma Baseline, and Deploy.md","current-repo","Database;Deployment;Infrastructure;RFQ","Active","medium-high (filename/path keyword match, content not read)","",""
499,"Server Verification And n8n 502 Fix Over SSH.md","current-repo","Automation;n8n","Active","medium-high (filename/path keyword match, content not read)","",""
500,"project.json","current-repo","Infrastructure;Deployment","Active","medium-high (filename/path keyword match, content not read)","",""
501,"README.txt","current-repo","Infrastructure;Deployment;Documentation","Active","medium-high (filename/path keyword match, content not read)","",""
502,".vercel-env-vars.txt","current-repo","Infrastructure;Deployment","Active","medium-high (filename/path keyword match, content not read)","",""
503,"keybindings.json","current-repo","Unknown","Active","low","",""
504,"settings.json","current-repo","Unknown","Active","low","",""
505,"snippets.json","current-repo","Unknown","Active","low","",""
506,"tasks.json","current-repo","Unknown","Active","low","",""
507,".webthinkerrc.json","current-repo","Unknown","Active","low","",""
508,"ADD-DNS-A-RECORDS.md","current-repo","Infrastructure;DevOps","Active","medium-high (filename/path keyword match, content not read)","",""
509,"ADMIN-PANEL-COMPREHENSIVE-AUDIT.md","current-repo","Documentation","Active","medium-high (filename/path keyword match, content not read)","",""
510,"Aggressive-Git-Cleanup.ps1","current-repo","Unknown","Active","low","",""
511,"AI-ACTIVATION-STATUS.md","current-repo","AI","Active","medium-high (filename/path keyword match, content not read)","",""
512,"docker-compose.yml","current-repo","Infrastructure;DevOps;AI","Active","medium-high (filename/path keyword match, content not read)","",""
513,"Dockerfile","current-repo","Infrastructure;DevOps;AI","Active","medium-high (filename/path keyword match, content not read)","",""
514,"main.py","current-repo","AI","Active","medium-high (filename/path keyword match, content not read)","",""
515,"monitoring.py","current-repo","AI","Active","medium-high (filename/path keyword match, content not read)","",""
516,"requirements.txt","current-repo","AI","Active","medium-high (filename/path keyword match, content not read)","",""
517,"AI-FEATURES-COMPLETE-STATUS.md","current-repo","AI","Active","medium-high (filename/path keyword match, content not read)","",""
518,"AI-INTEGRATION-COMPLETE.md","current-repo","AI","Active","medium-high (filename/path keyword match, content not read)","",""
519,"AI_INTEGRATION_GUIDE.md","current-repo","AI;Documentation","Active","medium-high (filename/path keyword match, content not read)","",""
520,"ALL-API-ROUTES-SUMMARY.md","current-repo","API","Active","medium-high (filename/path keyword match, content not read)","",""
521,"API-AI-FEATURES-VERIFICATION.md","current-repo","API;AI","Active","medium-high (filename/path keyword match, content not read)","",""
522,"api-spec.yaml","current-repo","API","Active","medium-high (filename/path keyword match, content not read)","",""
523,"package.json","current-repo","Unknown","Active","low","",""
524,"ARCHITECTURE.md","current-repo","Architecture","Active","medium-high (filename/path keyword match, content not read)","",""
525,"audit-report-2025-09-02.json","current-repo","Documentation","Active","medium-high (filename/path keyword match, content not read)","",""
526,"404-scan-20250801_022036.txt","current-repo","Documentation","Active","medium-high (filename/path keyword match, content not read)","",""
527,"auto-deploy-everything.ps1","current-repo","Deployment;Infrastructure","Active","medium-high (filename/path keyword match, content not read)","",""
528,"AUTO-DEPLOY-NOW.ps1","current-repo","Deployment;Infrastructure","Active","medium-high (filename/path keyword match, content not read)","",""
529,"AUTO-DEPLOY-SUMMARY.md","current-repo","Deployment;Infrastructure","Active","medium-high (filename/path keyword match, content not read)","",""
530,"auto-execution-config.json","current-repo","Unknown","Active","low","",""
531,"auto-fix-502-and-deploy.sh","current-repo","Deployment;Infrastructure","Active","medium-high (filename/path keyword match, content not read)","",""
532,"AUTO-VERIFY-SITE.ps1","current-repo","Unknown","Active","low","",""
533,"automated-deployment-verification.ps1","current-repo","Deployment;Infrastructure","Active","medium-high (filename/path keyword match, content not read)","",""
534,"AUTO_DEPLOY_FINAL.cjs","current-repo","Deployment;Infrastructure","Active","medium-high (filename/path keyword match, content not read)","",""
535,"engine.py","current-repo","Testing;QA","Active","medium-high (filename/path keyword match, content not read)","",""
536,"engine_prisma.py","current-repo","Database;Testing;QA","Active","medium-high (filename/path keyword match, content not read)","",""
537,"__init__.py","current-repo","Testing;QA","Active","medium-high (filename/path keyword match, content not read)","",""
538,"ab_test.py","current-repo","API;Testing;QA","Active","medium-high (filename/path keyword match, content not read)","",""
539,"tasks.py","current-repo","API","Active","medium-high (filename/path keyword match, content not read)","",""
540,"__init__.py","current-repo","API","Active","medium-high (filename/path keyword match, content not read)","",""
541,"ai.py","current-repo","API","Active","medium-high (filename/path keyword match, content not read)","",""
542,"__init__.py","current-repo","API","Active","medium-high (filename/path keyword match, content not read)","",""
543,"__init__.py","current-repo","API","Active","medium-high (filename/path keyword match, content not read)","",""
544,"prioritizer.py","current-repo","Unknown","Active","low","",""
545,"__init__.py","current-repo","Unknown","Active","low","",""
546,"verify.py","current-repo","Unknown","Active","low","",""
547,"postgres.py","current-repo","Unknown","Active","low","",""
548,"scaling.py","current-repo","Unknown","Active","low","",""
549,"__init__.py","current-repo","Unknown","Active","low","",""
550,"conversion_dashboard.py","current-repo","Unknown","Active","low","",""
551,"__init__.py","current-repo","Unknown","Active","low","",""
552,"protocol.py","current-repo","Documentation","Active","medium-high (filename/path keyword match, content not read)","",""
553,"__init__.py","current-repo","Documentation","Active","medium-high (filename/path keyword match, content not read)","",""
554,"ai_services.py","current-repo","AI","Active","medium-high (filename/path keyword match, content not read)","",""
555,"__init__.py","current-repo","Unknown","Active","low","",""
556,"enhancement_queue.py","current-repo","Unknown","Active","low","",""
557,"__init__.py","current-repo","Unknown","Active","low","",""
558,"__init__.py","current-repo","Unknown","Active","low","",""
559,"deploy.sh","current-repo","Deployment;Infrastructure","Active","medium-high (filename/path keyword match, content not read)","",""
560,"DEPLOYMENT.md","current-repo","Deployment;Infrastructure","Active","medium-high (filename/path keyword match, content not read)","",""
561,"dev_server.py","current-repo","Unknown","Active","low","",""
562,"docker-compose.yml","current-repo","Infrastructure;DevOps","Active","medium-high (filename/path keyword match, content not read)","",""
563,"Dockerfile","current-repo","Infrastructure;DevOps","Active","medium-high (filename/path keyword match, content not read)","",""
564,"N8N_WORKFLOW_SETUP.md","current-repo","Automation;n8n;Documentation","Active","medium-high (filename/path keyword match, content not read)","",""
565,"README.md","current-repo","Automation;n8n;Documentation","Active","medium-high (filename/path keyword match, content not read)","",""
566,"test-workflows.sh","current-repo","Automation;n8n;Testing;QA","Active","medium-high (filename/path keyword match, content not read)","",""
567,"invite-companies-claim.json","current-repo","Automation;n8n","Active","medium-high (filename/path keyword match, content not read)","",""
568,"marketing-automation.json","current-repo","Automation;n8n;Marketing","Active","medium-high (filename/path keyword match, content not read)","",""
569,"rfq-ai-matching.json","current-repo","AI;Automation;n8n;RFQ","Active","medium-high (filename/path keyword match, content not read)","",""
570,"PRODUCTION_CHECKLIST.md","current-repo","Documentation","Active","medium-high (filename/path keyword match, content not read)","",""
571,"README.md","current-repo","Documentation","Active","medium-high (filename/path keyword match, content not read)","",""
572,"requirements.txt","current-repo","Unknown","Active","low","",""
573,"clean_fake_data.py","current-repo","Unknown","Active","low","",""
574,"README_POST_AUDIT.md","current-repo","Documentation","Active","medium-high (filename/path keyword match, content not read)","",""
575,"run_post_audit_protocol.py","current-repo","Documentation","Active","medium-high (filename/path keyword match, content not read)","",""
576,"train_sample_rfq_model.py","current-repo","Unknown","Active","low","",""
577,"test_ai_explain.py","current-repo","AI;Testing;QA","Active","medium-high (filename/path keyword match, content not read)","",""
578,"test_ai_service.py","current-repo","AI;Testing;QA","Active","medium-high (filename/path keyword match, content not read)","",""
579,"backup-critical-files.cjs","current-repo","Unknown","Active","low","",""
580,"BELL24h Bootstrap Risk Audit & Mitigation Report.pdf","current-repo","Documentation","Active","medium-high (filename/path keyword match, content not read)","",""
581,"BELL24H-ACCOUNT-AND-DNS-REFERENCE.md","current-repo","Infrastructure;DevOps","Active","medium-high (filename/path keyword match, content not read)","",""
582,"BELL24H-COMPREHENSIVE-AUDIT-REPORT.md","current-repo","Documentation","Active","medium-high (filename/path keyword match, content not read)","",""
583,"BELL24H-DOCUMENTATION-ENHANCEMENT-AUDIT.md","current-repo","Documentation","Active","medium-high (filename/path keyword match, content not read)","",""
584,".env.local","current-repo","Unknown","Active","low","",""
585,"bell24h_audit.txt","current-repo","Documentation","Active","medium-high (filename/path keyword match, content not read)","",""
586,"bell24h_audit_20250726_123214.txt","current-repo","Documentation","Active","medium-high (filename/path keyword match, content not read)","",""
587,"BELL24H_BLOCKCHAIN_DEPLOYMENT_GUIDE.md","current-repo","Deployment;Infrastructure;Documentation;Architecture;AI","Active","medium-high (filename/path keyword match, content not read)","",""
588,"BELL24H_BLOCKCHAIN_IMPLEMENTATION_COMPLETE.md","current-repo","Implementation Plan;Architecture;AI","Active","medium-high (filename/path keyword match, content not read)","",""
589,"BELL24H_BLOCKCHAIN_IMPLEMENTATION_PLAN.md","current-repo","Implementation Plan;Architecture;AI","Active","medium-high (filename/path keyword match, content not read)","",""
590,"BELL24H_COMPREHENSIVE_AUDIT.md","current-repo","Documentation","Active","medium-high (filename/path keyword match, content not read)","",""
591,"BELL24H_COMPREHENSIVE_AUDIT_REPORT.md","current-repo","Documentation","Active","medium-high (filename/path keyword match, content not read)","",""
592,"BELL24H_CURRENT_STATUS.md","current-repo","Unknown","Active","low","",""
593,"BELL24H_DEPLOYMENT_SUCCESS_SUMMARY.md","current-repo","Deployment;Infrastructure","Active","medium-high (filename/path keyword match, content not read)","",""
594,"BELL24H_EMPIRE_100_PERCENT_COMPLETE.md","current-repo","Unknown","Active","low","",""
595,"BELL24H_FEATURES_COMPLETION_TABLE.md","current-repo","Feature Specification","Active","medium-high (filename/path keyword match, content not read)","",""
596,"BELL24H_LAUNCH_READY_COMPLETE.md","current-repo","Unknown","Active","low","",""
597,"BELL24H_MARKETING_CAMPAIGN_LAUNCH.md","current-repo","Marketing","Active","medium-high (filename/path keyword match, content not read)","",""
598,"BELL24H_PLANNED_VS_IMPLEMENTED_FEATURES.md","current-repo","Feature Specification","Active","medium-high (filename/path keyword match, content not read)","",""
599,"BELL24H_PROJECT_ARCHITECTURE_AUDIT_REPORT.md","current-repo","Architecture;Documentation","Active","medium-high (filename/path keyword match, content not read)","",""
600,"BLOCK1-AUDIT-COMPLETE.md","current-repo","Documentation","Active","medium-high (filename/path keyword match, content not read)","",""
601,"BLOCK1-STATUS-REPORT.md","current-repo","Unknown","Active","low","",""
602,"BLOCK2-PROGRESS.md","current-repo","Unknown","Active","low","",""
603,"BRANDING-NAVIGATION-AUDIT-REPORT.md","current-repo","Branding;Documentation","Active","medium-high (filename/path keyword match, content not read)","",""
604,"BRUTAL_FIX_SETUP.md","current-repo","Documentation","Active","medium-high (filename/path keyword match, content not read)","",""
605,"build_spec.yaml","current-repo","Unknown","Active","low","",""
606,"BUILD_STABILIZATION_TODO.md","current-repo","Unknown","Active","low","",""
607,"CATEGORIES_SOLUTION.md","current-repo","Unknown","Active","low","",""
608,"CHECK-BUILD-ON-VM.md","current-repo","Unknown","Active","low","",""
609,"check-build-via-ssh.ps1","current-repo","Unknown","Active","low","",""
610,"CHECK-DOCKER-BUILD-PROGRESS.sh","current-repo","Infrastructure;DevOps","Active","medium-high (filename/path keyword match, content not read)","",""
611,"Claude-4.1.txt","current-repo","AI","Active","medium-high (filename/path keyword match, content not read)","",""
612,"Claude-4.5-Opus.txt","current-repo","AI","Active","medium-high (filename/path keyword match, content not read)","",""
613,"Claude-Design-Sys-Prompt.txt","current-repo","AI;Prompt Engineering;Design","Active","medium-high (filename/path keyword match, content not read)","",""
614,"CLAUDE-FABLE-5.md","current-repo","AI","Active","medium-high (filename/path keyword match, content not read)","",""
615,"Claude-Opus-4.7.txt","current-repo","AI","Active","medium-high (filename/path keyword match, content not read)","",""
616,"Claude_4.txt","current-repo","AI","Active","medium-high (filename/path keyword match, content not read)","",""
617,"Claude_Code_03-04-24.md","current-repo","AI","Active","medium-high (filename/path keyword match, content not read)","",""
618,"Claude_Opus_4.6.txt","current-repo","AI","Active","medium-high (filename/path keyword match, content not read)","",""
619,"Claude_Sonnet-4.5_Sep-29-2025.txt","current-repo","AI","Active","medium-high (filename/path keyword match, content not read)","",""
620,"Claude_Sonnet_3.5.md","current-repo","AI","Active","medium-high (filename/path keyword match, content not read)","",""
621,"Claude_Sonnet_3.7_New.txt","current-repo","AI","Active","medium-high (filename/path keyword match, content not read)","",""
622,"UserStyle_Modes.md","current-repo","AI","Active","medium-high (filename/path keyword match, content not read)","",""
623,"Bolt.txt","current-repo","Unknown","Active","low","",""
624,"Cline.md","current-repo","Unknown","Active","low","",""
625,"Cursor_2.0_Sys_Prompt.txt","current-repo","Prompt Engineering","Active","medium-high (filename/path keyword match, content not read)","",""
626,"Cursor_Prompt.md","current-repo","Prompt Engineering","Active","medium-high (filename/path keyword match, content not read)","",""
627,"Cursor_Tools.md","current-repo","Unknown","Active","low","",""
628,"Devin2_09-08-2025.md","current-repo","Unknown","Active","low","",""
629,"Devin_2.0.md","current-repo","Unknown","Active","low","",""
630,"Devin_2.0_Commands.md","current-repo","Unknown","Active","low","",""
631,"Dia_CodingSkill.txt","current-repo","Unknown","Active","low","",""
632,"Dia_DraftSkill.txt","current-repo","Unknown","Active","low","",""
633,"DROID.txt","current-repo","Unknown","Active","low","",""
634,"Gemini-2.5-Pro-04-18-2025.md","current-repo","AI","Active","medium-high (filename/path keyword match, content not read)","",""
635,"Gemini_Diffusion.md","current-repo","AI","Active","medium-high (filename/path keyword match, content not read)","",""
636,"Gemini_Gmail_Assistant.txt","current-repo","AI","Active","medium-high (filename/path keyword match, content not read)","",""
637,"Hume_Voice_AI.md","current-repo","AI","Active","medium-high (filename/path keyword match, content not read)","",""
638,"Lovable_2.0.txt","current-repo","Unknown","Active","low","",""
639,"Manus_Functions.txt","current-repo","Unknown","Active","low","",""
640,"Manus_Prompt.txt","current-repo","Prompt Engineering","Active","medium-high (filename/path keyword match, content not read)","",""
641,"Llama4_WhatsApp.txt","current-repo","Unknown","Active","low","",""
642,"Muse_Spark_Apr-08-26.txt","current-repo","Unknown","Active","low","",""
643,"MiniMax.txt","current-repo","AI","Active","medium-high (filename/path keyword match, content not read)","",""
644,"LeChat.md","current-repo","Unknown","Active","low","",""
645,"Kimi_2_July-11-2025.txt","current-repo","Unknown","Active","low","",""
646,"Kimi_K2_Thinking.txt","current-repo","Unknown","Active","low","",""
647,"MultiOn.md","current-repo","Unknown","Active","low","",""
648,"Atlas_10-21-25.txt","current-repo","AI","Active","medium-high (filename/path keyword match, content not read)","",""
649,"ChatGPT-4o_Sep-27-25.txt","current-repo","AI","Active","medium-high (filename/path keyword match, content not read)","",""
650,"ChatGPT_4.1_05-15-2025.txt","current-repo","AI","Active","medium-high (filename/path keyword match, content not read)","",""
651,"ChatGPT_4o_04-25-2025.txt","current-repo","AI","Active","medium-high (filename/path keyword match, content not read)","",""
652,"ChatGPT_Personality_v2_Change.md","current-repo","AI","Active","medium-high (filename/path keyword match, content not read)","",""
653,"ChatKit_Docs__Oct-6-25.txt","current-repo","AI","Active","medium-high (filename/path keyword match, content not read)","",""
654,"Codex.md","current-repo","AI","Active","medium-high (filename/path keyword match, content not read)","",""
655,"Codex_Sep-15-2025.md","current-repo","AI","Active","medium-high (filename/path keyword match, content not read)","",""
656,"GPT-4.5_02-27-25.md","current-repo","AI","Active","medium-high (filename/path keyword match, content not read)","",""
657,"GPT-4o_Image_Gen_Postfill.txt","current-repo","AI","Active","medium-high (filename/path keyword match, content not read)","",""
658,"Perplexity_Deep_Research.txt","current-repo","Research","Active","medium-high (filename/path keyword match, content not read)","",""
659,"README.md","current-repo","Documentation","Active","medium-high (filename/path keyword match, content not read)","",""
660,"Replit_Agent.md","current-repo","Unknown","Active","low","",""
661,"Replit_Functions.md","current-repo","Unknown","Active","low","",""
662,"Replit_Initial_Code_Generation_Prompt.md","current-repo","Prompt Engineering","Active","medium-high (filename/path keyword match, content not read)","",""
663,"Same_Dev.txt","current-repo","Unknown","Active","low","",""
664,"Vercel_v0.txt","current-repo","Infrastructure;Deployment","Active","medium-high (filename/path keyword match, content not read)","",""
665,"Windsurf_Prompt.md","current-repo","Prompt Engineering","Active","medium-high (filename/path keyword match, content not read)","",""
666,"Windsurf_Tools.md","current-repo","Unknown","Active","low","",""
667,"GROK-4.1_Nov-17-2025.txt","current-repo","Unknown","Active","low","",""
668,"Grok-Code-Fast-1_Aug-26-2025.txt","current-repo","Unknown","Active","low","",""
669,"Grok3.md","current-repo","Unknown","Active","low","",""
670,"Grok3_updated_07-08-2025.md","current-repo","Unknown","Active","low","",""
671,"Grok4-July-10-2025.md","current-repo","Unknown","Active","low","",""
672,"CLAUDE.md","current-repo","Unknown","Active","low","",""
673,"client-tsconfig.json","current-repo","Unknown","Active","low","",""
674,"client_secret_2_1044360968417-avn6r7navbtelcvocsauv7j6ck6egvnl.apps.googleusercontent.com.json","current-repo","Unknown","Active","low","",""
675,"CLOUDFLARE-BUILD-COMMAND-CLARIFICATION.md","current-repo","Infrastructure;Deployment","Active","medium-high (filename/path keyword match, content not read)","",""
676,"CLOUDFLARE-DNS-QUICK-FIX.md","current-repo","Infrastructure;Deployment;DevOps","Active","medium-high (filename/path keyword match, content not read)","",""
677,"CLOUDFLARE-PAGES-BUILD-FIX.md","current-repo","Infrastructure;Deployment","Active","medium-high (filename/path keyword match, content not read)","",""
678,"cloudflare-pages-config.json","current-repo","Infrastructure;Deployment","Active","medium-high (filename/path keyword match, content not read)","",""
679,"CLOUDFLARE-PAGES-FINAL-FIX.md","current-repo","Infrastructure;Deployment","Active","medium-high (filename/path keyword match, content not read)","",""
680,"CLOUDFLARE-PAGES-NEXT-STEPS.md","current-repo","Infrastructure;Deployment","Active","medium-high (filename/path keyword match, content not read)","",""
681,"CLOUDFLARE-PAGES-SETTINGS-FIX.md","current-repo","Infrastructure;Deployment","Active","medium-high (filename/path keyword match, content not read)","",""
682,"CLOUDFLARE-PAGES-SETUP.md","current-repo","Infrastructure;Deployment;Documentation","Active","medium-high (filename/path keyword match, content not read)","",""
683,"CLOUDFLARE-PAGES-TEST.md","current-repo","Infrastructure;Deployment;Testing;QA","Active","medium-high (filename/path keyword match, content not read)","",""
684,"CLOUDFLARE-SETUP-STEP-BY-STEP.md","current-repo","Infrastructure;Deployment;Documentation","Active","medium-high (filename/path keyword match, content not read)","",""
685,"commit-and-push-fix.ps1","current-repo","Unknown","Active","low","",""
686,"COMPANY_PROFILE_CLAIMING_IMPLEMENTATION_COMPLETE.md","current-repo","Implementation Plan","Active","medium-high (filename/path keyword match, content not read)","",""
687,"COMPANY_PROFILE_CLAIMING_SUMMARY.md","current-repo","Unknown","Active","low","",""
688,"COMPLETE-AUTOMATIC-DEPLOY.ps1","current-repo","Deployment;Infrastructure","Active","medium-high (filename/path keyword match, content not read)","",""
689,"complete-database-setup-400-categories.sql","current-repo","Documentation","Active","medium-high (filename/path keyword match, content not read)","",""
690,"complete-database-setup.sql","current-repo","Documentation","Active","medium-high (filename/path keyword match, content not read)","",""
691,"COMPLETE-DEPLOYMENT.ps1","current-repo","Deployment;Infrastructure","Active","medium-high (filename/path keyword match, content not read)","",""
692,"COMPLETE-FEATURE-INVENTORY.md","current-repo","Feature Specification","Active","medium-high (filename/path keyword match, content not read)","",""
693,"COMPLETE_AUTOMATED_FIX_SUMMARY.md","current-repo","Unknown","Active","low","",""
694,"COMPLETE_DEPLOYMENT_ANALYSIS.md","current-repo","Deployment;Infrastructure","Active","medium-high (filename/path keyword match, content not read)","",""
695,"COMPLETE_PROJECT_REBUILD.cjs","current-repo","Unknown","Active","low","",""
696,"COMPLETE_SETUP_SUMMARY.md","current-repo","Documentation","Active","medium-high (filename/path keyword match, content not read)","",""
697,"composer.json","current-repo","Unknown","Active","low","",""
698,"COMPREHENSIVE-AUDIT-REPORT.md","current-repo","Documentation","Active","medium-high (filename/path keyword match, content not read)","",""
699,"COMPREHENSIVE-FIX.ps1","current-repo","Unknown","Active","low","",""
700,"COMPREHENSIVE-PROJECT-AUDIT-2025.md","current-repo","Documentation","Active","medium-high (filename/path keyword match, content not read)","",""
701,"COMPREHENSIVE-PROJECT-AUDIT-AND-ASSESSMENT.md","current-repo","Documentation","Active","medium-high (filename/path keyword match, content not read)","",""
702,"COMPREHENSIVE_AUDIT_REPORT.md","current-repo","Documentation","Active","medium-high (filename/path keyword match, content not read)","",""
703,"COMPREHENSIVE_MCP_AUDIT_REPORT.md","current-repo","Documentation","Active","medium-high (filename/path keyword match, content not read)","",""
704,"COMPREHENSIVE_MCP_AUDIT_REPORT_FINAL.md","current-repo","Documentation","Active","medium-high (filename/path keyword match, content not read)","",""
705,"COPY-PASTE-COMMANDS.txt","current-repo","Unknown","Active","low","",""
706,"COPY_PASTE_DEPLOYMENT.txt","current-repo","Deployment;Infrastructure","Active","medium-high (filename/path keyword match, content not read)","",""
707,"CRITICAL-BUGS-FIXED.md","current-repo","Unknown","Active","low","",""
708,"CURRENT-STATUS-AND-NEXT-STEPS.md","current-repo","Unknown","Active","low","",""
709,"cursor-mcp-config.json","current-repo","Unknown","Active","low","",""
710,"CURSOR-MCP-HYBRID-INTEGRATION.md","current-repo","Unknown","Active","low","",""
711,"CURSOR-MCP-INTEGRATION-COMPLETE-REPORT.md","current-repo","Unknown","Active","low","",""
712,"CURSOR-MCP-INTEGRATION-GUIDE.md","current-repo","Documentation","Active","medium-high (filename/path keyword match, content not read)","",""
713,"CURSOR-MCP-USAGE.md","current-repo","Unknown","Active","low","",""
714,"cursor_settings.json","current-repo","Unknown","Active","low","",""
715,"CYPRESS_FIX_SUMMARY.md","current-repo","Testing;QA","Active","medium-high (filename/path keyword match, content not read)","",""
716,"DASHBOARD-AUDIT-COMPLETE.md","current-repo","Documentation","Active","medium-high (filename/path keyword match, content not read)","",""
717,"DASHBOARD-FIX-COMPLETE.md","current-repo","Unknown","Active","low","",""
718,"DASHBOARD-QUICK-ACCESS-GUIDE.md","current-repo","Documentation","Active","medium-high (filename/path keyword match, content not read)","",""
719,"DAY2_COMPLETION_SUMMARY.md","current-repo","Unknown","Active","low","",""
720,"DAY2_SETUP_INSTRUCTIONS.md","current-repo","Documentation","Active","medium-high (filename/path keyword match, content not read)","",""
721,"DELETE-CNAME-ADD-A-RECORD.md","current-repo","Unknown","Active","low","",""
722,"DEMO-LOGIN-GUIDE.md","current-repo","Documentation","Active","medium-high (filename/path keyword match, content not read)","",""
723,"deploy-2step-verification.ps1","current-repo","Deployment;Infrastructure","Active","medium-high (filename/path keyword match, content not read)","",""
724,"deploy-auto.sh","current-repo","Deployment;Infrastructure","Active","medium-high (filename/path keyword match, content not read)","",""
725,"DEPLOY-CLOUDFLARE-PAGES.md","current-repo","Deployment;Infrastructure","Active","medium-high (filename/path keyword match, content not read)","",""
726,"deploy-fast-html-site.ps1","current-repo","Deployment;Infrastructure","Active","medium-high (filename/path keyword match, content not read)","",""
727,"deploy-html-clean.ps1","current-repo","Deployment;Infrastructure","Active","medium-high (filename/path keyword match, content not read)","",""
728,"deploy-html-fast-site-fixed.ps1","current-repo","Deployment;Infrastructure","Active","medium-high (filename/path keyword match, content not read)","",""
729,"deploy-html-fast-site.ps1","current-repo","Deployment;Infrastructure","Active","medium-high (filename/path keyword match, content not read)","",""
730,"deploy-mobile-otp-registration-flow.ps1","current-repo","Deployment;Infrastructure","Active","medium-high (filename/path keyword match, content not read)","",""
731,"deploy-now.ps1","current-repo","Deployment;Infrastructure","Active","medium-high (filename/path keyword match, content not read)","",""
732,"DEPLOY-NOW.txt","current-repo","Deployment;Infrastructure","Active","medium-high (filename/path keyword match, content not read)","",""
733,"deploy-oracle-vm.sh","current-repo","Deployment;Infrastructure","Active","medium-high (filename/path keyword match, content not read)","",""
734,"deploy-script.sh","current-repo","Deployment;Infrastructure","Active","medium-high (filename/path keyword match, content not read)","",""
735,"deployment-config.json","current-repo","Deployment;Infrastructure","Active","medium-high (filename/path keyword match, content not read)","",""
736,"DEPLOYMENT-CRASH-AUDIT-AND-FIX.md","current-repo","Deployment;Infrastructure;Documentation","Active","medium-high (filename/path keyword match, content not read)","",""
737,"deployment-protection.cjs","current-repo","Deployment;Infrastructure","Active","medium-high (filename/path keyword match, content not read)","",""
738,"DEPLOYMENT-STATUS-AND-FIX.md","current-repo","Deployment;Infrastructure","Active","medium-high (filename/path keyword match, content not read)","",""
739,"DEPLOYMENT-STATUS.md","current-repo","Deployment;Infrastructure","Active","medium-high (filename/path keyword match, content not read)","",""
740,"DEPLOYMENT.md","current-repo","Deployment;Infrastructure","Active","medium-high (filename/path keyword match, content not read)","",""
741,"DEPLOYMENT_ACTION_PLAN.txt","current-repo","Deployment;Infrastructure","Active","medium-high (filename/path keyword match, content not read)","",""
742,"DEPLOYMENT_CHECKLIST.md","current-repo","Deployment;Infrastructure;Documentation","Active","medium-high (filename/path keyword match, content not read)","",""
743,"DEPLOYMENT_FIX_COMPLETE.md","current-repo","Deployment;Infrastructure","Active","medium-high (filename/path keyword match, content not read)","",""
744,"DEPLOYMENT_SUMMARY.md","current-repo","Deployment;Infrastructure","Active","medium-high (filename/path keyword match, content not read)","",""
745,"DEPLOYMENT_VERIFICATION_GUIDE.md","current-repo","Deployment;Infrastructure;Documentation","Active","medium-high (filename/path keyword match, content not read)","",""
746,"deploy_existing_500_pages.ps1","current-repo","Deployment;Infrastructure","Active","medium-high (filename/path keyword match, content not read)","",""
747,"deploy_hero_fix.ps1","current-repo","Deployment;Infrastructure","Active","medium-high (filename/path keyword match, content not read)","",""
748,"deploy_homepage_fix.ps1","current-repo","Deployment;Infrastructure","Active","medium-high (filename/path keyword match, content not read)","",""
749,"DETAILED-FILE-INVENTORY-2025.md","current-repo","Unknown","Active","low","",""
750,"DIAGNOSE-502-ERROR.sh","current-repo","Unknown","Active","low","",""
751,"disable-all-failing-workflows.ps1","current-repo","Automation","Active","medium-high (filename/path keyword match, content not read)","",""
752,"disable-webthinker.ps1","current-repo","Unknown","Active","low","",""
753,"DNS-COMPLETE-NEXT-STEPS.md","current-repo","Infrastructure;DevOps","Active","medium-high (filename/path keyword match, content not read)","",""
754,"DOCKER-BUILD-NOT-FROZEN-GUIDE.md","current-repo","Infrastructure;DevOps;Documentation","Active","medium-high (filename/path keyword match, content not read)","",""
755,"docker-compose.debug.yml","current-repo","Infrastructure;DevOps","Active","medium-high (filename/path keyword match, content not read)","",""
756,"docker-compose.perplexity.yml","current-repo","Infrastructure;DevOps","Active","medium-high (filename/path keyword match, content not read)","",""
757,"docker-compose.yml","current-repo","Infrastructure;DevOps","Active","medium-high (filename/path keyword match, content not read)","",""
758,"Dockerfile","current-repo","Infrastructure;DevOps","Active","medium-high (filename/path keyword match, content not read)","",""
759,"Dockerfile.client","current-repo","Infrastructure;DevOps","Active","medium-high (filename/path keyword match, content not read)","",""
760,"Dockerfile.final","current-repo","Infrastructure;DevOps","Active","medium-high (filename/path keyword match, content not read)","",""
761,"Dockerfile.fixed","current-repo","Infrastructure;DevOps","Active","medium-high (filename/path keyword match, content not read)","",""
762,"Dockerfile.oracle","current-repo","Infrastructure;DevOps;Deployment","Active","medium-high (filename/path keyword match, content not read)","",""
763,"Dockerfile.oracle-fixed","current-repo","Infrastructure;DevOps;Deployment","Active","medium-high (filename/path keyword match, content not read)","",""
764,"swagger.json","current-repo","API","Active","medium-high (filename/path keyword match, content not read)","",""
765,"AUTOMATION_ARCHITECTURE.md","current-repo","Architecture;Automation","Active","medium-high (filename/path keyword match, content not read)","",""
766,"BELL24H_SUPPLIER_ACQUISITION_ENGINE_V2.md","current-repo","Supplier","Active","medium-high (filename/path keyword match, content not read)","",""
767,"vyaparsethu-studio.md","current-repo","Unknown","Active","low","",""
768,"DEPLOYMENT_GUIDE.md","current-repo","Deployment;Infrastructure;Documentation","Active","medium-high (filename/path keyword match, content not read)","",""
769,"E2E_VALIDATION_CHECKLIST_PHASE_B.md","current-repo","Testing;QA;Documentation","Active","medium-high (filename/path keyword match, content not read)","",""
770,"E2E_VALIDATION_REPORT_PHASE_B_2026-07-18.md","current-repo","Testing;QA","Active","medium-high (filename/path keyword match, content not read)","",""
771,"ENTERPRISE_SEO_BACKLOG.md","current-repo","Unknown","Active","low","",""
772,"ENTERPRISE_SEO_MASTER_PROGRAM.md","current-repo","Unknown","Active","low","",""
773,"MANUAL_SETUP_CHECKLIST.md","current-repo","Documentation","Active","medium-high (filename/path keyword match, content not read)","",""
774,"MASTER_HISTORICAL_AUDIT_2026-08-02.md","current-repo","Documentation","Active","medium-high (filename/path keyword match, content not read)","",""
775,"NEXT_30_DAYS_SPRINT.md","current-repo","Roadmap","Active","medium-high (filename/path keyword match, content not read)","",""
776,"OLD_REPO_HISTORICAL_RECONSTRUCTION_2026-08-03.md","current-repo","Unknown","Active","low","",""
777,"openapi.yaml","current-repo","Unknown","Active","low","",""
778,"production-readiness-roadmap-2026-07-27.md","current-repo","Roadmap","Active","medium-high (filename/path keyword match, content not read)","",""
779,"PRODUCTION_SETUP.md","current-repo","Documentation","Active","medium-high (filename/path keyword match, content not read)","",""
780,"PRODUCT_INDUSTRY_INTELLIGENCE_ARCHITECTURE.md","current-repo","Architecture","Active","medium-high (filename/path keyword match, content not read)","",""
781,"README_EXPORT_SUMMARY.txt","current-repo","Documentation","Active","medium-high (filename/path keyword match, content not read)","",""
782,"SEO_DECISIONS.md","current-repo","Unknown","Active","low","",""
783,"SEO_TESTING_CHECKLIST.md","current-repo","Testing;QA;Documentation","Active","medium-high (filename/path keyword match, content not read)","",""
784,"smoke-test-2026-07-26.md","current-repo","Testing;QA","Active","medium-high (filename/path keyword match, content not read)","",""
785,"SPRINT_01_TECHNICAL_SEO.md","current-repo","Roadmap","Active","medium-high (filename/path keyword match, content not read)","",""
786,"SPRINT_02_STRUCTURED_DATA.md","current-repo","Roadmap","Active","medium-high (filename/path keyword match, content not read)","",""
787,"SPRINT_03_INDEXATION.md","current-repo","Roadmap","Active","medium-high (filename/path keyword match, content not read)","",""
788,"supplier-category-backfill-1785243436900.json","current-repo","Supplier","Active","medium-high (filename/path keyword match, content not read)","",""
789,"supplier-category-recovery-batch-1785246938285.json","current-repo","Supplier","Active","medium-high (filename/path keyword match, content not read)","",""
790,"VYAPARSETHU_MASTER_PLAN.md","current-repo","Business Vision;Roadmap","Active","medium-high (filename/path keyword match, content not read)","",""
791,"VYAPARSETHU_MASTER_SKILL.md","current-repo","Unknown","Active","low","",""
792,"VYAPARSETHU_VISION.md","current-repo","Business Vision;Product Vision","Active","medium-high (filename/path keyword match, content not read)","",""
793,"package.json","current-repo","Unknown","Active","low","",""
794,"e2e-test-mobile-otp.ps1","current-repo","Testing;QA","Active","medium-high (filename/path keyword match, content not read)","",""
795,"ECG-MARKETING-IMPLEMENTATION-PLAN.md","current-repo","Implementation Plan;Marketing","Active","medium-high (filename/path keyword match, content not read)","",""
796,"EMERGENCY-502-FIX-SCRIPT.sh","current-repo","Unknown","Active","low","",""
797,"ENABLE-HTTPS-CLOUDFLARE.md","current-repo","Infrastructure;Deployment;DevOps","Active","medium-high (filename/path keyword match, content not read)","",""
798,"env-list.txt","current-repo","Unknown","Active","low","",""
799,"ERROR_HANDLING_GUIDE.md","current-repo","Documentation","Active","medium-high (filename/path keyword match, content not read)","",""
800,"EVERYTHING-WORKING-WAIT-FOR-SSL.md","current-repo","Infrastructure;DevOps","Active","medium-high (filename/path keyword match, content not read)","",""
801,"explain_api.py","current-repo","Unknown","Active","low","",""
802,"FEATURE-COMPARISON-TABLE.md","current-repo","Feature Specification","Active","medium-high (filename/path keyword match, content not read)","",""
803,"FEATURE-COMPLETENESS-ANALYSIS.md","current-repo","Unknown","Active","low","",""
804,"FINAL-521-FIX.md","current-repo","Unknown","Active","low","",""
805,"FINAL-AUDIT-SUMMARY-2025.md","current-repo","Documentation","Active","medium-high (filename/path keyword match, content not read)","",""
806,"FINAL-FEATURE-COMPARISON.md","current-repo","Feature Specification","Active","medium-high (filename/path keyword match, content not read)","",""
807,"FINAL-STATUS-REPORT.md","current-repo","Unknown","Active","low","",""
808,"FINAL-TEST-FINDINGS.md","current-repo","Testing;QA","Active","medium-high (filename/path keyword match, content not read)","",""
809,"FINAL_BLUEPRINT.md","current-repo","Unknown","Active","low","",""
810,"FINAL_DEPLOYMENT_ORDER.md","current-repo","Deployment;Infrastructure","Active","medium-high (filename/path keyword match, content not read)","",""
811,"FINAL_DEPLOYMENT_STATUS_REPORT.md","current-repo","Deployment;Infrastructure","Active","medium-high (filename/path keyword match, content not read)","",""
812,"find-server-port.cjs","current-repo","Unknown","Active","low","",""
813,"FIX-404-DNS-GUIDE.md","current-repo","Infrastructure;DevOps;Documentation","Active","medium-high (filename/path keyword match, content not read)","",""
814,"FIX-502-ERROR.sh","current-repo","Unknown","Active","low","",""
815,"FIX-521-ERROR.sh","current-repo","Unknown","Active","low","",""
816,"FIX-521-QUICK-FIX.md","current-repo","Unknown","Active","low","",""
817,"fix-build-error.sh","current-repo","Unknown","Active","low","",""
818,"FIX-BUILD-NOW.md","current-repo","Unknown","Active","low","",""
819,"fix-category-id.sql","current-repo","Unknown","Active","low","",""
820,"FIX-CLOUDFLARE-521-ERROR.md","current-repo","Infrastructure;Deployment","Active","medium-high (filename/path keyword match, content not read)","",""
821,"FIX-CLOUDFLARE-AUTO.ps1","current-repo","Infrastructure;Deployment","Active","medium-high (filename/path keyword match, content not read)","",""
822,"FIX-CLOUDFLARE-BUILD-FAILURE.md","current-repo","Infrastructure;Deployment","Active","medium-high (filename/path keyword match, content not read)","",""
823,"FIX-CLOUDFLARE-DNS-CONFLICT.md","current-repo","Infrastructure;Deployment;DevOps","Active","medium-high (filename/path keyword match, content not read)","",""
824,"FIX-CLOUDFLARE-FINAL.ps1","current-repo","Infrastructure;Deployment","Active","medium-high (filename/path keyword match, content not read)","",""
825,"FIX-CLOUDFLARE-MANUAL.txt","current-repo","Infrastructure;Deployment","Active","medium-high (filename/path keyword match, content not read)","",""
826,"FIX-CLOUDFLARE-PAGES-404.md","current-repo","Infrastructure;Deployment","Active","medium-high (filename/path keyword match, content not read)","",""
827,"FIX-CLOUDFLARE-SUBMODULES.ps1","current-repo","Infrastructure;Deployment","Active","medium-high (filename/path keyword match, content not read)","",""
828,"fix-cloudflare.ps1","current-repo","Infrastructure;Deployment","Active","medium-high (filename/path keyword match, content not read)","",""
829,"FIX-CONNECTION-TIMEOUT.md","current-repo","Unknown","Active","low","",""
830,"FIX-DASHBOARD-COMPLETE-GUIDE.md","current-repo","Documentation","Active","medium-high (filename/path keyword match, content not read)","",""
831,"FIX-DISK-SPACE-AND-NGINX.sh","current-repo","Unknown","Active","low","",""
832,"FIX-DNS-APP-N8N.md","current-repo","Infrastructure;DevOps;Automation;n8n","Active","medium-high (filename/path keyword match, content not read)","",""
833,"FIX-DOCKER-BUILD-STANDALONE-ERROR.md","current-repo","Infrastructure;DevOps","Active","medium-high (filename/path keyword match, content not read)","",""
834,"fix-docker-build.sh","current-repo","Infrastructure;DevOps","Active","medium-high (filename/path keyword match, content not read)","",""
835,"fix-github-actions.ps1","current-repo","DevOps","Active","medium-high (filename/path keyword match, content not read)","",""
836,"FIX-GITHUB-PUSH-FINAL.ps1","current-repo","Unknown","Active","low","",""
837,"FIX-GITHUB-SECRET.md","current-repo","Unknown","Active","low","",""
838,"FIX-LOGIN-COOKIE.md","current-repo","Unknown","Active","low","",""
839,"fix-lucide-imports.ps1","current-repo","Unknown","Active","low","",""
840,"FIX-MERGE-CONFLICTS.ps1","current-repo","Unknown","Active","low","",""
841,"FIX-MISSING-PAGES.md","current-repo","Unknown","Active","low","",""
842,"FIX-N8N-502.sh","current-repo","Automation;n8n","Active","medium-high (filename/path keyword match, content not read)","",""
843,"FIX-NODE-MODULES-SUBMODULE.ps1","current-repo","Unknown","Active","low","",""
844,"FIX-PORT-80-CONFLICT.sh","current-repo","Unknown","Active","low","",""
845,"FIX-PORT-80-QUICK.txt","current-repo","Unknown","Active","low","",""
846,"FIX-PUSH-ERROR.ps1","current-repo","Unknown","Active","low","",""
847,"fix-quotes-table.sql","current-repo","Unknown","Active","low","",""
848,"FIX-RECURSIVE-BUILD-ERROR.md","current-repo","Unknown","Active","low","",""
849,"fix-secret.sh","current-repo","Unknown","Active","low","",""
850,"FIX-SSH-KEY-ISSUE.md","current-repo","Unknown","Active","low","",""
851,"FIX-SSL-AND-N8N.md","current-repo","Infrastructure;DevOps;Automation;n8n","Active","medium-high (filename/path keyword match, content not read)","",""
852,"FIX-SUBMODULE-CLOUDFLARE.md","current-repo","Infrastructure;Deployment","Active","medium-high (filename/path keyword match, content not read)","",""
853,"FIX-SUBMODULE-ERROR-FINAL.ps1","current-repo","Unknown","Active","low","",""
854,"FIX-SUBMODULES-COMPLETE.ps1","current-repo","Unknown","Active","low","",""
855,"FIX-SUPPLIERS-PAGE-ERROR.md","current-repo","Supplier","Active","medium-high (filename/path keyword match, content not read)","",""
856,"fix-unescaped-entities.ps1","current-repo","Unknown","Active","low","",""
857,"FIXES_APPLIED.md","current-repo","Unknown","Active","low","",""
858,"fix_build_error.ps1","current-repo","Unknown","Active","low","",""
859,"fix_build_errors.ps1","current-repo","Unknown","Active","low","",""
860,"fix_build_error_final.ps1","current-repo","Unknown","Active","low","",""
861,"fix_icons.ps1","current-repo","Unknown","Active","low","",""
862,"force-push-all.ps1","current-repo","Unknown","Active","low","",""
863,"freelancer-ai-agent.zip","current-repo","AI;Agents","Active","medium-high (filename/path keyword match, content not read)","",""
864,"GITHUB-ACTIONS-SETUP.md","current-repo","DevOps;Documentation","Active","medium-high (filename/path keyword match, content not read)","",""
865,"GITHUB-ORACLE-AUTO-DEPLOY-GUIDE.md","current-repo","Deployment;Infrastructure;Documentation","Active","medium-high (filename/path keyword match, content not read)","",""
866,"github-setup-commands.txt","current-repo","Documentation","Active","medium-high (filename/path keyword match, content not read)","",""
867,"gitkraken.env","current-repo","Unknown","Active","low","",""
868,"GIT_REPOSITORY_FIX_COMPLETE.md","current-repo","Unknown","Active","low","",""
869,"hardhat.config.cjs","current-repo","Architecture;AI","Active","medium-high (filename/path keyword match, content not read)","",""
870,"hell -ExecutionPolicy Bypass -File commit-and-push-fix.ps1","current-repo","Unknown","Active","low","",""
871,"HOMEPAGE_BUILD_COMPLETE.md","current-repo","Unknown","Active","low","",""
872,"HYBRID-APPROACH-COMPLETE-GUIDE.md","current-repo","Documentation","Active","medium-high (filename/path keyword match, content not read)","",""
873,"IMMEDIATE-502-FIX.sh","current-repo","Unknown","Active","low","",""
874,"IMMEDIATE-FIX-COMMANDS.txt","current-repo","Unknown","Active","low","",""
875,"jest.config.cjs","current-repo","Unknown","Active","low","",""
876,"jest.integration.config.cjs","current-repo","Unknown","Active","low","",""
877,"JSON-SYNTAX-ERROR-FIX-REPORT.md","current-repo","Unknown","Active","low","",""
878,"LAUNCH_DAY_SCHEDULE.md","current-repo","Unknown","Active","low","",""
879,"LAUNCH_PLAN.md","current-repo","Unknown","Active","low","",""
880,"LAUNCH_PREPARATION_NOV_22.md","current-repo","Unknown","Active","low","",""
881,"LAUNCH_READY_SUMMARY.md","current-repo","Unknown","Active","low","",""
882,"LAUNCH_SOCIAL_MEDIA_POSTS.md","current-repo","Unknown","Active","low","",""
883,"package-lock.json","current-repo","Testing;QA","Active","medium-high (filename/path keyword match, content not read)","",""
884,"package.json","current-repo","Testing;QA","Active","medium-high (filename/path keyword match, content not read)","",""
885,"tsconfig.json","current-repo","Testing;QA","Active","medium-high (filename/path keyword match, content not read)","",""
886,"LOCAL_CSS_FIX_GUIDE.md","current-repo","Design;Documentation","Active","medium-high (filename/path keyword match, content not read)","",""
887,"MANUAL-FIX-COMMANDS.txt","current-repo","Unknown","Active","low","",""
888,"MANUAL-SSL-SETUP-STEPS.md","current-repo","Infrastructure;DevOps;Documentation","Active","medium-high (filename/path keyword match, content not read)","",""
889,"MANUAL_GITKRAKEN_SETUP.txt","current-repo","Documentation","Active","medium-high (filename/path keyword match, content not read)","",""
890,"whatsapp-messages.txt","current-repo","Marketing","Active","medium-high (filename/path keyword match, content not read)","",""
891,"MARKETING_PLAN_COMPANY_PROFILE_CLAIMING.md","current-repo","Marketing","Active","medium-high (filename/path keyword match, content not read)","",""
892,"mcp-gitkraken.json","current-repo","Unknown","Active","low","",""
893,"mcp_config.json","current-repo","Unknown","Active","low","",""
894,"migrate-existing-data.sql","current-repo","Unknown","Active","low","",""
895,"MIGRATION-CLOUDFLARE-PAGES.md","current-repo","SQL Migration;Implementation Plan;Infrastructure;Deployment","Active","medium-high (filename/path keyword match, content not read)","",""
896,"MIGRATION_ACTION_PLAN.txt","current-repo","SQL Migration;Implementation Plan","Active","medium-high (filename/path keyword match, content not read)","",""
897,"MINIMAL-FIX-INSTALLATION.md","current-repo","Unknown","Active","low","",""
898,"settings.json","current-repo","Unknown","Active","low","",""
899,"devices.json","current-repo","Unknown","Active","low","",""
900,"README.md","current-repo","Documentation","Active","medium-high (filename/path keyword match, content not read)","",""
901,"AGENTS.md","current-repo","Agents","Active","medium-high (filename/path keyword match, content not read)","",""
902,"app.json","current-repo","Unknown","Active","low","",""
903,"CLAUDE.md","current-repo","Unknown","Active","low","",""
904,"eas.json","current-repo","Unknown","Active","low","",""
905,"package-lock.json","current-repo","Unknown","Active","low","",""
906,"package.json","current-repo","Unknown","Active","low","",""
907,"tsconfig.json","current-repo","Unknown","Active","low","",""
908,"mobile-otp-only-deploy.ps1","current-repo","Deployment;Infrastructure","Active","medium-high (filename/path keyword match, content not read)","",""
909,"MOBILE_OTP_ERROR_HANDLING.md","current-repo","Unknown","Active","low","",""
910,"MOVE-TO-PORT-80.md","current-repo","Unknown","Active","low","",""
911,"MSG91_INTEGRATION_COMPLETE.md","current-repo","Unknown","Active","low","",""
912,"MSG91_QUICK_SETUP.md","current-repo","Documentation","Active","medium-high (filename/path keyword match, content not read)","",""
913,"MSG91_SETUP_COMPLETE.md","current-repo","Documentation","Active","medium-high (filename/path keyword match, content not read)","",""
914,"bell24h-deerflow-v1.json","current-repo","Automation;n8n","Active","medium-high (filename/path keyword match, content not read)","",""
915,"bell24h-integration.workflow.json","current-repo","Automation;n8n","Active","medium-high (filename/path keyword match, content not read)","",""
916,"category-analytics.workflow.json","current-repo","Automation;n8n;Analytics","Active","medium-high (filename/path keyword match, content not read)","",""
917,"category-seo-automation.workflow.json","current-repo","Automation;n8n;SEO","Active","medium-high (filename/path keyword match, content not read)","",""
918,"escrow.workflow.json","current-repo","Automation;n8n;Escrow","Active","medium-high (filename/path keyword match, content not read)","",""
919,"mock-order-generation.workflow.json","current-repo","Automation;n8n","Active","medium-high (filename/path keyword match, content not read)","",""
920,"rfq.workflow.json","current-repo","Automation;n8n;RFQ","Active","medium-high (filename/path keyword match, content not read)","",""
921,"user.onboarding.workflow.json","current-repo","Automation;n8n","Active","medium-high (filename/path keyword match, content not read)","",""
922,"N8N-RUNNING-FIX-SSL.md","current-repo","Infrastructure;DevOps;Automation;n8n","Active","medium-high (filename/path keyword match, content not read)","",""
923,"N8N-WORKFLOW-A-E-MICRO-LEVEL-GUIDE.md","current-repo","Automation;n8n;Documentation","Active","medium-high (filename/path keyword match, content not read)","",""
924,"supplier-onboarding-welcome-email.json","current-repo","Automation;n8n;Supplier","Active","medium-high (filename/path keyword match, content not read)","",""
925,"supplier-onboarding-welcome-sms.json","current-repo","Automation;n8n;Supplier","Active","medium-high (filename/path keyword match, content not read)","",""
926,"N8N_SETUP_QUICK_REFERENCE.md","current-repo","Automation;n8n;Documentation","Active","medium-high (filename/path keyword match, content not read)","",""
927,"N8N_WORKFLOWS_COMPLETE.md","current-repo","Automation;n8n","Active","medium-high (filename/path keyword match, content not read)","",""
928,"netlify.toml","current-repo","Infrastructure;Deployment","Active","medium-high (filename/path keyword match, content not read)","",""
929,"NEXT-STEPS-TODO-LIST.md","current-repo","Unknown","Active","low","",""
930,"nixpacks.toml","current-repo","Unknown","Active","low","",""
931,"NO-Q-PREFIX-AUTOMATION.ps1","current-repo","Automation","Active","medium-high (filename/path keyword match, content not read)","",""
932,"NON-CODER-DEPLOYMENT-PRIORITY-GUIDE.md","current-repo","Deployment;Infrastructure;Documentation","Active","medium-high (filename/path keyword match, content not read)","",""
933,"NOV-20-LAUNCH-CHECKLIST.md","current-repo","Documentation","Active","medium-high (filename/path keyword match, content not read)","",""
934,"nuclear_fix.ps1","current-repo","Unknown","Active","low","",""
935,"nuclear_fix_all.ps1","current-repo","Unknown","Active","low","",""
936,"ONE-PAGE-BRUTAL-TRUTH-REVENUE-SUMMARY.md","current-repo","Unknown","Active","low","",""
937,"openapitools.json","current-repo","Unknown","Active","low","",""
938,".env.example","current-repo","Infrastructure;Deployment","Active","medium-high (filename/path keyword match, content not read)","",""
939,"default.json","current-repo","Infrastructure;Deployment","Active","medium-high (filename/path keyword match, content not read)","",""
940,"package.json","current-repo","Infrastructure;Deployment","Active","medium-high (filename/path keyword match, content not read)","",""
941,"ORACLE-CLOUD-DEPLOYMENT-GUIDE.md","current-repo","Deployment;Infrastructure;Documentation","Active","medium-high (filename/path keyword match, content not read)","",""
942,"complete-categories.sql","current-repo","Infrastructure;Deployment;Automation;n8n","Active","medium-high (filename/path keyword match, content not read)","",""
943,"missing-tables.sql","current-repo","Infrastructure;Deployment;Automation;n8n","Active","medium-high (filename/path keyword match, content not read)","",""
944,"docker-compose.yml","current-repo","Infrastructure;DevOps;Deployment;Automation;n8n","Active","medium-high (filename/path keyword match, content not read)","",""
945,"README.md","current-repo","Infrastructure;Deployment;Automation;n8n;Documentation","Active","medium-high (filename/path keyword match, content not read)","",""
946,"setup-oracle-cloud.sh","current-repo","Infrastructure;Deployment;Automation;n8n;Documentation","Active","medium-high (filename/path keyword match, content not read)","",""
947,"lead-test-data.json","current-repo","Infrastructure;Deployment;Automation;n8n;Testing;QA","Active","medium-high (filename/path keyword match, content not read)","",""
948,"rfq-test-data.json","current-repo","Infrastructure;Deployment;Automation;n8n;RFQ;Testing;QA","Active","medium-high (filename/path keyword match, content not read)","",""
949,"bell24h-ai-category-worker-complete.json","current-repo","Infrastructure;Deployment;AI;Automation;n8n","Active","medium-high (filename/path keyword match, content not read)","",""
950,"bell24h-ai-category-worker-with-db.json","current-repo","Infrastructure;Deployment;AI;Automation;n8n","Active","medium-high (filename/path keyword match, content not read)","",""
951,"bell24h-ai-category-worker.json","current-repo","Infrastructure;Deployment;AI;Automation;n8n","Active","medium-high (filename/path keyword match, content not read)","",""
952,"bell24h-ai-scraper-master-with-db.json","current-repo","Infrastructure;Deployment;AI;Automation;n8n","Active","medium-high (filename/path keyword match, content not read)","",""
953,"bell24h-ai-scraper-master.json","current-repo","Infrastructure;Deployment;AI;Automation;n8n","Active","medium-high (filename/path keyword match, content not read)","",""
954,"bell24h-lead-scoring-complete.json","current-repo","Infrastructure;Deployment;Automation;n8n","Active","medium-high (filename/path keyword match, content not read)","",""
955,"bell24h-lead-scoring-with-db.json","current-repo","Infrastructure;Deployment;Automation;n8n","Active","medium-high (filename/path keyword match, content not read)","",""
956,"bell24h-lead-scoring.json","current-repo","Infrastructure;Deployment;Automation;n8n","Active","medium-high (filename/path keyword match, content not read)","",""
957,"bell24h-rfq-notification-complete.json","current-repo","Infrastructure;Deployment;Automation;n8n;RFQ","Active","medium-high (filename/path keyword match, content not read)","",""
958,"bell24h-rfq-notification-fixed.json","current-repo","Infrastructure;Deployment;Automation;n8n;RFQ","Active","medium-high (filename/path keyword match, content not read)","",""
959,"bell24h-rfq-notification-with-db.json","current-repo","Infrastructure;Deployment;Automation;n8n;RFQ","Active","medium-high (filename/path keyword match, content not read)","",""
960,"bell24h-rfq-notification.json","current-repo","Infrastructure;Deployment;Automation;n8n;RFQ","Active","medium-high (filename/path keyword match, content not read)","",""
961,"nano-banana-enrichment.json","current-repo","Infrastructure;Deployment;Automation;n8n","Active","medium-high (filename/path keyword match, content not read)","",""
962,"ORACLE-VM-DEPLOYMENT-GUIDE.md","current-repo","Deployment;Infrastructure;Documentation","Active","medium-high (filename/path keyword match, content not read)","",""
963,"package-lock.json","current-repo","Unknown","Active","low","",""
964,"package.json","current-repo","Unknown","Active","low","",""
965,"page-test-report.json","current-repo","Testing;QA","Active","medium-high (filename/path keyword match, content not read)","",""
966,"page-verification-report.json","current-repo","Unknown","Active","low","",""
967,"PERMANENT-Q-PREFIX-FIX.sh","current-repo","Unknown","Active","low","",""
968,"postcss.config.cjs","current-repo","Design","Active","medium-high (filename/path keyword match, content not read)","",""
969,"POST_AUDIT_PROTOCOL_COMPLETE.md","current-repo","Documentation","Active","medium-high (filename/path keyword match, content not read)","",""
970,"POST_AUDIT_PROTOCOL_IMPLEMENTATION_SUMMARY.md","current-repo","Implementation Plan;Documentation","Active","medium-high (filename/path keyword match, content not read)","",""
971,"migration.sql","current-repo","Database;SQL Migration;Implementation Plan","Active","medium-high (filename/path keyword match, content not read)","",""
972,"migration.sql","current-repo","Database;SQL Migration;Implementation Plan;Legal;Compliance","Active","medium-high (filename/path keyword match, content not read)","",""
973,"migration.sql","current-repo","Database;SQL Migration;Implementation Plan;Marketing","Active","medium-high (filename/path keyword match, content not read)","",""
974,"migration.sql","current-repo","Database;SQL Migration;Implementation Plan","Active","medium-high (filename/path keyword match, content not read)","",""
975,"migration.sql","current-repo","Database;SQL Migration;Implementation Plan","Active","medium-high (filename/path keyword match, content not read)","",""
976,"migration.sql","current-repo","Database;SQL Migration;Implementation Plan;Marketing","Active","medium-high (filename/path keyword match, content not read)","",""
977,"migration.sql","current-repo","Database;SQL Migration;Implementation Plan","Active","medium-high (filename/path keyword match, content not read)","",""
978,"migration.sql","current-repo","Database;SQL Migration;Implementation Plan","Active","medium-high (filename/path keyword match, content not read)","",""
979,"migration.sql","current-repo","Database;SQL Migration;Implementation Plan","Active","medium-high (filename/path keyword match, content not read)","",""
980,"migration.sql","current-repo","Database;SQL Migration;Implementation Plan;Legal;Compliance","Active","medium-high (filename/path keyword match, content not read)","",""
981,"migration.sql","current-repo","Database;SQL Migration;Implementation Plan","Active","medium-high (filename/path keyword match, content not read)","",""
982,"migration.sql","current-repo","Database;SQL Migration;Implementation Plan","Active","medium-high (filename/path keyword match, content not read)","",""
983,"migration_lock.toml","current-repo","Database;SQL Migration;Implementation Plan","Active","medium-high (filename/path keyword match, content not read)","",""
984,"seed-50-categories.sql","current-repo","Database","Active","medium-high (filename/path keyword match, content not read)","",""
985,"PRISMA_FIX_COMPLETE.md","current-repo","Database","Active","medium-high (filename/path keyword match, content not read)","",""
986,"production.env.template","current-repo","Unknown","Active","low","",""
987,"PRODUCTION_DEPLOYMENT_SUMMARY.md","current-repo","Deployment;Infrastructure","Active","medium-high (filename/path keyword match, content not read)","",""
988,"PRODUCTION_SUMMARY.md","current-repo","Unknown","Active","low","",""
989,"PROJECT-ENHANCEMENT-SUMMARY.md","current-repo","Unknown","Active","low","",""
990,"PROJECT-STATUS-CHECK.md","current-repo","Unknown","Active","low","",""
991,"llms.txt","current-repo","AI;LLM","Active","medium-high (filename/path keyword match, content not read)","",""
992,"common.json","current-repo","Unknown","Active","low","",""
993,"common.json","current-repo","Unknown","Active","low","",""
994,"dashboard.json","current-repo","Unknown","Active","low","",""
995,"manifest.json","current-repo","Unknown","Active","low","",""
996,"temple-bell.mp3.txt","current-repo","Unknown","Active","low","",""
997,"QUALITY-CHECK-COMPLETE.md","current-repo","Unknown","Active","low","",""
998,"QUICK-502-DIAGNOSIS.md","current-repo","Unknown","Active","low","",""
999,"QUICK-DEPLOY-ORACLE.md","current-repo","Deployment;Infrastructure","Active","medium-high (filename/path keyword match, content not read)","",""
1000,"quick-deploy.cjs","current-repo","Deployment;Infrastructure","Active","medium-high (filename/path keyword match, content not read)","",""
1001,"QUICK-DIAGNOSTIC-COMMANDS.sh","current-repo","Unknown","Active","low","",""
1002,"QUICK-FIX-N8N.sh","current-repo","Automation;n8n","Active","medium-high (filename/path keyword match, content not read)","",""
1003,"quick-fix-production.sql","current-repo","Unknown","Active","low","",""
1004,"QUICK-FIX-TIMEOUT.md","current-repo","Unknown","Active","low","",""
1005,"quick-platform-test.cjs","current-repo","Testing;QA","Active","medium-high (filename/path keyword match, content not read)","",""
1006,"QUICK-ROLLBACK.sh","current-repo","Unknown","Active","low","",""
1007,"QUICK-START-AUTO-DEPLOY.md","current-repo","Deployment;Infrastructure","Active","medium-high (filename/path keyword match, content not read)","",""
1008,"quick-status-check.cjs","current-repo","Unknown","Active","low","",""
1009,"QUICK_DEPLOYMENT_STEPS.txt","current-repo","Deployment;Infrastructure","Active","medium-high (filename/path keyword match, content not read)","",""
1010,"QUICK_DEPLOYMENT_TEST.txt","current-repo","Deployment;Infrastructure;Testing;QA","Active","medium-high (filename/path keyword match, content not read)","",""
1011,"QUICK_DEPLOY_COMMANDS.txt","current-repo","Deployment;Infrastructure","Active","medium-high (filename/path keyword match, content not read)","",""
1012,"QUICK_DEPLOY_GUIDE.md","current-repo","Deployment;Infrastructure;Documentation","Active","medium-high (filename/path keyword match, content not read)","",""
1013,"QUICK_START_PRODUCTION.md","current-repo","Unknown","Active","low","",""
1014,"railway.env.example","current-repo","Infrastructure;Deployment","Active","medium-high (filename/path keyword match, content not read)","",""
1015,"railway.json","current-repo","Infrastructure;Deployment","Active","medium-high (filename/path keyword match, content not read)","",""
1016,"railway.toml","current-repo","Infrastructure;Deployment","Active","medium-high (filename/path keyword match, content not read)","",""
1017,"RE-RUN-DEPLOYMENT.md","current-repo","Deployment;Infrastructure","Active","medium-high (filename/path keyword match, content not read)","",""
1018,"README.md","current-repo","Documentation","Active","medium-high (filename/path keyword match, content not read)","",""
1019,"README_DATABASE_ALTERNATIVES.md","current-repo","Documentation","Active","medium-high (filename/path keyword match, content not read)","",""
1020,"REMOVE-FROM-HISTORY.ps1","current-repo","Unknown","Active","low","",""
1021,"REMOVE-LARGE-FILES.ps1","current-repo","Unknown","Active","low","",""
1022,"REMOVE-NETLIFY-SIMPLE.ps1","current-repo","Infrastructure;Deployment","Active","medium-high (filename/path keyword match, content not read)","",""
1023,"render.yaml","current-repo","Infrastructure;Deployment","Active","medium-high (filename/path keyword match, content not read)","",""
1024,"request_body.json","current-repo","Unknown","Active","low","",""
1025,"RESTORE_BACKUP_COMPLETE.sh","current-repo","Unknown","Active","low","",""
1026,"RUN-EMERGENCY-FIX-NOW.sh","current-repo","Unknown","Active","low","",""
1027,"audit-pages.cjs","current-repo","Documentation","Active","medium-high (filename/path keyword match, content not read)","",""
1028,"backup-vercel-production.cjs","current-repo","Infrastructure;Deployment","Active","medium-high (filename/path keyword match, content not read)","",""
1029,"backup.cjs","current-repo","Unknown","Active","low","",""
1030,"create-staging-environment.cjs","current-repo","Unknown","Active","low","",""
1031,"deploy-escrow.cjs","current-repo","Deployment;Infrastructure;Escrow","Active","medium-high (filename/path keyword match, content not read)","",""
1032,"deploy-production.sh","current-repo","Deployment;Infrastructure","Active","medium-high (filename/path keyword match, content not read)","",""
1033,"deploy-safe.cjs","current-repo","Deployment;Infrastructure","Active","medium-high (filename/path keyword match, content not read)","",""
1034,"dev-workflow.cjs","current-repo","Automation","Active","medium-high (filename/path keyword match, content not read)","",""
1035,"migrate-missing-pages.cjs","current-repo","Unknown","Active","low","",""
1036,"migration-test.cjs","current-repo","SQL Migration;Implementation Plan;Testing;QA","Active","medium-high (filename/path keyword match, content not read)","",""
1037,"prisma-baseline.sh","current-repo","Database","Active","medium-high (filename/path keyword match, content not read)","",""
1038,"protect-files.cjs","current-repo","Unknown","Active","low","",""
1039,"pull-vercel-source.cjs","current-repo","Infrastructure;Deployment","Active","medium-high (filename/path keyword match, content not read)","",""
1040,"run-fixed-page-validation.cjs","current-repo","Unknown","Active","low","",""
1041,"safe-merge.cjs","current-repo","Unknown","Active","low","",""
1042,"setup-api-integrations.cjs","current-repo","API;Documentation","Active","medium-high (filename/path keyword match, content not read)","",""
1043,"setup-database.cjs","current-repo","Documentation","Active","medium-high (filename/path keyword match, content not read)","",""
1044,"setup-env.cjs","current-repo","Documentation","Active","medium-high (filename/path keyword match, content not read)","",""
1045,"setup-production-db.sh","current-repo","Documentation","Active","medium-high (filename/path keyword match, content not read)","",""
1046,"setup-vercel-env.sh","current-repo","Infrastructure;Deployment;Documentation","Active","medium-high (filename/path keyword match, content not read)","",""
1047,"smoke-test.ps1","current-repo","Testing;QA","Active","medium-high (filename/path keyword match, content not read)","",""
1048,"smoke-test.sh","current-repo","Testing;QA","Active","medium-high (filename/path keyword match, content not read)","",""
1049,"test-all-pages.cjs","current-repo","Testing;QA","Active","medium-high (filename/path keyword match, content not read)","",""
1050,"vercel-import.cjs","current-repo","Infrastructure;Deployment","Active","medium-high (filename/path keyword match, content not read)","",""
1051,"verify-pages.cjs","current-repo","Unknown","Active","low","",""
1052,"scripts.json","current-repo","Unknown","Active","low","",""
1053,"SEO-HERO-SECTION-UPDATE.md","current-repo","SEO","Active","medium-high (filename/path keyword match, content not read)","",""
1054,".env.example","current-repo","Unknown","Active","low","",""
1055,".env.test","current-repo","Testing;QA","Active","medium-high (filename/path keyword match, content not read)","",""
1056,"test.spec.cjs","current-repo","Testing;QA","Active","medium-high (filename/path keyword match, content not read)","",""
1057,"tsconfig.json","current-repo","Testing;QA","Active","medium-high (filename/path keyword match, content not read)","",""
1058,"package-lock.json","current-repo","Unknown","Active","low","",""
1059,"package.json","current-repo","Unknown","Active","low","",""
1060,"tsconfig.json","current-repo","Unknown","Active","low","",""
1061,"tsconfig.test.json","current-repo","Testing;QA","Active","medium-high (filename/path keyword match, content not read)","",""
1062,"server-tsconfig.json","current-repo","Unknown","Active","low","",""
1063,"SESSION-SUMMARY-AI-INTEGRATION.md","current-repo","AI","Active","medium-high (filename/path keyword match, content not read)","",""
1064,"setup-github-deploy.ps1","current-repo","Deployment;Infrastructure;Documentation","Active","medium-high (filename/path keyword match, content not read)","",""
1065,"SETUP-GITHUB-SECRET.md","current-repo","Documentation","Active","medium-high (filename/path keyword match, content not read)","",""
1066,"setup-ssl-automated.sh","current-repo","Infrastructure;DevOps;Documentation","Active","medium-high (filename/path keyword match, content not read)","",""
1067,"setup-ssl-direct.ps1","current-repo","Infrastructure;DevOps;Documentation","Active","medium-high (filename/path keyword match, content not read)","",""
1068,"setup-ssl-upload-execute.ps1","current-repo","Infrastructure;DevOps;Documentation","Active","medium-high (filename/path keyword match, content not read)","",""
1069,"setup-ssl-via-ssh.ps1","current-repo","Infrastructure;DevOps;Documentation","Active","medium-high (filename/path keyword match, content not read)","",""
1070,"SETUP_COMPLETE.md","current-repo","Documentation","Active","medium-high (filename/path keyword match, content not read)","",""
1071,"SIMPLE-DEPLOY-STEPS.md","current-repo","Deployment;Infrastructure","Active","medium-high (filename/path keyword match, content not read)","",""
1072,"SIMPLE_DEPLOY_COMMANDS.txt","current-repo","Deployment;Infrastructure","Active","medium-high (filename/path keyword match, content not read)","",""
1073,"SITE-IS-LIVE-NEXT-STEPS.md","current-repo","Unknown","Active","low","",""
1074,"marketplace.json","current-repo","Marketplace;Marketing","Active","medium-high (filename/path keyword match, content not read)","",""
1075,"plugin.json","current-repo","Marketing","Active","medium-high (filename/path keyword match, content not read)","",""
1076,"FUNDING.yml","current-repo","Marketing","Active","medium-high (filename/path keyword match, content not read)","",""
1077,"config.yml","current-repo","Marketing","Active","medium-high (filename/path keyword match, content not read)","",""
1078,"skill-request.yml","current-repo","Marketing","Active","medium-high (filename/path keyword match, content not read)","",""
1079,"documentation.md","current-repo","Marketing","Active","medium-high (filename/path keyword match, content not read)","",""
1080,"new-skill.md","current-repo","Marketing","Active","medium-high (filename/path keyword match, content not read)","",""
1081,"skill-update.md","current-repo","Marketing","Active","medium-high (filename/path keyword match, content not read)","",""
1082,"sync-skills.yml","current-repo","DevOps;Automation;Marketing","Active","medium-high (filename/path keyword match, content not read)","",""
1083,"validate-skill.yml","current-repo","DevOps;Automation;Marketing","Active","medium-high (filename/path keyword match, content not read)","",""
1084,"AGENTS.md","current-repo","Agents;Marketing","Active","medium-high (filename/path keyword match, content not read)","",""
1085,"CLAUDE.md","current-repo","Marketing","Active","medium-high (filename/path keyword match, content not read)","",""
1086,"CONTRIBUTING.md","current-repo","Marketing","Active","medium-high (filename/path keyword match, content not read)","",""
1087,"README.md","current-repo","Marketing;Documentation","Active","medium-high (filename/path keyword match, content not read)","",""
1088,"evals.json","current-repo","Marketing;Testing;QA","Active","medium-high (filename/path keyword match, content not read)","",""
1089,"sample-size-guide.md","current-repo","Marketing;Testing;QA;Documentation","Active","medium-high (filename/path keyword match, content not read)","",""
1090,"test-templates.md","current-repo","Marketing;Testing;QA","Active","medium-high (filename/path keyword match, content not read)","",""
1091,"SKILL.md","current-repo","Marketing;Testing;QA","Active","medium-high (filename/path keyword match, content not read)","",""
1092,"evals.json","current-repo","Marketing","Active","medium-high (filename/path keyword match, content not read)","",""
1093,"generative-tools.md","current-repo","Marketing","Active","medium-high (filename/path keyword match, content not read)","",""
1094,"platform-specs.md","current-repo","Marketing","Active","medium-high (filename/path keyword match, content not read)","",""
1095,"SKILL.md","current-repo","Marketing","Active","medium-high (filename/path keyword match, content not read)","",""
1096,"evals.json","current-repo","Marketing","Active","medium-high (filename/path keyword match, content not read)","",""
1097,"ad-copy-templates.md","current-repo","Marketing","Active","medium-high (filename/path keyword match, content not read)","",""
1098,"audience-targeting.md","current-repo","Marketing","Active","medium-high (filename/path keyword match, content not read)","",""
1099,"conversion-tracking.md","current-repo","Marketing","Active","medium-high (filename/path keyword match, content not read)","",""
1100,"platform-setup-checklists.md","current-repo","Marketing;Documentation","Active","medium-high (filename/path keyword match, content not read)","",""
1101,"SKILL.md","current-repo","Marketing","Active","medium-high (filename/path keyword match, content not read)","",""
1102,"evals.json","current-repo","AI;Marketing;SEO","Active","medium-high (filename/path keyword match, content not read)","",""
1103,"content-patterns.md","current-repo","AI;Marketing;SEO","Active","medium-high (filename/path keyword match, content not read)","",""
1104,"content-types.md","current-repo","AI;Marketing;SEO","Active","medium-high (filename/path keyword match, content not read)","",""
1105,"okf.md","current-repo","AI;Marketing;SEO","Active","medium-high (filename/path keyword match, content not read)","",""
1106,"platform-ranking-factors.md","current-repo","AI;Marketing;SEO","Active","medium-high (filename/path keyword match, content not read)","",""
1107,"SKILL.md","current-repo","AI;Marketing;SEO","Active","medium-high (filename/path keyword match, content not read)","",""
1108,"evals.json","current-repo","Marketing;Analytics","Active","medium-high (filename/path keyword match, content not read)","",""
1109,"event-library.md","current-repo","Marketing;Analytics","Active","medium-high (filename/path keyword match, content not read)","",""
1110,"ga4-implementation.md","current-repo","Marketing;Analytics","Active","medium-high (filename/path keyword match, content not read)","",""
1111,"gtm-implementation.md","current-repo","Marketing;Analytics","Active","medium-high (filename/path keyword match, content not read)","",""
1112,"SKILL.md","current-repo","Marketing;Analytics","Active","medium-high (filename/path keyword match, content not read)","",""
1113,"evals.json","current-repo","Marketing","Active","medium-high (filename/path keyword match, content not read)","",""
1114,"apple-specs.md","current-repo","Marketing","Active","medium-high (filename/path keyword match, content not read)","",""
1115,"benchmarks.md","current-repo","Marketing","Active","medium-high (filename/path keyword match, content not read)","",""
1116,"google-play-specs.md","current-repo","Marketing","Active","medium-high (filename/path keyword match, content not read)","",""
1117,"report-template.md","current-repo","Marketing","Active","medium-high (filename/path keyword match, content not read)","",""
1118,"scoring-criteria.md","current-repo","Marketing","Active","medium-high (filename/path keyword match, content not read)","",""
1119,"SKILL.md","current-repo","Marketing","Active","medium-high (filename/path keyword match, content not read)","",""
1120,"evals.json","current-repo","Marketing","Active","medium-high (filename/path keyword match, content not read)","",""
1121,"cancel-flow-patterns.md","current-repo","Marketing","Active","medium-high (filename/path keyword match, content not read)","",""
1122,"dunning-playbook.md","current-repo","Marketing","Active","medium-high (filename/path keyword match, content not read)","",""
1123,"SKILL.md","current-repo","Marketing","Active","medium-high (filename/path keyword match, content not read)","",""
1124,"evals.json","current-repo","Marketing","Active","medium-high (filename/path keyword match, content not read)","",""
1125,"SKILL.md","current-repo","Marketing","Active","medium-high (filename/path keyword match, content not read)","",""
1126,"evals.json","current-repo","Marketing","Active","medium-high (filename/path keyword match, content not read)","",""
1127,"benchmarks.md","current-repo","Marketing","Active","medium-high (filename/path keyword match, content not read)","",""
1128,"follow-up-sequences.md","current-repo","Marketing","Active","medium-high (filename/path keyword match, content not read)","",""
1129,"frameworks.md","current-repo","Marketing","Active","medium-high (filename/path keyword match, content not read)","",""
1130,"personalization.md","current-repo","Marketing","Active","medium-high (filename/path keyword match, content not read)","",""
1131,"subject-lines.md","current-repo","Marketing","Active","medium-high (filename/path keyword match, content not read)","",""
1132,"SKILL.md","current-repo","Marketing","Active","medium-high (filename/path keyword match, content not read)","",""
1133,"evals.json","current-repo","Marketing","Active","medium-high (filename/path keyword match, content not read)","",""
1134,"SKILL.md","current-repo","Marketing","Active","medium-high (filename/path keyword match, content not read)","",""
1135,"evals.json","current-repo","Marketing","Active","medium-high (filename/path keyword match, content not read)","",""
1136,"templates.md","current-repo","Marketing","Active","medium-high (filename/path keyword match, content not read)","",""
1137,"tool-reference.md","current-repo","Marketing","Active","medium-high (filename/path keyword match, content not read)","",""
1138,"SKILL.md","current-repo","Marketing","Active","medium-high (filename/path keyword match, content not read)","",""
1139,"evals.json","current-repo","Marketing","Active","medium-high (filename/path keyword match, content not read)","",""
1140,"content-architecture.md","current-repo","Architecture;Marketing","Active","medium-high (filename/path keyword match, content not read)","",""
1141,"templates.md","current-repo","Marketing","Active","medium-high (filename/path keyword match, content not read)","",""
1142,"SKILL.md","current-repo","Marketing","Active","medium-high (filename/path keyword match, content not read)","",""
1143,"evals.json","current-repo","Marketing","Active","medium-high (filename/path keyword match, content not read)","",""
1144,"headless-cms.md","current-repo","Marketing","Active","medium-high (filename/path keyword match, content not read)","",""
1145,"SKILL.md","current-repo","Marketing","Active","medium-high (filename/path keyword match, content not read)","",""
1146,"evals.json","current-repo","Marketing","Active","medium-high (filename/path keyword match, content not read)","",""
1147,"checklist.md","current-repo","Marketing;Documentation","Active","medium-high (filename/path keyword match, content not read)","",""
1148,"content-refresh.md","current-repo","Marketing","Active","medium-high (filename/path keyword match, content not read)","",""
1149,"plain-english-alternatives.md","current-repo","Marketing","Active","medium-high (filename/path keyword match, content not read)","",""
1150,"SKILL.md","current-repo","Marketing","Active","medium-high (filename/path keyword match, content not read)","",""
1151,"evals.json","current-repo","Marketing","Active","medium-high (filename/path keyword match, content not read)","",""
1152,"copy-frameworks.md","current-repo","Marketing","Active","medium-high (filename/path keyword match, content not read)","",""
1153,"natural-transitions.md","current-repo","Marketing","Active","medium-high (filename/path keyword match, content not read)","",""
1154,"SKILL.md","current-repo","Marketing","Active","medium-high (filename/path keyword match, content not read)","",""
1155,"evals.json","current-repo","Marketing","Active","medium-high (filename/path keyword match, content not read)","",""
1156,"experiments.md","current-repo","Marketing","Active","medium-high (filename/path keyword match, content not read)","",""
1157,"form.md","current-repo","Marketing","Active","medium-high (filename/path keyword match, content not read)","",""
1158,"SKILL.md","current-repo","Marketing","Active","medium-high (filename/path keyword match, content not read)","",""
1159,"evals.json","current-repo","Marketing;Research","Active","medium-high (filename/path keyword match, content not read)","",""
1160,"source-guides.md","current-repo","Marketing;Research;Documentation","Active","medium-high (filename/path keyword match, content not read)","",""
1161,"SKILL.md","current-repo","Marketing;Research","Active","medium-high (filename/path keyword match, content not read)","",""
1162,"evals.json","current-repo","Marketing","Active","medium-high (filename/path keyword match, content not read)","",""
1163,"directory-list.md","current-repo","Marketing","Active","medium-high (filename/path keyword match, content not read)","",""
1164,"positioning-variations.md","current-repo","Marketing","Active","medium-high (filename/path keyword match, content not read)","",""
1165,"submission-tracker-template.csv","current-repo","Marketing","Active","medium-high (filename/path keyword match, content not read)","",""
1166,"SKILL.md","current-repo","Marketing","Active","medium-high (filename/path keyword match, content not read)","",""
1167,"evals.json","current-repo","Marketing","Active","medium-high (filename/path keyword match, content not read)","",""
1168,"copy-guidelines.md","current-repo","Marketing;Documentation","Active","medium-high (filename/path keyword match, content not read)","",""
1169,"email-types.md","current-repo","Marketing","Active","medium-high (filename/path keyword match, content not read)","",""
1170,"sequence-templates.md","current-repo","Marketing","Active","medium-high (filename/path keyword match, content not read)","",""
1171,"SKILL.md","current-repo","Marketing","Active","medium-high (filename/path keyword match, content not read)","",""
1172,"evals.json","current-repo","Marketing","Active","medium-high (filename/path keyword match, content not read)","",""
1173,"tool-types.md","current-repo","Marketing","Active","medium-high (filename/path keyword match, content not read)","",""
1174,"SKILL.md","current-repo","Marketing","Active","medium-high (filename/path keyword match, content not read)","",""
1175,"evals.json","current-repo","Marketing","Active","medium-high (filename/path keyword match, content not read)","",""
1176,"ai-image-prompting.md","current-repo","AI;Prompt Engineering;Marketing","Active","medium-high (filename/path keyword match, content not read)","",""
1177,"SKILL.md","current-repo","Marketing","Active","medium-high (filename/path keyword match, content not read)","",""
1178,"evals.json","current-repo","Marketing","Active","medium-high (filename/path keyword match, content not read)","",""
1179,"SKILL.md","current-repo","Marketing","Active","medium-high (filename/path keyword match, content not read)","",""
1180,"evals.json","current-repo","Marketing","Active","medium-high (filename/path keyword match, content not read)","",""
1181,"benchmarks.md","current-repo","Marketing","Active","medium-high (filename/path keyword match, content not read)","",""
1182,"format-guide.md","current-repo","Marketing;Documentation","Active","medium-high (filename/path keyword match, content not read)","",""
1183,"SKILL.md","current-repo","Marketing","Active","medium-high (filename/path keyword match, content not read)","",""
1184,"evals.json","current-repo","Marketing","Active","medium-high (filename/path keyword match, content not read)","",""
1185,"ideas-by-category.md","current-repo","Marketing","Active","medium-high (filename/path keyword match, content not read)","",""
1186,"SKILL.md","current-repo","Marketing","Active","medium-high (filename/path keyword match, content not read)","",""
1187,"evals.json","current-repo","Marketing","Active","medium-high (filename/path keyword match, content not read)","",""
1188,"aarrr-framework.md","current-repo","Marketing","Active","medium-high (filename/path keyword match, content not read)","",""
1189,"budget-planning.md","current-repo","Marketing","Active","medium-high (filename/path keyword match, content not read)","",""
1190,"client-types.md","current-repo","Marketing","Active","medium-high (filename/path keyword match, content not read)","",""
1191,"current-state-rubric.md","current-repo","Marketing","Active","medium-high (filename/path keyword match, content not read)","",""
1192,"example-quietude.md","current-repo","Marketing","Active","medium-high (filename/path keyword match, content not read)","",""
1193,"funding-stage-unlocks.md","current-repo","Marketing","Active","medium-high (filename/path keyword match, content not read)","",""
1194,"growth-patterns.md","current-repo","Marketing","Active","medium-high (filename/path keyword match, content not read)","",""
1195,"idea-cross-reference.md","current-repo","Marketing","Active","medium-high (filename/path keyword match, content not read)","",""
1196,"measurement-framework.md","current-repo","Marketing","Active","medium-high (filename/path keyword match, content not read)","",""
1197,"methodology.md","current-repo","Marketing","Active","medium-high (filename/path keyword match, content not read)","",""
1198,"ops-stack-mapping.md","current-repo","Marketing","Active","medium-high (filename/path keyword match, content not read)","",""
1199,"plan-template.md","current-repo","Marketing","Active","medium-high (filename/path keyword match, content not read)","",""
1200,"team-and-agency-model.md","current-repo","Marketing","Active","medium-high (filename/path keyword match, content not read)","",""
1201,"SKILL.md","current-repo","Marketing","Active","medium-high (filename/path keyword match, content not read)","",""
1202,"evals.json","current-repo","Marketing","Active","medium-high (filename/path keyword match, content not read)","",""
1203,"SKILL.md","current-repo","Marketing","Active","medium-high (filename/path keyword match, content not read)","",""
1204,"evals.json","current-repo","Marketing","Active","medium-high (filename/path keyword match, content not read)","",""
1205,"experiments.md","current-repo","Marketing","Active","medium-high (filename/path keyword match, content not read)","",""
1206,"SKILL.md","current-repo","Marketing","Active","medium-high (filename/path keyword match, content not read)","",""
1207,"evals.json","current-repo","Marketing","Active","medium-high (filename/path keyword match, content not read)","",""
1208,"experiments.md","current-repo","Marketing","Active","medium-high (filename/path keyword match, content not read)","",""
1209,"SKILL.md","current-repo","Marketing","Active","medium-high (filename/path keyword match, content not read)","",""
1210,"evals.json","current-repo","Marketing","Active","medium-high (filename/path keyword match, content not read)","",""
1211,"SKILL.md","current-repo","Marketing","Active","medium-high (filename/path keyword match, content not read)","",""
1212,"evals.json","current-repo","Marketing","Active","medium-high (filename/path keyword match, content not read)","",""
1213,"research-methods.md","current-repo","Marketing;Research","Active","medium-high (filename/path keyword match, content not read)","",""
1214,"tier-structure.md","current-repo","Marketing","Active","medium-high (filename/path keyword match, content not read)","",""
1215,"SKILL.md","current-repo","Marketing","Active","medium-high (filename/path keyword match, content not read)","",""
1216,"evals.json","current-repo","Marketing","Active","medium-high (filename/path keyword match, content not read)","",""
1217,"SKILL.md","current-repo","Marketing","Active","medium-high (filename/path keyword match, content not read)","",""
1218,"evals.json","current-repo","Marketing;SEO","Active","medium-high (filename/path keyword match, content not read)","",""
1219,"playbooks.md","current-repo","Marketing;SEO","Active","medium-high (filename/path keyword match, content not read)","",""
1220,"SKILL.md","current-repo","Marketing;SEO","Active","medium-high (filename/path keyword match, content not read)","",""
1221,"evals.json","current-repo","Marketing","Active","medium-high (filename/path keyword match, content not read)","",""
1222,"b2b-prospecting.md","current-repo","Marketing","Active","medium-high (filename/path keyword match, content not read)","",""
1223,"compliance.md","current-repo","Marketing;Compliance","Active","medium-high (filename/path keyword match, content not read)","",""
1224,"data-sources.md","current-repo","Marketing","Active","medium-high (filename/path keyword match, content not read)","",""
1225,"local-prospecting.md","current-repo","Marketing","Active","medium-high (filename/path keyword match, content not read)","",""
1226,"saas-prospecting.md","current-repo","Marketing","Active","medium-high (filename/path keyword match, content not read)","",""
1227,"SKILL.md","current-repo","Marketing","Active","medium-high (filename/path keyword match, content not read)","",""
1228,"journalist-pitching.md","current-repo","Marketing","Active","medium-high (filename/path keyword match, content not read)","",""
1229,"media-outlets.md","current-repo","Marketing","Active","medium-high (filename/path keyword match, content not read)","",""
1230,"newsjacking.md","current-repo","Marketing","Active","medium-high (filename/path keyword match, content not read)","",""
1231,"press-platforms.md","current-repo","Marketing","Active","medium-high (filename/path keyword match, content not read)","",""
1232,"SKILL.md","current-repo","Marketing","Active","medium-high (filename/path keyword match, content not read)","",""
1233,"evals.json","current-repo","Marketing","Active","medium-high (filename/path keyword match, content not read)","",""
1234,"affiliate-programs.md","current-repo","Marketing","Active","medium-high (filename/path keyword match, content not read)","",""
1235,"program-examples.md","current-repo","Marketing","Active","medium-high (filename/path keyword match, content not read)","",""
1236,"SKILL.md","current-repo","Marketing","Active","medium-high (filename/path keyword match, content not read)","",""
1237,"evals.json","current-repo","Marketing","Active","medium-high (filename/path keyword match, content not read)","",""
1238,"automation-playbooks.md","current-repo","Automation;Marketing","Active","medium-high (filename/path keyword match, content not read)","",""
1239,"lifecycle-definitions.md","current-repo","Marketing","Active","medium-high (filename/path keyword match, content not read)","",""
1240,"routing-rules.md","current-repo","Marketing","Active","medium-high (filename/path keyword match, content not read)","",""
1241,"scoring-models.md","current-repo","Marketing","Active","medium-high (filename/path keyword match, content not read)","",""
1242,"SKILL.md","current-repo","Marketing","Active","medium-high (filename/path keyword match, content not read)","",""
1243,"evals.json","current-repo","Marketing","Active","medium-high (filename/path keyword match, content not read)","",""
1244,"deck-frameworks.md","current-repo","Marketing","Active","medium-high (filename/path keyword match, content not read)","",""
1245,"demo-scripts.md","current-repo","Marketing","Active","medium-high (filename/path keyword match, content not read)","",""
1246,"objection-library.md","current-repo","Marketing","Active","medium-high (filename/path keyword match, content not read)","",""
1247,"one-pager-templates.md","current-repo","Marketing","Active","medium-high (filename/path keyword match, content not read)","",""
1248,"SKILL.md","current-repo","Marketing","Active","medium-high (filename/path keyword match, content not read)","",""
1249,"evals.json","current-repo","Marketing","Active","medium-high (filename/path keyword match, content not read)","",""
1250,"schema-examples.md","current-repo","Marketing","Active","medium-high (filename/path keyword match, content not read)","",""
1251,"SKILL.md","current-repo","Marketing","Active","medium-high (filename/path keyword match, content not read)","",""
1252,"evals.json","current-repo","Marketing;SEO;Documentation","Active","medium-high (filename/path keyword match, content not read)","",""
1253,"ai-writing-detection.md","current-repo","AI;Marketing;SEO;Documentation","Active","medium-high (filename/path keyword match, content not read)","",""
1254,"international-seo.md","current-repo","Marketing;SEO;Documentation","Active","medium-high (filename/path keyword match, content not read)","",""
1255,"SKILL.md","current-repo","Marketing;SEO;Documentation","Active","medium-high (filename/path keyword match, content not read)","",""
1256,"evals.json","current-repo","Marketing","Active","medium-high (filename/path keyword match, content not read)","",""
1257,"SKILL.md","current-repo","Marketing","Active","medium-high (filename/path keyword match, content not read)","",""
1258,"evals.json","current-repo","Architecture;Marketing","Active","medium-high (filename/path keyword match, content not read)","",""
1259,"mermaid-templates.md","current-repo","Architecture;Marketing","Active","medium-high (filename/path keyword match, content not read)","",""
1260,"navigation-patterns.md","current-repo","Architecture;Marketing","Active","medium-high (filename/path keyword match, content not read)","",""
1261,"site-type-templates.md","current-repo","Architecture;Marketing","Active","medium-high (filename/path keyword match, content not read)","",""
1262,"SKILL.md","current-repo","Architecture;Marketing","Active","medium-high (filename/path keyword match, content not read)","",""
1263,"evals.json","current-repo","Marketing","Active","medium-high (filename/path keyword match, content not read)","",""
1264,"compliance.md","current-repo","Marketing;Compliance","Active","medium-high (filename/path keyword match, content not read)","",""
1265,"platforms.md","current-repo","Marketing","Active","medium-high (filename/path keyword match, content not read)","",""
1266,"sequence-templates.md","current-repo","Marketing","Active","medium-high (filename/path keyword match, content not read)","",""
1267,"SKILL.md","current-repo","Marketing","Active","medium-high (filename/path keyword match, content not read)","",""
1268,"evals.json","current-repo","Marketing","Active","medium-high (filename/path keyword match, content not read)","",""
1269,"listening-sources-template.md","current-repo","Marketing","Active","medium-high (filename/path keyword match, content not read)","",""
1270,"listening.md","current-repo","Marketing","Active","medium-high (filename/path keyword match, content not read)","",""
1271,"platform-limits.md","current-repo","Marketing","Active","medium-high (filename/path keyword match, content not read)","",""
1272,"platforms.md","current-repo","Marketing","Active","medium-high (filename/path keyword match, content not read)","",""
1273,"post-templates.md","current-repo","Marketing","Active","medium-high (filename/path keyword match, content not read)","",""
1274,"reverse-engineering.md","current-repo","Marketing","Active","medium-high (filename/path keyword match, content not read)","",""
1275,"short-form-video.md","current-repo","Marketing","Active","medium-high (filename/path keyword match, content not read)","",""
1276,"SKILL.md","current-repo","Marketing","Active","medium-high (filename/path keyword match, content not read)","",""
1277,"evals.json","current-repo","Marketing","Active","medium-high (filename/path keyword match, content not read)","",""
1278,"ai-video-prompting.md","current-repo","AI;Prompt Engineering;Marketing","Active","medium-high (filename/path keyword match, content not read)","",""
1279,"SKILL.md","current-repo","Marketing","Active","medium-high (filename/path keyword match, content not read)","",""
1280,"README.md","current-repo","Marketing;Documentation","Active","medium-high (filename/path keyword match, content not read)","",""
1281,"marketing-tools.md","current-repo","Marketing","Active","medium-high (filename/path keyword match, content not read)","",""
1282,"README.md","current-repo","Marketing;Documentation","Active","medium-high (filename/path keyword match, content not read)","",""
1283,"activecampaign.md","current-repo","Marketing","Active","medium-high (filename/path keyword match, content not read)","",""
1284,"adobe-analytics.md","current-repo","Marketing;Analytics","Active","medium-high (filename/path keyword match, content not read)","",""
1285,"ahrefs.md","current-repo","Marketing","Active","medium-high (filename/path keyword match, content not read)","",""
1286,"airops.md","current-repo","Marketing","Active","medium-high (filename/path keyword match, content not read)","",""
1287,"amplitude.md","current-repo","Marketing","Active","medium-high (filename/path keyword match, content not read)","",""
1288,"apollo.md","current-repo","Marketing","Active","medium-high (filename/path keyword match, content not read)","",""
1289,"attentive.md","current-repo","Marketing","Active","medium-high (filename/path keyword match, content not read)","",""
1290,"audiencetap.md","current-repo","Marketing","Active","medium-high (filename/path keyword match, content not read)","",""
1291,"beehiiv.md","current-repo","Marketing","Active","medium-high (filename/path keyword match, content not read)","",""
1292,"brevo.md","current-repo","Marketing","Active","medium-high (filename/path keyword match, content not read)","",""
1293,"browserbase.md","current-repo","Marketing","Active","medium-high (filename/path keyword match, content not read)","",""
1294,"buffer.md","current-repo","Marketing","Active","medium-high (filename/path keyword match, content not read)","",""
1295,"calendly.md","current-repo","Marketing","Active","medium-high (filename/path keyword match, content not read)","",""
1296,"clay.md","current-repo","Marketing","Active","medium-high (filename/path keyword match, content not read)","",""
1297,"clearbit.md","current-repo","Marketing","Active","medium-high (filename/path keyword match, content not read)","",""
1298,"close.md","current-repo","Marketing","Active","medium-high (filename/path keyword match, content not read)","",""
1299,"cogny.md","current-repo","Marketing","Active","medium-high (filename/path keyword match, content not read)","",""
1300,"composio.md","current-repo","Marketing","Active","medium-high (filename/path keyword match, content not read)","",""
1301,"contentful.md","current-repo","Marketing","Active","medium-high (filename/path keyword match, content not read)","",""
1302,"coupler.md","current-repo","Marketing","Active","medium-high (filename/path keyword match, content not read)","",""
1303,"crossbeam.md","current-repo","Marketing","Active","medium-high (filename/path keyword match, content not read)","",""
1304,"customer-io.md","current-repo","Marketing","Active","medium-high (filename/path keyword match, content not read)","",""
1305,"dataforseo.md","current-repo","Marketing","Active","medium-high (filename/path keyword match, content not read)","",""
1306,"demio.md","current-repo","Marketing","Active","medium-high (filename/path keyword match, content not read)","",""
1307,"dub-co.md","current-repo","Marketing","Active","medium-high (filename/path keyword match, content not read)","",""
1308,"exa.md","current-repo","Marketing","Active","medium-high (filename/path keyword match, content not read)","",""
1309,"firecrawl.md","current-repo","Marketing","Active","medium-high (filename/path keyword match, content not read)","",""
1310,"firehose.md","current-repo","Marketing","Active","medium-high (filename/path keyword match, content not read)","",""
1311,"g2.md","current-repo","Marketing","Active","medium-high (filename/path keyword match, content not read)","",""
1312,"ga4.md","current-repo","Marketing","Active","medium-high (filename/path keyword match, content not read)","",""
1313,"github.md","current-repo","Marketing","Active","medium-high (filename/path keyword match, content not read)","",""
1314,"gong.md","current-repo","Marketing","Active","medium-high (filename/path keyword match, content not read)","",""
1315,"google-ads.md","current-repo","Marketing","Active","medium-high (filename/path keyword match, content not read)","",""
1316,"google-search-console.md","current-repo","Marketing","Active","medium-high (filename/path keyword match, content not read)","",""
1317,"heygen.md","current-repo","Marketing","Active","medium-high (filename/path keyword match, content not read)","",""
1318,"hotjar.md","current-repo","Marketing","Active","medium-high (filename/path keyword match, content not read)","",""
1319,"hubspot.md","current-repo","Marketing","Active","medium-high (filename/path keyword match, content not read)","",""
1320,"hunter.md","current-repo","Marketing","Active","medium-high (filename/path keyword match, content not read)","",""
1321,"hyperframes.md","current-repo","Marketing","Active","medium-high (filename/path keyword match, content not read)","",""
1322,"instantly.md","current-repo","Marketing","Active","medium-high (filename/path keyword match, content not read)","",""
1323,"intercom.md","current-repo","Marketing","Active","medium-high (filename/path keyword match, content not read)","",""
1324,"introw.md","current-repo","Marketing","Active","medium-high (filename/path keyword match, content not read)","",""
1325,"keywords-everywhere.md","current-repo","Marketing","Active","medium-high (filename/path keyword match, content not read)","",""
1326,"kit.md","current-repo","Marketing","Active","medium-high (filename/path keyword match, content not read)","",""
1327,"klaviyo.md","current-repo","Marketing","Active","medium-high (filename/path keyword match, content not read)","",""
1328,"lemlist.md","current-repo","Marketing","Active","medium-high (filename/path keyword match, content not read)","",""
1329,"linkedin-ads.md","current-repo","Marketing","Active","medium-high (filename/path keyword match, content not read)","",""
1330,"livestorm.md","current-repo","Marketing","Active","medium-high (filename/path keyword match, content not read)","",""
1331,"mailchimp.md","current-repo","Marketing","Active","medium-high (filename/path keyword match, content not read)","",""
1332,"mention-me.md","current-repo","Marketing","Active","medium-high (filename/path keyword match, content not read)","",""
1333,"meta-ads.md","current-repo","Marketing","Active","medium-high (filename/path keyword match, content not read)","",""
1334,"mixpanel.md","current-repo","Marketing","Active","medium-high (filename/path keyword match, content not read)","",""
1335,"nitrosend.md","current-repo","Marketing","Active","medium-high (filename/path keyword match, content not read)","",""
1336,"onesignal.md","current-repo","Marketing","Active","medium-high (filename/path keyword match, content not read)","",""
1337,"optimizely.md","current-repo","Marketing","Active","medium-high (filename/path keyword match, content not read)","",""
1338,"outreach.md","current-repo","Marketing","Active","medium-high (filename/path keyword match, content not read)","",""
1339,"paddle.md","current-repo","Marketing","Active","medium-high (filename/path keyword match, content not read)","",""
1340,"partnerstack.md","current-repo","Marketing","Active","medium-high (filename/path keyword match, content not read)","",""
1341,"pendo.md","current-repo","Marketing","Active","medium-high (filename/path keyword match, content not read)","",""
1342,"plausible.md","current-repo","Marketing","Active","medium-high (filename/path keyword match, content not read)","",""
1343,"plivo.md","current-repo","Marketing","Active","medium-high (filename/path keyword match, content not read)","",""
1344,"posthog.md","current-repo","Marketing","Active","medium-high (filename/path keyword match, content not read)","",""
1345,"postmark.md","current-repo","Marketing","Active","medium-high (filename/path keyword match, content not read)","",""
1346,"postscript.md","current-repo","Marketing","Active","medium-high (filename/path keyword match, content not read)","",""
1347,"rankparse.md","current-repo","Marketing","Active","medium-high (filename/path keyword match, content not read)","",""
1348,"rb2b.md","current-repo","Marketing","Active","medium-high (filename/path keyword match, content not read)","",""
1349,"resend.md","current-repo","Marketing","Active","medium-high (filename/path keyword match, content not read)","",""
1350,"rewardful.md","current-repo","Marketing","Active","medium-high (filename/path keyword match, content not read)","",""
1351,"salesforce.md","current-repo","Marketing","Active","medium-high (filename/path keyword match, content not read)","",""
1352,"sanity.md","current-repo","Marketing","Active","medium-high (filename/path keyword match, content not read)","",""
1353,"savvycal.md","current-repo","Marketing","Active","medium-high (filename/path keyword match, content not read)","",""
1354,"segment.md","current-repo","Marketing","Active","medium-high (filename/path keyword match, content not read)","",""
1355,"semrush.md","current-repo","Marketing","Active","medium-high (filename/path keyword match, content not read)","",""
1356,"sendgrid.md","current-repo","Marketing","Active","medium-high (filename/path keyword match, content not read)","",""
1357,"sequenzy.md","current-repo","Marketing","Active","medium-high (filename/path keyword match, content not read)","",""
1358,"shopify.md","current-repo","Marketing","Active","medium-high (filename/path keyword match, content not read)","",""
1359,"similarweb.md","current-repo","Marketing","Active","medium-high (filename/path keyword match, content not read)","",""
1360,"snov.md","current-repo","Marketing","Active","medium-high (filename/path keyword match, content not read)","",""
1361,"sparktoro.md","current-repo","Marketing","Active","medium-high (filename/path keyword match, content not read)","",""
1362,"strapi.md","current-repo","Marketing","Active","medium-high (filename/path keyword match, content not read)","",""
1363,"stripe.md","current-repo","Marketing","Active","medium-high (filename/path keyword match, content not read)","",""
1364,"supermetrics.md","current-repo","Marketing","Active","medium-high (filename/path keyword match, content not read)","",""
1365,"tiktok-ads.md","current-repo","Marketing","Active","medium-high (filename/path keyword match, content not read)","",""
1366,"tolt.md","current-repo","Marketing","Active","medium-high (filename/path keyword match, content not read)","",""
1367,"truelist.md","current-repo","Marketing","Active","medium-high (filename/path keyword match, content not read)","",""
1368,"trustpilot.md","current-repo","Marketing","Active","medium-high (filename/path keyword match, content not read)","",""
1369,"twilio.md","current-repo","Marketing","Active","medium-high (filename/path keyword match, content not read)","",""
1370,"typeform.md","current-repo","Marketing","Active","medium-high (filename/path keyword match, content not read)","",""
1371,"webflow.md","current-repo","Marketing","Active","medium-high (filename/path keyword match, content not read)","",""
1372,"wistia.md","current-repo","Marketing","Active","medium-high (filename/path keyword match, content not read)","",""
1373,"wordpress.md","current-repo","Marketing","Active","medium-high (filename/path keyword match, content not read)","",""
1374,"zapier.md","current-repo","Marketing","Active","medium-high (filename/path keyword match, content not read)","",""
1375,"zoominfo.md","current-repo","Marketing","Active","medium-high (filename/path keyword match, content not read)","",""
1376,"REGISTRY.md","current-repo","Marketing","Active","medium-high (filename/path keyword match, content not read)","",""
1377,"validate-skills-official.sh","current-repo","Marketing","Active","medium-high (filename/path keyword match, content not read)","",""
1378,"validate-skills.sh","current-repo","Marketing","Active","medium-high (filename/path keyword match, content not read)","",""
1379,"VERSIONS.md","current-repo","Marketing","Active","medium-high (filename/path keyword match, content not read)","",""
1380,"skills-lock.json","current-repo","Unknown","Active","low","",""
1381,"001_create_supplier_schema.sql","current-repo","SQL Migration;Implementation Plan;Supplier","Active","medium-high (filename/path keyword match, content not read)","",""
1382,"package.json","current-repo","Database","Active","medium-high (filename/path keyword match, content not read)","",""
1383,"001_create_supplier_schema.sql","current-repo","SQL Migration;Implementation Plan;Supplier","Active","medium-high (filename/path keyword match, content not read)","",""
1384,"SSL-ACTIVE-CONFIGURE-N8N-ROUTING.md","current-repo","Infrastructure;DevOps;Automation;n8n","Active","medium-high (filename/path keyword match, content not read)","",""
1385,"SSL-CERTIFICATES-ALREADY-ACTIVE.md","current-repo","Infrastructure;DevOps","Active","medium-high (filename/path keyword match, content not read)","",""
1386,"SSL-CONFIGURED-FIX-CONNECTION.md","current-repo","Infrastructure;DevOps","Active","medium-high (filename/path keyword match, content not read)","",""
1387,"SSL-SETUP-COMMAND.txt","current-repo","Infrastructure;DevOps;Documentation","Active","medium-high (filename/path keyword match, content not read)","",""
1388,"START-NGINX-VERIFY-CONFIG.md","current-repo","Unknown","Active","low","",""
1389,"start_clean_dev.ps1","current-repo","Unknown","Active","low","",""
1390,"20251109_leaderboard.sql","current-repo","SQL Migration;Implementation Plan","Active","medium-high (filename/path keyword match, content not read)","",""
1391,"SUPPLIER_PROFILE_FILES_INVENTORY.md","current-repo","Supplier","Active","medium-high (filename/path keyword match, content not read)","",""
1392,"SUPPLIER_PROFILE_IMPLEMENTATION_PLAN.md","current-repo","Implementation Plan;Supplier","Active","medium-high (filename/path keyword match, content not read)","",""
1393,"task-definition.json","current-repo","Unknown","Active","low","",""
1394,"test-bell24h-complete.cjs","current-repo","Testing;QA","Active","medium-high (filename/path keyword match, content not read)","",""
1395,"test-final-fixes.cjs","current-repo","Testing;QA","Active","medium-high (filename/path keyword match, content not read)","",""
1396,"test-system-complete.cjs","current-repo","Testing;QA","Active","medium-high (filename/path keyword match, content not read)","",""
1397,"tmp-explain-test.json","current-repo","Testing;QA","Active","medium-high (filename/path keyword match, content not read)","",""
1398,"TODO-21-25-IMPLEMENTATION-COMPLETE.md","current-repo","Implementation Plan","Active","medium-high (filename/path keyword match, content not read)","",""
1399,"TODO-21-25-IMPLEMENTATION-PLAN.md","current-repo","Implementation Plan","Active","medium-high (filename/path keyword match, content not read)","",""
1400,"TODO-ITEMS-21-25-EXTRACTED.md","current-repo","Unknown","Active","low","",""
1401,"train_supplier_model.py","current-repo","Supplier","Active","medium-high (filename/path keyword match, content not read)","",""
1402,"TRANSACTION-LOOP-TEST-REPORT.md","current-repo","Testing;QA","Active","medium-high (filename/path keyword match, content not read)","",""
1403,"trust-engine.sql","current-repo","Unknown","Active","low","",""
1404,"tsconfig.e2e.json","current-repo","Testing;QA","Active","medium-high (filename/path keyword match, content not read)","",""
1405,"tsconfig.json","current-repo","Unknown","Active","low","",""
1406,"tsconfig.server.json","current-repo","Unknown","Active","low","",""
1407,"ULTRA-FAST-MCP-WORKING-REPORT.md","current-repo","Unknown","Active","low","",""
1408,"update-env.sh","current-repo","Unknown","Active","low","",""
1409,"USER-DASHBOARD-FEATURES-LIST.md","current-repo","Unknown","Active","low","",""
1410,"vercel.json","current-repo","Infrastructure;Deployment","Active","medium-high (filename/path keyword match, content not read)","",""
1411,"vercel.local.json","current-repo","Infrastructure;Deployment","Active","medium-high (filename/path keyword match, content not read)","",""
1412,"vercel.production.json","current-repo","Infrastructure;Deployment","Active","medium-high (filename/path keyword match, content not read)","",""
1413,"VERCEL_ENV_SETUP.md","current-repo","Infrastructure;Deployment;Documentation","Active","medium-high (filename/path keyword match, content not read)","",""
1414,"VERIFY-SITE-STATUS.md","current-repo","Unknown","Active","low","",""
1415,"WHAT-IS-NEXT.md","current-repo","Unknown","Active","low","",""
1416,"wrangler.toml","current-repo","Unknown","Active","low","",""
1417,"new-mcp-server.yaml","current-repo","Legacy","Archived","medium-high (filename/path keyword match, content not read)","",""
1418,"new-mcpServer.yaml","current-repo","Legacy","Archived","medium-high (filename/path keyword match, content not read)","",""
1419,"new-model.yaml","current-repo","Legacy","Archived","medium-high (filename/path keyword match, content not read)","",""
1420,"Dockerfile","current-repo","Infrastructure;DevOps;Legacy","Archived","medium-high (filename/path keyword match, content not read)","",""
1421,"environment.json","current-repo","Legacy","Archived","medium-high (filename/path keyword match, content not read)","",""
1422,"mcp.json","current-repo","Legacy","Archived","medium-high (filename/path keyword match, content not read)","",""
1423,"settings.json","current-repo","Legacy","Archived","medium-high (filename/path keyword match, content not read)","",""
1424,".env.example","current-repo","Legacy","Archived","medium-high (filename/path keyword match, content not read)","",""
1425,".env.local.backup.1756839874707","current-repo","Legacy","Archived","medium-high (filename/path keyword match, content not read)","",""
1426,".env.local.backup.1756844683945","current-repo","Legacy","Archived","medium-high (filename/path keyword match, content not read)","",""
1427,".env.local.example","current-repo","Legacy","Archived","medium-high (filename/path keyword match, content not read)","",""
1428,".env.local.txt","current-repo","Legacy","Archived","medium-high (filename/path keyword match, content not read)","",""
1429,".env.neon","current-repo","Legacy","Archived","medium-high (filename/path keyword match, content not read)","",""
1430,".env.neon.example","current-repo","Legacy","Archived","medium-high (filename/path keyword match, content not read)","",""
1431,".env.production.example","current-repo","Legacy","Archived","medium-high (filename/path keyword match, content not read)","",""
1432,".env.production.protected-backup","current-repo","Legacy","Archived","medium-high (filename/path keyword match, content not read)","",""
1433,".env.production.template","current-repo","Legacy","Archived","medium-high (filename/path keyword match, content not read)","",""
1434,".env.staging","current-repo","Legacy","Archived","medium-high (filename/path keyword match, content not read)","",""
1435,".env.template","current-repo","Legacy","Archived","medium-high (filename/path keyword match, content not read)","",""
1436,".env.test","current-repo","Testing;QA;Legacy","Archived","medium-high (filename/path keyword match, content not read)","",""
1437,".env.windsurf","current-repo","Legacy","Archived","medium-high (filename/path keyword match, content not read)","",""
1438,"cypress.yml","current-repo","DevOps;Automation;Testing;QA;Legacy","Archived","medium-high (filename/path keyword match, content not read)","",""
1439,"deploy.yml","current-repo","Deployment;Infrastructure;DevOps;Automation;Legacy","Archived","medium-high (filename/path keyword match, content not read)","",""
1440,"pages.yml","current-repo","DevOps;Automation;Legacy","Archived","medium-high (filename/path keyword match, content not read)","",""
1441,".protected-files-checksums.json","current-repo","Legacy","Archived","medium-high (filename/path keyword match, content not read)","",""
1442,"Complete RFQ Routes, Prisma Baseline, and Deploy.md","current-repo","Database;Deployment;Infrastructure;RFQ;Legacy","Archived","medium-high (filename/path keyword match, content not read)","",""
1443,"Server Verification And n8n 502 Fix Over SSH.md","current-repo","Automation;n8n;Legacy","Archived","medium-high (filename/path keyword match, content not read)","",""
1444,".vercel-env-vars.txt","current-repo","Infrastructure;Deployment;Legacy","Archived","medium-high (filename/path keyword match, content not read)","",""
1445,".webthinkerrc.json","current-repo","Legacy","Archived","medium-high (filename/path keyword match, content not read)","",""
1446,"ADD-DNS-A-RECORDS.md","current-repo","Infrastructure;DevOps;Legacy","Archived","medium-high (filename/path keyword match, content not read)","",""
1447,"ADMIN-PANEL-COMPREHENSIVE-AUDIT.md","current-repo","Documentation;Legacy","Archived","medium-high (filename/path keyword match, content not read)","",""
1448,"Aggressive-Git-Cleanup.ps1","current-repo","Legacy","Archived","medium-high (filename/path keyword match, content not read)","",""
1449,"docker-compose.yml","current-repo","Infrastructure;DevOps;AI;Legacy","Archived","medium-high (filename/path keyword match, content not read)","",""
1450,"Dockerfile","current-repo","Infrastructure;DevOps;AI;Legacy","Archived","medium-high (filename/path keyword match, content not read)","",""
1451,"main.py","current-repo","AI;Legacy","Archived","medium-high (filename/path keyword match, content not read)","",""
1452,"monitoring.py","current-repo","AI;Legacy","Archived","medium-high (filename/path keyword match, content not read)","",""
1453,"requirements.txt","current-repo","AI;Legacy","Archived","medium-high (filename/path keyword match, content not read)","",""
1454,"AI-FEATURES-COMPLETE-STATUS.md","current-repo","AI;Legacy","Archived","medium-high (filename/path keyword match, content not read)","",""
1455,"ALL-API-ROUTES-SUMMARY.md","current-repo","API;Legacy","Archived","medium-high (filename/path keyword match, content not read)","",""
1456,"API-AI-FEATURES-VERIFICATION.md","current-repo","API;AI;Legacy","Archived","medium-high (filename/path keyword match, content not read)","",""
1457,"api-spec.yaml","current-repo","API;Legacy","Archived","medium-high (filename/path keyword match, content not read)","",""
1458,"package.json","current-repo","Legacy","Archived","medium-high (filename/path keyword match, content not read)","",""
1459,"audit-report-2025-09-02.json","current-repo","Documentation;Legacy","Archived","medium-high (filename/path keyword match, content not read)","",""
1460,"404-scan-20250801_022036.txt","current-repo","Documentation;Legacy","Archived","medium-high (filename/path keyword match, content not read)","",""
1461,"auto-deploy-everything.ps1","current-repo","Deployment;Infrastructure;Legacy","Archived","medium-high (filename/path keyword match, content not read)","",""
1462,"AUTO-DEPLOY-NOW.ps1","current-repo","Deployment;Infrastructure;Legacy","Archived","medium-high (filename/path keyword match, content not read)","",""
1463,"AUTO-DEPLOY-SUMMARY.md","current-repo","Deployment;Infrastructure;Legacy","Archived","medium-high (filename/path keyword match, content not read)","",""
1464,"auto-execution-config.json","current-repo","Legacy","Archived","medium-high (filename/path keyword match, content not read)","",""
1465,"auto-fix-502-and-deploy.sh","current-repo","Deployment;Infrastructure;Legacy","Archived","medium-high (filename/path keyword match, content not read)","",""
1466,"AUTO-VERIFY-SITE.ps1","current-repo","Legacy","Archived","medium-high (filename/path keyword match, content not read)","",""
1467,"automated-deployment-verification.ps1","current-repo","Deployment;Infrastructure;Legacy","Archived","medium-high (filename/path keyword match, content not read)","",""
1468,"AUTO_DEPLOY_FINAL.cjs","current-repo","Deployment;Infrastructure;Legacy","Archived","medium-high (filename/path keyword match, content not read)","",""
1469,"engine.py","current-repo","Testing;QA;Legacy","Archived","medium-high (filename/path keyword match, content not read)","",""
1470,"engine_prisma.py","current-repo","Database;Testing;QA;Legacy","Archived","medium-high (filename/path keyword match, content not read)","",""
1471,"__init__.py","current-repo","Testing;QA;Legacy","Archived","medium-high (filename/path keyword match, content not read)","",""
1472,"ab_test.py","current-repo","API;Testing;QA;Legacy","Archived","medium-high (filename/path keyword match, content not read)","",""
1473,"tasks.py","current-repo","API;Legacy","Archived","medium-high (filename/path keyword match, content not read)","",""
1474,"__init__.py","current-repo","API;Legacy","Archived","medium-high (filename/path keyword match, content not read)","",""
1475,"ai.py","current-repo","API;Legacy","Archived","medium-high (filename/path keyword match, content not read)","",""
1476,"__init__.py","current-repo","API;Legacy","Archived","medium-high (filename/path keyword match, content not read)","",""
1477,"__init__.py","current-repo","API;Legacy","Archived","medium-high (filename/path keyword match, content not read)","",""
1478,"prioritizer.py","current-repo","Legacy","Archived","medium-high (filename/path keyword match, content not read)","",""
1479,"__init__.py","current-repo","Legacy","Archived","medium-high (filename/path keyword match, content not read)","",""
1480,"verify.py","current-repo","Legacy","Archived","medium-high (filename/path keyword match, content not read)","",""
1481,"postgres.py","current-repo","Legacy","Archived","medium-high (filename/path keyword match, content not read)","",""
1482,"scaling.py","current-repo","Legacy","Archived","medium-high (filename/path keyword match, content not read)","",""
1483,"__init__.py","current-repo","Legacy","Archived","medium-high (filename/path keyword match, content not read)","",""
1484,"conversion_dashboard.py","current-repo","Legacy","Archived","medium-high (filename/path keyword match, content not read)","",""
1485,"__init__.py","current-repo","Legacy","Archived","medium-high (filename/path keyword match, content not read)","",""
1486,"protocol.py","current-repo","Documentation;Legacy","Archived","medium-high (filename/path keyword match, content not read)","",""
1487,"__init__.py","current-repo","Documentation;Legacy","Archived","medium-high (filename/path keyword match, content not read)","",""
1488,"ai_services.py","current-repo","AI;Legacy","Archived","medium-high (filename/path keyword match, content not read)","",""
1489,"__init__.py","current-repo","Legacy","Archived","medium-high (filename/path keyword match, content not read)","",""
1490,"enhancement_queue.py","current-repo","Legacy","Archived","medium-high (filename/path keyword match, content not read)","",""
1491,"__init__.py","current-repo","Legacy","Archived","medium-high (filename/path keyword match, content not read)","",""
1492,"__init__.py","current-repo","Legacy","Archived","medium-high (filename/path keyword match, content not read)","",""
1493,"deploy.sh","current-repo","Deployment;Infrastructure;Legacy","Archived","medium-high (filename/path keyword match, content not read)","",""
1494,"DEPLOYMENT.md","current-repo","Deployment;Infrastructure;Legacy","Archived","medium-high (filename/path keyword match, content not read)","",""
1495,"dev_server.py","current-repo","Legacy","Archived","medium-high (filename/path keyword match, content not read)","",""
1496,"docker-compose.yml","current-repo","Infrastructure;DevOps;Legacy","Archived","medium-high (filename/path keyword match, content not read)","",""
1497,"Dockerfile","current-repo","Infrastructure;DevOps;Legacy","Archived","medium-high (filename/path keyword match, content not read)","",""
1498,"N8N_WORKFLOW_SETUP.md","current-repo","Automation;n8n;Documentation;Legacy","Archived","medium-high (filename/path keyword match, content not read)","",""
1499,"README.md","current-repo","Automation;n8n;Documentation;Legacy","Archived","medium-high (filename/path keyword match, content not read)","",""
1500,"test-workflows.sh","current-repo","Automation;n8n;Testing;QA;Legacy","Archived","medium-high (filename/path keyword match, content not read)","",""
1501,"invite-companies-claim.json","current-repo","Automation;n8n;Legacy","Archived","medium-high (filename/path keyword match, content not read)","",""
1502,"marketing-automation.json","current-repo","Automation;n8n;Marketing;Legacy","Archived","medium-high (filename/path keyword match, content not read)","",""
1503,"rfq-ai-matching.json","current-repo","AI;Automation;n8n;RFQ;Legacy","Archived","medium-high (filename/path keyword match, content not read)","",""
1504,"PRODUCTION_CHECKLIST.md","current-repo","Documentation;Legacy","Archived","medium-high (filename/path keyword match, content not read)","",""
1505,"README.md","current-repo","Documentation;Legacy","Archived","medium-high (filename/path keyword match, content not read)","",""
1506,"requirements.txt","current-repo","Legacy","Archived","medium-high (filename/path keyword match, content not read)","",""
1507,"clean_fake_data.py","current-repo","Legacy","Archived","medium-high (filename/path keyword match, content not read)","",""
1508,"README_POST_AUDIT.md","current-repo","Documentation;Legacy","Archived","medium-high (filename/path keyword match, content not read)","",""
1509,"run_post_audit_protocol.py","current-repo","Documentation;Legacy","Archived","medium-high (filename/path keyword match, content not read)","",""
1510,"train_sample_rfq_model.py","current-repo","Legacy","Archived","medium-high (filename/path keyword match, content not read)","",""
1511,"test_ai_explain.py","current-repo","AI;Testing;QA;Legacy","Archived","medium-high (filename/path keyword match, content not read)","",""
1512,"test_ai_service.py","current-repo","AI;Testing;QA;Legacy","Archived","medium-high (filename/path keyword match, content not read)","",""
1513,"backup-critical-files.cjs","current-repo","Legacy","Archived","medium-high (filename/path keyword match, content not read)","",""
1514,"BELL24h Bootstrap Risk Audit & Mitigation Report.pdf","current-repo","Documentation;Legacy","Archived","medium-high (filename/path keyword match, content not read)","",""
1515,"BELL24H-COMPREHENSIVE-AUDIT-REPORT.md","current-repo","Documentation;Legacy","Archived","medium-high (filename/path keyword match, content not read)","",""
1516,"BELL24H-DOCUMENTATION-ENHANCEMENT-AUDIT.md","current-repo","Documentation;Legacy","Archived","medium-high (filename/path keyword match, content not read)","",""
1517,"bell24h_audit_20250726_123214.txt","current-repo","Documentation;Legacy","Archived","medium-high (filename/path keyword match, content not read)","",""
1518,"BELL24H_BLOCKCHAIN_DEPLOYMENT_GUIDE.md","current-repo","Deployment;Infrastructure;Documentation;Architecture;AI;Legacy","Archived","medium-high (filename/path keyword match, content not read)","",""
1519,"BELL24H_BLOCKCHAIN_IMPLEMENTATION_COMPLETE.md","current-repo","Implementation Plan;Architecture;AI;Legacy","Archived","medium-high (filename/path keyword match, content not read)","",""
1520,"BELL24H_BLOCKCHAIN_IMPLEMENTATION_PLAN.md","current-repo","Implementation Plan;Architecture;AI;Legacy","Archived","medium-high (filename/path keyword match, content not read)","",""
1521,"BELL24H_COMPREHENSIVE_AUDIT.md","current-repo","Documentation;Legacy","Archived","medium-high (filename/path keyword match, content not read)","",""
1522,"BELL24H_COMPREHENSIVE_AUDIT_REPORT.md","current-repo","Documentation;Legacy","Archived","medium-high (filename/path keyword match, content not read)","",""
1523,"BELL24H_CURRENT_STATUS.md","current-repo","Legacy","Archived","medium-high (filename/path keyword match, content not read)","",""
1524,"BELL24H_DEPLOYMENT_SUCCESS_SUMMARY.md","current-repo","Deployment;Infrastructure;Legacy","Archived","medium-high (filename/path keyword match, content not read)","",""
1525,"BELL24H_EMPIRE_100_PERCENT_COMPLETE.md","current-repo","Legacy","Archived","medium-high (filename/path keyword match, content not read)","",""
1526,"BELL24H_FEATURES_COMPLETION_TABLE.md","current-repo","Feature Specification;Legacy","Archived","medium-high (filename/path keyword match, content not read)","",""
1527,"BELL24H_LAUNCH_READY_COMPLETE.md","current-repo","Legacy","Archived","medium-high (filename/path keyword match, content not read)","",""
1528,"BELL24H_MARKETING_CAMPAIGN_LAUNCH.md","current-repo","Marketing;Legacy","Archived","medium-high (filename/path keyword match, content not read)","",""
1529,"BELL24H_PLANNED_VS_IMPLEMENTED_FEATURES.md","current-repo","Feature Specification;Legacy","Archived","medium-high (filename/path keyword match, content not read)","",""
1530,"BRANDING-NAVIGATION-AUDIT-REPORT.md","current-repo","Branding;Documentation;Legacy","Archived","medium-high (filename/path keyword match, content not read)","",""
1531,"BRUTAL_FIX_SETUP.md","current-repo","Documentation;Legacy","Archived","medium-high (filename/path keyword match, content not read)","",""
1532,"build_spec.yaml","current-repo","Legacy","Archived","medium-high (filename/path keyword match, content not read)","",""
1533,"BUILD_STABILIZATION_TODO.md","current-repo","Legacy","Archived","medium-high (filename/path keyword match, content not read)","",""
1534,"CATEGORIES_SOLUTION.md","current-repo","Legacy","Archived","medium-high (filename/path keyword match, content not read)","",""
1535,"CHECK-BUILD-ON-VM.md","current-repo","Legacy","Archived","medium-high (filename/path keyword match, content not read)","",""
1536,"check-build-via-ssh.ps1","current-repo","Legacy","Archived","medium-high (filename/path keyword match, content not read)","",""
1537,"CHECK-DOCKER-BUILD-PROGRESS.sh","current-repo","Infrastructure;DevOps;Legacy","Archived","medium-high (filename/path keyword match, content not read)","",""
1538,".env.local.txt","current-repo","Legacy","Archived","medium-high (filename/path keyword match, content not read)","",""
1539,".eslintrc.json","current-repo","Legacy","Archived","medium-high (filename/path keyword match, content not read)","",""
1540,"auto-categories.yml","current-repo","DevOps;Automation;Legacy","Archived","medium-high (filename/path keyword match, content not read)","",""
1541,"auto-deploy.yml","current-repo","Deployment;Infrastructure;DevOps;Automation;Legacy","Archived","medium-high (filename/path keyword match, content not read)","",""
1542,"ci.yml","current-repo","DevOps;Automation;Legacy","Archived","medium-high (filename/path keyword match, content not read)","",""
1543,"deploy-bell24h.yml","current-repo","Deployment;Infrastructure;DevOps;Automation;Legacy","Archived","medium-high (filename/path keyword match, content not read)","",""
1544,"AI_FEATURES_ANALYSIS.md","current-repo","AI;Legacy","Archived","medium-high (filename/path keyword match, content not read)","",""
1545,"API_TESTING_GUIDE.md","current-repo","Testing;QA;Documentation;Legacy","Archived","medium-high (filename/path keyword match, content not read)","",""
1546,"ARCHITECTURE_ANALYSIS.md","current-repo","Architecture;Legacy","Archived","medium-high (filename/path keyword match, content not read)","",""
1547,"AUTOMATED_DEPLOYMENT_GUIDE.md","current-repo","Deployment;Infrastructure;Documentation;Legacy","Archived","medium-high (filename/path keyword match, content not read)","",""
1548,"package-lock.json","current-repo","Architecture;AI;Legacy","Archived","medium-high (filename/path keyword match, content not read)","",""
1549,"package.json","current-repo","Architecture;AI;Legacy","Archived","medium-high (filename/path keyword match, content not read)","",""
1550,"check-tables.sql","current-repo","Legacy","Archived","medium-high (filename/path keyword match, content not read)","",""
1551,"CLOUDFLARE_NAMESERVERS.txt","current-repo","Infrastructure;Deployment;Legacy","Archived","medium-high (filename/path keyword match, content not read)","",""
1552,"COMPREHENSIVE_AUDIT.md","current-repo","Documentation;Legacy","Archived","medium-high (filename/path keyword match, content not read)","",""
1553,"COMPREHENSIVE_SETUP_README.md","current-repo","Documentation;Legacy","Archived","medium-high (filename/path keyword match, content not read)","",""
1554,"README.md","current-repo","Testing;QA;Documentation;Legacy","Archived","medium-high (filename/path keyword match, content not read)","",""
1555,"deploy-fly.ps1","current-repo","Deployment;Infrastructure;Legacy","Archived","medium-high (filename/path keyword match, content not read)","",""
1556,"deploy-to-vercel.ps1","current-repo","Deployment;Infrastructure;Legacy","Archived","medium-high (filename/path keyword match, content not read)","",""
1557,"deploy.ps1","current-repo","Deployment;Infrastructure;Legacy","Archived","medium-high (filename/path keyword match, content not read)","",""
1558,"deploy.sh","current-repo","Deployment;Infrastructure;Legacy","Archived","medium-high (filename/path keyword match, content not read)","",""
1559,"docker-compose.production.yml","current-repo","Infrastructure;DevOps;Deployment;Legacy","Archived","medium-high (filename/path keyword match, content not read)","",""
1560,"deployment-sepolia-1750821000242.json","current-repo","Deployment;Infrastructure;Legacy","Archived","medium-high (filename/path keyword match, content not read)","",""
1561,"deployment-sepolia-1750821000382.json","current-repo","Deployment;Infrastructure;Legacy","Archived","medium-high (filename/path keyword match, content not read)","",""
1562,"deployment-sepolia-1750821063711.json","current-repo","Deployment;Infrastructure;Legacy","Archived","medium-high (filename/path keyword match, content not read)","",""
1563,"deployment-sepolia-1750821063886.json","current-repo","Deployment;Infrastructure;Legacy","Archived","medium-high (filename/path keyword match, content not read)","",""
1564,"deployment-sepolia-1750873878414.json","current-repo","Deployment;Infrastructure;Legacy","Archived","medium-high (filename/path keyword match, content not read)","",""
1565,"deployment-sepolia-1750873878506.json","current-repo","Deployment;Infrastructure;Legacy","Archived","medium-high (filename/path keyword match, content not read)","",""
1566,"deployment-sepolia-1750874902251.json","current-repo","Deployment;Infrastructure;Legacy","Archived","medium-high (filename/path keyword match, content not read)","",""
1567,"deployment-sepolia-1750874902415.json","current-repo","Deployment;Infrastructure;Legacy","Archived","medium-high (filename/path keyword match, content not read)","",""
1568,"deployment-sepolia-1751339466284.json","current-repo","Deployment;Infrastructure;Legacy","Archived","medium-high (filename/path keyword match, content not read)","",""
1569,"deployment-sepolia-1751339466399.json","current-repo","Deployment;Infrastructure;Legacy","Archived","medium-high (filename/path keyword match, content not read)","",""
1570,"deployment-sepolia-1754075911920.json","current-repo","Deployment;Infrastructure;Legacy","Archived","medium-high (filename/path keyword match, content not read)","",""
1571,"deployment-sepolia-1754075912202.json","current-repo","Deployment;Infrastructure;Legacy","Archived","medium-high (filename/path keyword match, content not read)","",""
1572,"deployment-sepolia-1754076005060.json","current-repo","Deployment;Infrastructure;Legacy","Archived","medium-high (filename/path keyword match, content not read)","",""
1573,"deployment-sepolia-1754076005378.json","current-repo","Deployment;Infrastructure;Legacy","Archived","medium-high (filename/path keyword match, content not read)","",""
1574,"DEPLOYMENT_GUIDE.md","current-repo","Deployment;Infrastructure;Documentation;Legacy","Archived","medium-high (filename/path keyword match, content not read)","",""
1575,"DEPLOYMENT_STATUS_UPDATE.md","current-repo","Deployment;Infrastructure;Legacy","Archived","medium-high (filename/path keyword match, content not read)","",""
1576,"DEPLOYMENT_VERIFICATION_REPORT.md","current-repo","Deployment;Infrastructure;Legacy","Archived","medium-high (filename/path keyword match, content not read)","",""
1577,"DNS_SETUP_GUIDE.txt","current-repo","Infrastructure;DevOps;Documentation;Legacy","Archived","medium-high (filename/path keyword match, content not read)","",""
1578,"docker-compose.n8n.yml","current-repo","Infrastructure;DevOps;Automation;n8n;Legacy","Archived","medium-high (filename/path keyword match, content not read)","",""
1579,"docker-compose.yml","current-repo","Infrastructure;DevOps;Legacy","Archived","medium-high (filename/path keyword match, content not read)","",""
1580,"Dockerfile","current-repo","Infrastructure;DevOps;Legacy","Archived","medium-high (filename/path keyword match, content not read)","",""
1581,"Dockerfile.n8n","current-repo","Infrastructure;DevOps;Automation;n8n;Legacy","Archived","medium-high (filename/path keyword match, content not read)","",""
1582,"EMERGENCY_VERCEL_FIX.md","current-repo","Infrastructure;Deployment;Legacy","Archived","medium-high (filename/path keyword match, content not read)","",""
1583,"env-example.txt","current-repo","Legacy","Archived","medium-high (filename/path keyword match, content not read)","",""
1584,"FINAL_DOMAIN_SETUP.txt","current-repo","Documentation;Legacy","Archived","medium-high (filename/path keyword match, content not read)","",""
1585,"FINAL_LAUNCH_SQL.sql","current-repo","Legacy","Archived","medium-high (filename/path keyword match, content not read)","",""
1586,"FINAL_STATUS_REPORT.md","current-repo","Legacy","Archived","medium-high (filename/path keyword match, content not read)","",""
1587,"FIXES_COMPLETE.md","current-repo","Legacy","Archived","medium-high (filename/path keyword match, content not read)","",""
1588,"FLY-DEPLOYMENT-GUIDE.md","current-repo","Deployment;Infrastructure;Documentation;Legacy","Archived","medium-high (filename/path keyword match, content not read)","",""
1589,"fly.toml","current-repo","Legacy","Archived","medium-high (filename/path keyword match, content not read)","",""
1590,"HOMEPAGE_COMPLETE_STATUS.md","current-repo","Legacy","Archived","medium-high (filename/path keyword match, content not read)","",""
1591,"HOW_TO_RUN.txt","current-repo","Documentation;Legacy","Archived","medium-high (filename/path keyword match, content not read)","",""
1592,"lighthouse-mobile-baseline.json","current-repo","Legacy","Archived","medium-high (filename/path keyword match, content not read)","",""
1593,"lighthouse-report.json","current-repo","Legacy","Archived","medium-high (filename/path keyword match, content not read)","",""
1594,"LIVE_WEBSITE_VERIFICATION.md","current-repo","Legacy","Archived","medium-high (filename/path keyword match, content not read)","",""
1595,"MIGRATION_PLAN.md","current-repo","SQL Migration;Implementation Plan;Legacy","Archived","medium-high (filename/path keyword match, content not read)","",""
1596,"neon-config.json","current-repo","Legacy","Archived","medium-high (filename/path keyword match, content not read)","",""
1597,"ONBOARDING_FIX_GUIDE.md","current-repo","Documentation;Legacy","Archived","medium-high (filename/path keyword match, content not read)","",""
1598,"openai_key.txt","current-repo","AI;Legacy","Archived","medium-high (filename/path keyword match, content not read)","",""
1599,"deploy.sh","current-repo","API;Deployment;Infrastructure;Legacy","Archived","medium-high (filename/path keyword match, content not read)","",""
1600,"package.json","current-repo","API;Deployment;Infrastructure;Legacy","Archived","medium-high (filename/path keyword match, content not read)","",""
1601,"deploy-all.sh","current-repo","Deployment;Infrastructure;Legacy","Archived","medium-high (filename/path keyword match, content not read)","",""
1602,"deploy.sh","current-repo","Deployment;Infrastructure;Legacy","Archived","medium-high (filename/path keyword match, content not read)","",""
1603,"main.py","current-repo","Deployment;Infrastructure;Legacy","Archived","medium-high (filename/path keyword match, content not read)","",""
1604,"requirements.txt","current-repo","Deployment;Infrastructure;Legacy","Archived","medium-high (filename/path keyword match, content not read)","",""
1605,"README.md","current-repo","Deployment;Infrastructure;Documentation;Legacy","Archived","medium-high (filename/path keyword match, content not read)","",""
1606,"package-lock.json","current-repo","Legacy","Archived","medium-high (filename/path keyword match, content not read)","",""
1607,"package.json","current-repo","Legacy","Archived","medium-high (filename/path keyword match, content not read)","",""
1608,"PERFORMANCE_OPTIMIZATION.md","current-repo","Legacy","Archived","medium-high (filename/path keyword match, content not read)","",""
1609,"PERFORMANCE_ROUTE_FIX_SUMMARY.md","current-repo","Legacy","Archived","medium-high (filename/path keyword match, content not read)","",""
1610,"PRISMA_CASING_FIX_SUMMARY.md","current-repo","Database;Legacy","Archived","medium-high (filename/path keyword match, content not read)","",""
1611,"production.env.template","current-repo","Legacy","Archived","medium-high (filename/path keyword match, content not read)","",""
1612,"common.json","current-repo","Legacy","Archived","medium-high (filename/path keyword match, content not read)","",""
1613,"dashboard.json","current-repo","Legacy","Archived","medium-high (filename/path keyword match, content not read)","",""
1614,"manifest.json","current-repo","Legacy","Archived","medium-high (filename/path keyword match, content not read)","",""
1615,"robots.txt","current-repo","Legacy","Archived","medium-high (filename/path keyword match, content not read)","",""
1616,"QUICK_FIX_SUMMARY.md","current-repo","Legacy","Archived","medium-high (filename/path keyword match, content not read)","",""
1617,"railway.env.example","current-repo","Infrastructure;Deployment;Legacy","Archived","medium-high (filename/path keyword match, content not read)","",""
1618,"railway.json","current-repo","Infrastructure;Deployment;Legacy","Archived","medium-high (filename/path keyword match, content not read)","",""
1619,"RETURNS_ARRAY_FIX_SUMMARY.md","current-repo","Legacy","Archived","medium-high (filename/path keyword match, content not read)","",""
1620,"RISKMETRICS_FIX_SUMMARY.md","current-repo","Legacy","Archived","medium-high (filename/path keyword match, content not read)","",""
1621,"run-comprehensive-setup.ps1","current-repo","Documentation;Legacy","Archived","medium-high (filename/path keyword match, content not read)","",""
1622,"bulk-directory-submit.py","current-repo","Legacy","Archived","medium-high (filename/path keyword match, content not read)","",""
1623,"deploy-n8n-cloud.sh","current-repo","Deployment;Infrastructure;Automation;n8n;Legacy","Archived","medium-high (filename/path keyword match, content not read)","",""
1624,"deploy-n8n-production.sh","current-repo","Deployment;Infrastructure;Automation;n8n;Legacy","Archived","medium-high (filename/path keyword match, content not read)","",""
1625,"generate_categories.py","current-repo","Legacy","Archived","medium-high (filename/path keyword match, content not read)","",""
1626,"security-audit.json","current-repo","Security;Authentication;Documentation;Legacy","Archived","medium-high (filename/path keyword match, content not read)","",""
1627,"SENTIMENT_FIX_SUMMARY.md","current-repo","Legacy","Archived","medium-high (filename/path keyword match, content not read)","",""
1628,"STATUS_REPORT.md","current-repo","Legacy","Archived","medium-high (filename/path keyword match, content not read)","",""
1629,"STOCK_DATA_FIX_SUMMARY.md","current-repo","Legacy","Archived","medium-high (filename/path keyword match, content not read)","",""
1630,"supabase-schema.sql","current-repo","Legacy","Archived","medium-high (filename/path keyword match, content not read)","",""
1631,"test-apis.ps1","current-repo","Testing;QA;Legacy","Archived","medium-high (filename/path keyword match, content not read)","",""
1632,"test-build.ps1","current-repo","Testing;QA;Legacy","Archived","medium-high (filename/path keyword match, content not read)","",""
1633,"test-website.ps1","current-repo","Testing;QA;Legacy","Archived","medium-high (filename/path keyword match, content not read)","",""
1634,"THEME_UPDATE_COMPLETE.md","current-repo","Legacy","Archived","medium-high (filename/path keyword match, content not read)","",""
1635,"tsconfig.json","current-repo","Legacy","Archived","medium-high (filename/path keyword match, content not read)","",""
1636,"TYPESCRIPT_FIXES_SUMMARY.md","current-repo","Legacy","Archived","medium-high (filename/path keyword match, content not read)","",""
1637,"TYPE_MISMATCH_FIX_SUMMARY.md","current-repo","Legacy","Archived","medium-high (filename/path keyword match, content not read)","",""
1638,"UPDATE_NAMESERVERS.txt","current-repo","Legacy","Archived","medium-high (filename/path keyword match, content not read)","",""
1639,"user_profiles_schema.sql","current-repo","Legacy","Archived","medium-high (filename/path keyword match, content not read)","",""
1640,"VERCEL-ENVIRONMENT-SETUP.md","current-repo","Infrastructure;Deployment;Documentation;Legacy","Archived","medium-high (filename/path keyword match, content not read)","",""
1641,"vercel.json","current-repo","Infrastructure;Deployment;Legacy","Archived","medium-high (filename/path keyword match, content not read)","",""
1642,"VERCEL_BUILD_FIX_SUMMARY.md","current-repo","Infrastructure;Deployment;Legacy","Archived","medium-high (filename/path keyword match, content not read)","",""
1643,"VIDEO_RFQ_FIXED.txt","current-repo","RFQ;Legacy","Archived","medium-high (filename/path keyword match, content not read)","",""
1644,"VOICE_RFQ_FIXED.txt","current-repo","RFQ;Legacy","Archived","medium-high (filename/path keyword match, content not read)","",""
1645,"client-tsconfig.json","current-repo","Legacy","Archived","medium-high (filename/path keyword match, content not read)","",""
1646,"client_secret_2_1044360968417-avn6r7navbtelcvocsauv7j6ck6egvnl.apps.googleusercontent.com.json","current-repo","Legacy","Archived","medium-high (filename/path keyword match, content not read)","",""
1647,"CLOUDFLARE-BUILD-COMMAND-CLARIFICATION.md","current-repo","Infrastructure;Deployment;Legacy","Archived","medium-high (filename/path keyword match, content not read)","",""
1648,"CLOUDFLARE-DNS-QUICK-FIX.md","current-repo","Infrastructure;Deployment;DevOps;Legacy","Archived","medium-high (filename/path keyword match, content not read)","",""
1649,"CLOUDFLARE-PAGES-BUILD-FIX.md","current-repo","Infrastructure;Deployment;Legacy","Archived","medium-high (filename/path keyword match, content not read)","",""
1650,"cloudflare-pages-config.json","current-repo","Infrastructure;Deployment;Legacy","Archived","medium-high (filename/path keyword match, content not read)","",""
1651,"CLOUDFLARE-PAGES-FINAL-FIX.md","current-repo","Infrastructure;Deployment;Legacy","Archived","medium-high (filename/path keyword match, content not read)","",""
1652,"CLOUDFLARE-PAGES-NEXT-STEPS.md","current-repo","Infrastructure;Deployment;Legacy","Archived","medium-high (filename/path keyword match, content not read)","",""
1653,"CLOUDFLARE-PAGES-SETTINGS-FIX.md","current-repo","Infrastructure;Deployment;Legacy","Archived","medium-high (filename/path keyword match, content not read)","",""
1654,"CLOUDFLARE-PAGES-SETUP.md","current-repo","Infrastructure;Deployment;Documentation;Legacy","Archived","medium-high (filename/path keyword match, content not read)","",""
1655,"CLOUDFLARE-PAGES-TEST.md","current-repo","Infrastructure;Deployment;Testing;QA;Legacy","Archived","medium-high (filename/path keyword match, content not read)","",""
1656,"CLOUDFLARE-SETUP-STEP-BY-STEP.md","current-repo","Infrastructure;Deployment;Documentation;Legacy","Archived","medium-high (filename/path keyword match, content not read)","",""
1657,"commit-and-push-fix.ps1","current-repo","Legacy","Archived","medium-high (filename/path keyword match, content not read)","",""
1658,"COMPANY_PROFILE_CLAIMING_IMPLEMENTATION_COMPLETE.md","current-repo","Implementation Plan;Legacy","Archived","medium-high (filename/path keyword match, content not read)","",""
1659,"COMPANY_PROFILE_CLAIMING_SUMMARY.md","current-repo","Legacy","Archived","medium-high (filename/path keyword match, content not read)","",""
1660,"COMPLETE-AUTOMATIC-DEPLOY.ps1","current-repo","Deployment;Infrastructure;Legacy","Archived","medium-high (filename/path keyword match, content not read)","",""
1661,"complete-database-setup-400-categories.sql","current-repo","Documentation;Legacy","Archived","medium-high (filename/path keyword match, content not read)","",""
1662,"complete-database-setup.sql","current-repo","Documentation;Legacy","Archived","medium-high (filename/path keyword match, content not read)","",""
1663,"COMPLETE-DEPLOYMENT.ps1","current-repo","Deployment;Infrastructure;Legacy","Archived","medium-high (filename/path keyword match, content not read)","",""
1664,"COMPLETE-FEATURE-INVENTORY.md","current-repo","Feature Specification;Legacy","Archived","medium-high (filename/path keyword match, content not read)","",""
1665,"COMPLETE_AUTOMATED_FIX_SUMMARY.md","current-repo","Legacy","Archived","medium-high (filename/path keyword match, content not read)","",""
1666,"COMPLETE_DEPLOYMENT_ANALYSIS.md","current-repo","Deployment;Infrastructure;Legacy","Archived","medium-high (filename/path keyword match, content not read)","",""
1667,"COMPLETE_PROJECT_REBUILD.cjs","current-repo","Legacy","Archived","medium-high (filename/path keyword match, content not read)","",""
1668,"COMPLETE_SETUP_SUMMARY.md","current-repo","Documentation;Legacy","Archived","medium-high (filename/path keyword match, content not read)","",""
1669,"composer.json","current-repo","Legacy","Archived","medium-high (filename/path keyword match, content not read)","",""
1670,"COMPREHENSIVE-AUDIT-REPORT.md","current-repo","Documentation;Legacy","Archived","medium-high (filename/path keyword match, content not read)","",""
1671,"COMPREHENSIVE-FIX.ps1","current-repo","Legacy","Archived","medium-high (filename/path keyword match, content not read)","",""
1672,"COMPREHENSIVE-PROJECT-AUDIT-2025.md","current-repo","Documentation;Legacy","Archived","medium-high (filename/path keyword match, content not read)","",""
1673,"COMPREHENSIVE-PROJECT-AUDIT-AND-ASSESSMENT.md","current-repo","Documentation;Legacy","Archived","medium-high (filename/path keyword match, content not read)","",""
1674,"COMPREHENSIVE_AUDIT_REPORT.md","current-repo","Documentation;Legacy","Archived","medium-high (filename/path keyword match, content not read)","",""
1675,"COMPREHENSIVE_MCP_AUDIT_REPORT.md","current-repo","Documentation;Legacy","Archived","medium-high (filename/path keyword match, content not read)","",""
1676,"COMPREHENSIVE_MCP_AUDIT_REPORT_FINAL.md","current-repo","Documentation;Legacy","Archived","medium-high (filename/path keyword match, content not read)","",""
1677,"COPY-PASTE-COMMANDS.txt","current-repo","Legacy","Archived","medium-high (filename/path keyword match, content not read)","",""
1678,"COPY_PASTE_DEPLOYMENT.txt","current-repo","Deployment;Infrastructure;Legacy","Archived","medium-high (filename/path keyword match, content not read)","",""
1679,"CURRENT-STATUS-AND-NEXT-STEPS.md","current-repo","Legacy","Archived","medium-high (filename/path keyword match, content not read)","",""
1680,"cursor-mcp-config.json","current-repo","Legacy","Archived","medium-high (filename/path keyword match, content not read)","",""
1681,"CURSOR-MCP-HYBRID-INTEGRATION.md","current-repo","Legacy","Archived","medium-high (filename/path keyword match, content not read)","",""
1682,"CURSOR-MCP-INTEGRATION-COMPLETE-REPORT.md","current-repo","Legacy","Archived","medium-high (filename/path keyword match, content not read)","",""
1683,"CURSOR-MCP-INTEGRATION-GUIDE.md","current-repo","Documentation;Legacy","Archived","medium-high (filename/path keyword match, content not read)","",""
1684,"CURSOR-MCP-USAGE.md","current-repo","Legacy","Archived","medium-high (filename/path keyword match, content not read)","",""
1685,"cursor_settings.json","current-repo","Legacy","Archived","medium-high (filename/path keyword match, content not read)","",""
1686,"CYPRESS_FIX_SUMMARY.md","current-repo","Testing;QA;Legacy","Archived","medium-high (filename/path keyword match, content not read)","",""
1687,"DASHBOARD-AUDIT-COMPLETE.md","current-repo","Documentation;Legacy","Archived","medium-high (filename/path keyword match, content not read)","",""
1688,"DASHBOARD-FIX-COMPLETE.md","current-repo","Legacy","Archived","medium-high (filename/path keyword match, content not read)","",""
1689,"DASHBOARD-QUICK-ACCESS-GUIDE.md","current-repo","Documentation;Legacy","Archived","medium-high (filename/path keyword match, content not read)","",""
1690,"DAY2_COMPLETION_SUMMARY.md","current-repo","Legacy","Archived","medium-high (filename/path keyword match, content not read)","",""
1691,"DAY2_SETUP_INSTRUCTIONS.md","current-repo","Documentation;Legacy","Archived","medium-high (filename/path keyword match, content not read)","",""
1692,"DELETE-CNAME-ADD-A-RECORD.md","current-repo","Legacy","Archived","medium-high (filename/path keyword match, content not read)","",""
1693,"DEMO-LOGIN-GUIDE.md","current-repo","Documentation;Legacy","Archived","medium-high (filename/path keyword match, content not read)","",""
1694,"deploy-2step-verification.ps1","current-repo","Deployment;Infrastructure;Legacy","Archived","medium-high (filename/path keyword match, content not read)","",""
1695,"DEPLOY-CLOUDFLARE-PAGES.md","current-repo","Deployment;Infrastructure;Legacy","Archived","medium-high (filename/path keyword match, content not read)","",""
1696,"deploy-fast-html-site.ps1","current-repo","Deployment;Infrastructure;Legacy","Archived","medium-high (filename/path keyword match, content not read)","",""
1697,"deploy-html-clean.ps1","current-repo","Deployment;Infrastructure;Legacy","Archived","medium-high (filename/path keyword match, content not read)","",""
1698,"deploy-html-fast-site-fixed.ps1","current-repo","Deployment;Infrastructure;Legacy","Archived","medium-high (filename/path keyword match, content not read)","",""
1699,"deploy-html-fast-site.ps1","current-repo","Deployment;Infrastructure;Legacy","Archived","medium-high (filename/path keyword match, content not read)","",""
1700,"deploy-mobile-otp-registration-flow.ps1","current-repo","Deployment;Infrastructure;Legacy","Archived","medium-high (filename/path keyword match, content not read)","",""
1701,"deploy-now.ps1","current-repo","Deployment;Infrastructure;Legacy","Archived","medium-high (filename/path keyword match, content not read)","",""
1702,"DEPLOY-NOW.txt","current-repo","Deployment;Infrastructure;Legacy","Archived","medium-high (filename/path keyword match, content not read)","",""
1703,"deploy-oracle-vm.sh","current-repo","Deployment;Infrastructure;Legacy","Archived","medium-high (filename/path keyword match, content not read)","",""
1704,"deploy-script.sh","current-repo","Deployment;Infrastructure;Legacy","Archived","medium-high (filename/path keyword match, content not read)","",""
1705,"deployment-config.json","current-repo","Deployment;Infrastructure;Legacy","Archived","medium-high (filename/path keyword match, content not read)","",""
1706,"DEPLOYMENT-CRASH-AUDIT-AND-FIX.md","current-repo","Deployment;Infrastructure;Documentation;Legacy","Archived","medium-high (filename/path keyword match, content not read)","",""
1707,"deployment-protection.cjs","current-repo","Deployment;Infrastructure;Legacy","Archived","medium-high (filename/path keyword match, content not read)","",""
1708,"DEPLOYMENT-STATUS-AND-FIX.md","current-repo","Deployment;Infrastructure;Legacy","Archived","medium-high (filename/path keyword match, content not read)","",""
1709,"DEPLOYMENT-STATUS.md","current-repo","Deployment;Infrastructure;Legacy","Archived","medium-high (filename/path keyword match, content not read)","",""
1710,"DEPLOYMENT.md","current-repo","Deployment;Infrastructure;Legacy","Archived","medium-high (filename/path keyword match, content not read)","",""
1711,"DEPLOYMENT_ACTION_PLAN.txt","current-repo","Deployment;Infrastructure;Legacy","Archived","medium-high (filename/path keyword match, content not read)","",""
1712,"DEPLOYMENT_CHECKLIST.md","current-repo","Deployment;Infrastructure;Documentation;Legacy","Archived","medium-high (filename/path keyword match, content not read)","",""
1713,"DEPLOYMENT_FIX_COMPLETE.md","current-repo","Deployment;Infrastructure;Legacy","Archived","medium-high (filename/path keyword match, content not read)","",""
1714,"DEPLOYMENT_VERIFICATION_GUIDE.md","current-repo","Deployment;Infrastructure;Documentation;Legacy","Archived","medium-high (filename/path keyword match, content not read)","",""
1715,"deploy_existing_500_pages.ps1","current-repo","Deployment;Infrastructure;Legacy","Archived","medium-high (filename/path keyword match, content not read)","",""
1716,"deploy_hero_fix.ps1","current-repo","Deployment;Infrastructure;Legacy","Archived","medium-high (filename/path keyword match, content not read)","",""
1717,"deploy_homepage_fix.ps1","current-repo","Deployment;Infrastructure;Legacy","Archived","medium-high (filename/path keyword match, content not read)","",""
1718,"DETAILED-FILE-INVENTORY-2025.md","current-repo","Legacy","Archived","medium-high (filename/path keyword match, content not read)","",""
1719,"DIAGNOSE-502-ERROR.sh","current-repo","Legacy","Archived","medium-high (filename/path keyword match, content not read)","",""
1720,"disable-all-failing-workflows.ps1","current-repo","Automation;Legacy","Archived","medium-high (filename/path keyword match, content not read)","",""
1721,"disable-webthinker.ps1","current-repo","Legacy","Archived","medium-high (filename/path keyword match, content not read)","",""
1722,"DNS-COMPLETE-NEXT-STEPS.md","current-repo","Infrastructure;DevOps;Legacy","Archived","medium-high (filename/path keyword match, content not read)","",""
1723,"DOCKER-BUILD-NOT-FROZEN-GUIDE.md","current-repo","Infrastructure;DevOps;Documentation;Legacy","Archived","medium-high (filename/path keyword match, content not read)","",""
1724,"docker-compose.debug.yml","current-repo","Infrastructure;DevOps;Legacy","Archived","medium-high (filename/path keyword match, content not read)","",""
1725,"docker-compose.perplexity.yml","current-repo","Infrastructure;DevOps;Legacy","Archived","medium-high (filename/path keyword match, content not read)","",""
1726,"docker-compose.yml","current-repo","Infrastructure;DevOps;Legacy","Archived","medium-high (filename/path keyword match, content not read)","",""
1727,"Dockerfile","current-repo","Infrastructure;DevOps;Legacy","Archived","medium-high (filename/path keyword match, content not read)","",""
1728,"Dockerfile.client","current-repo","Infrastructure;DevOps;Legacy","Archived","medium-high (filename/path keyword match, content not read)","",""
1729,"Dockerfile.final","current-repo","Infrastructure;DevOps;Legacy","Archived","medium-high (filename/path keyword match, content not read)","",""
1730,"Dockerfile.fixed","current-repo","Infrastructure;DevOps;Legacy","Archived","medium-high (filename/path keyword match, content not read)","",""
1731,"Dockerfile.oracle","current-repo","Infrastructure;DevOps;Deployment;Legacy","Archived","medium-high (filename/path keyword match, content not read)","",""
1732,"Dockerfile.oracle-fixed","current-repo","Infrastructure;DevOps;Deployment;Legacy","Archived","medium-high (filename/path keyword match, content not read)","",""
1733,"swagger.json","current-repo","API;Legacy","Archived","medium-high (filename/path keyword match, content not read)","",""
1734,"BELL24H_SUPPLIER_ACQUISITION_ENGINE_V2.md","current-repo","Supplier;Legacy","Archived","medium-high (filename/path keyword match, content not read)","",""
1735,"openapi.yaml","current-repo","Legacy","Archived","medium-high (filename/path keyword match, content not read)","",""
1736,"PRODUCTION_SETUP.md","current-repo","Documentation;Legacy","Archived","medium-high (filename/path keyword match, content not read)","",""
1737,"README_EXPORT_SUMMARY.txt","current-repo","Documentation;Legacy","Archived","medium-high (filename/path keyword match, content not read)","",""
1738,"e2e-test-mobile-otp.ps1","current-repo","Testing;QA;Legacy","Archived","medium-high (filename/path keyword match, content not read)","",""
1739,"ECG-MARKETING-IMPLEMENTATION-PLAN.md","current-repo","Implementation Plan;Marketing;Legacy","Archived","medium-high (filename/path keyword match, content not read)","",""
1740,"EMERGENCY-502-FIX-SCRIPT.sh","current-repo","Legacy","Archived","medium-high (filename/path keyword match, content not read)","",""
1741,"ENABLE-HTTPS-CLOUDFLARE.md","current-repo","Infrastructure;Deployment;DevOps;Legacy","Archived","medium-high (filename/path keyword match, content not read)","",""
1742,"env-list.txt","current-repo","Legacy","Archived","medium-high (filename/path keyword match, content not read)","",""
1743,"EVERYTHING-WORKING-WAIT-FOR-SSL.md","current-repo","Infrastructure;DevOps;Legacy","Archived","medium-high (filename/path keyword match, content not read)","",""
1744,"explain_api.py","current-repo","Legacy","Archived","medium-high (filename/path keyword match, content not read)","",""
1745,"FEATURE-COMPARISON-TABLE.md","current-repo","Feature Specification;Legacy","Archived","medium-high (filename/path keyword match, content not read)","",""
1746,"FEATURE-COMPLETENESS-ANALYSIS.md","current-repo","Legacy","Archived","medium-high (filename/path keyword match, content not read)","",""
1747,"FINAL-521-FIX.md","current-repo","Legacy","Archived","medium-high (filename/path keyword match, content not read)","",""
1748,"FINAL-AUDIT-SUMMARY-2025.md","current-repo","Documentation;Legacy","Archived","medium-high (filename/path keyword match, content not read)","",""
1749,"FINAL-FEATURE-COMPARISON.md","current-repo","Feature Specification;Legacy","Archived","medium-high (filename/path keyword match, content not read)","",""
1750,"FINAL-STATUS-REPORT.md","current-repo","Legacy","Archived","medium-high (filename/path keyword match, content not read)","",""
1751,"FINAL_DEPLOYMENT_ORDER.md","current-repo","Deployment;Infrastructure;Legacy","Archived","medium-high (filename/path keyword match, content not read)","",""
1752,"FINAL_DEPLOYMENT_STATUS_REPORT.md","current-repo","Deployment;Infrastructure;Legacy","Archived","medium-high (filename/path keyword match, content not read)","",""
1753,"find-server-port.cjs","current-repo","Legacy","Archived","medium-high (filename/path keyword match, content not read)","",""
1754,"FIX-404-DNS-GUIDE.md","current-repo","Infrastructure;DevOps;Documentation;Legacy","Archived","medium-high (filename/path keyword match, content not read)","",""
1755,"FIX-502-ERROR.sh","current-repo","Legacy","Archived","medium-high (filename/path keyword match, content not read)","",""
1756,"FIX-521-ERROR.sh","current-repo","Legacy","Archived","medium-high (filename/path keyword match, content not read)","",""
1757,"FIX-521-QUICK-FIX.md","current-repo","Legacy","Archived","medium-high (filename/path keyword match, content not read)","",""
1758,"fix-build-error.sh","current-repo","Legacy","Archived","medium-high (filename/path keyword match, content not read)","",""
1759,"FIX-BUILD-NOW.md","current-repo","Legacy","Archived","medium-high (filename/path keyword match, content not read)","",""
1760,"FIX-CLOUDFLARE-521-ERROR.md","current-repo","Infrastructure;Deployment;Legacy","Archived","medium-high (filename/path keyword match, content not read)","",""
1761,"FIX-CLOUDFLARE-AUTO.ps1","current-repo","Infrastructure;Deployment;Legacy","Archived","medium-high (filename/path keyword match, content not read)","",""
1762,"FIX-CLOUDFLARE-BUILD-FAILURE.md","current-repo","Infrastructure;Deployment;Legacy","Archived","medium-high (filename/path keyword match, content not read)","",""
1763,"FIX-CLOUDFLARE-DNS-CONFLICT.md","current-repo","Infrastructure;Deployment;DevOps;Legacy","Archived","medium-high (filename/path keyword match, content not read)","",""
1764,"FIX-CLOUDFLARE-FINAL.ps1","current-repo","Infrastructure;Deployment;Legacy","Archived","medium-high (filename/path keyword match, content not read)","",""
1765,"FIX-CLOUDFLARE-MANUAL.txt","current-repo","Infrastructure;Deployment;Legacy","Archived","medium-high (filename/path keyword match, content not read)","",""
1766,"FIX-CLOUDFLARE-PAGES-404.md","current-repo","Infrastructure;Deployment;Legacy","Archived","medium-high (filename/path keyword match, content not read)","",""
1767,"FIX-CLOUDFLARE-SUBMODULES.ps1","current-repo","Infrastructure;Deployment;Legacy","Archived","medium-high (filename/path keyword match, content not read)","",""
1768,"fix-cloudflare.ps1","current-repo","Infrastructure;Deployment;Legacy","Archived","medium-high (filename/path keyword match, content not read)","",""
1769,"FIX-CONNECTION-TIMEOUT.md","current-repo","Legacy","Archived","medium-high (filename/path keyword match, content not read)","",""
1770,"FIX-DASHBOARD-COMPLETE-GUIDE.md","current-repo","Documentation;Legacy","Archived","medium-high (filename/path keyword match, content not read)","",""
1771,"FIX-DISK-SPACE-AND-NGINX.sh","current-repo","Legacy","Archived","medium-high (filename/path keyword match, content not read)","",""
1772,"FIX-DNS-APP-N8N.md","current-repo","Infrastructure;DevOps;Automation;n8n;Legacy","Archived","medium-high (filename/path keyword match, content not read)","",""
1773,"FIX-DOCKER-BUILD-STANDALONE-ERROR.md","current-repo","Infrastructure;DevOps;Legacy","Archived","medium-high (filename/path keyword match, content not read)","",""
1774,"fix-docker-build.sh","current-repo","Infrastructure;DevOps;Legacy","Archived","medium-high (filename/path keyword match, content not read)","",""
1775,"fix-github-actions.ps1","current-repo","DevOps;Legacy","Archived","medium-high (filename/path keyword match, content not read)","",""
1776,"FIX-GITHUB-PUSH-FINAL.ps1","current-repo","Legacy","Archived","medium-high (filename/path keyword match, content not read)","",""
1777,"FIX-GITHUB-SECRET.md","current-repo","Legacy","Archived","medium-high (filename/path keyword match, content not read)","",""
1778,"FIX-LOGIN-COOKIE.md","current-repo","Legacy","Archived","medium-high (filename/path keyword match, content not read)","",""
1779,"fix-lucide-imports.ps1","current-repo","Legacy","Archived","medium-high (filename/path keyword match, content not read)","",""
1780,"FIX-MERGE-CONFLICTS.ps1","current-repo","Legacy","Archived","medium-high (filename/path keyword match, content not read)","",""
1781,"FIX-MISSING-PAGES.md","current-repo","Legacy","Archived","medium-high (filename/path keyword match, content not read)","",""
1782,"FIX-N8N-502.sh","current-repo","Automation;n8n;Legacy","Archived","medium-high (filename/path keyword match, content not read)","",""
1783,"FIX-NODE-MODULES-SUBMODULE.ps1","current-repo","Legacy","Archived","medium-high (filename/path keyword match, content not read)","",""
1784,"FIX-PORT-80-CONFLICT.sh","current-repo","Legacy","Archived","medium-high (filename/path keyword match, content not read)","",""
1785,"FIX-PORT-80-QUICK.txt","current-repo","Legacy","Archived","medium-high (filename/path keyword match, content not read)","",""
1786,"FIX-PUSH-ERROR.ps1","current-repo","Legacy","Archived","medium-high (filename/path keyword match, content not read)","",""
1787,"FIX-RECURSIVE-BUILD-ERROR.md","current-repo","Legacy","Archived","medium-high (filename/path keyword match, content not read)","",""
1788,"fix-secret.sh","current-repo","Legacy","Archived","medium-high (filename/path keyword match, content not read)","",""
1789,"FIX-SSH-KEY-ISSUE.md","current-repo","Legacy","Archived","medium-high (filename/path keyword match, content not read)","",""
1790,"FIX-SSL-AND-N8N.md","current-repo","Infrastructure;DevOps;Automation;n8n;Legacy","Archived","medium-high (filename/path keyword match, content not read)","",""
1791,"FIX-SUBMODULE-CLOUDFLARE.md","current-repo","Infrastructure;Deployment;Legacy","Archived","medium-high (filename/path keyword match, content not read)","",""
1792,"FIX-SUBMODULE-ERROR-FINAL.ps1","current-repo","Legacy","Archived","medium-high (filename/path keyword match, content not read)","",""
1793,"FIX-SUBMODULES-COMPLETE.ps1","current-repo","Legacy","Archived","medium-high (filename/path keyword match, content not read)","",""
1794,"FIX-SUPPLIERS-PAGE-ERROR.md","current-repo","Supplier;Legacy","Archived","medium-high (filename/path keyword match, content not read)","",""
1795,"fix-unescaped-entities.ps1","current-repo","Legacy","Archived","medium-high (filename/path keyword match, content not read)","",""
1796,"FIXES_APPLIED.md","current-repo","Legacy","Archived","medium-high (filename/path keyword match, content not read)","",""
1797,"fix_build_error.ps1","current-repo","Legacy","Archived","medium-high (filename/path keyword match, content not read)","",""
1798,"fix_build_errors.ps1","current-repo","Legacy","Archived","medium-high (filename/path keyword match, content not read)","",""
1799,"fix_build_error_final.ps1","current-repo","Legacy","Archived","medium-high (filename/path keyword match, content not read)","",""
1800,"fix_icons.ps1","current-repo","Legacy","Archived","medium-high (filename/path keyword match, content not read)","",""
1801,"force-push-all.ps1","current-repo","Legacy","Archived","medium-high (filename/path keyword match, content not read)","",""
1802,"GITHUB-ACTIONS-SETUP.md","current-repo","DevOps;Documentation;Legacy","Archived","medium-high (filename/path keyword match, content not read)","",""
1803,"GITHUB-ORACLE-AUTO-DEPLOY-GUIDE.md","current-repo","Deployment;Infrastructure;Documentation;Legacy","Archived","medium-high (filename/path keyword match, content not read)","",""
1804,"github-setup-commands.txt","current-repo","Documentation;Legacy","Archived","medium-high (filename/path keyword match, content not read)","",""
1805,"GIT_REPOSITORY_FIX_COMPLETE.md","current-repo","Legacy","Archived","medium-high (filename/path keyword match, content not read)","",""
1806,"hardhat.config.cjs","current-repo","Architecture;AI;Legacy","Archived","medium-high (filename/path keyword match, content not read)","",""
1807,"hell -ExecutionPolicy Bypass -File commit-and-push-fix.ps1","current-repo","Legacy","Archived","medium-high (filename/path keyword match, content not read)","",""
1808,"HOMEPAGE_BUILD_COMPLETE.md","current-repo","Legacy","Archived","medium-high (filename/path keyword match, content not read)","",""
1809,"HYBRID-APPROACH-COMPLETE-GUIDE.md","current-repo","Documentation;Legacy","Archived","medium-high (filename/path keyword match, content not read)","",""
1810,"IMMEDIATE-502-FIX.sh","current-repo","Legacy","Archived","medium-high (filename/path keyword match, content not read)","",""
1811,"IMMEDIATE-FIX-COMMANDS.txt","current-repo","Legacy","Archived","medium-high (filename/path keyword match, content not read)","",""
1812,"jest.config.cjs","current-repo","Legacy","Archived","medium-high (filename/path keyword match, content not read)","",""
1813,"jest.integration.config.cjs","current-repo","Legacy","Archived","medium-high (filename/path keyword match, content not read)","",""
1814,"JSON-SYNTAX-ERROR-FIX-REPORT.md","current-repo","Legacy","Archived","medium-high (filename/path keyword match, content not read)","",""
1815,"LAUNCH_DAY_SCHEDULE.md","current-repo","Legacy","Archived","medium-high (filename/path keyword match, content not read)","",""
1816,"LAUNCH_PREPARATION_NOV_22.md","current-repo","Legacy","Archived","medium-high (filename/path keyword match, content not read)","",""
1817,"LAUNCH_READY_SUMMARY.md","current-repo","Legacy","Archived","medium-high (filename/path keyword match, content not read)","",""
1818,"LAUNCH_SOCIAL_MEDIA_POSTS.md","current-repo","Legacy","Archived","medium-high (filename/path keyword match, content not read)","",""
1819,"package-lock.json","current-repo","Testing;QA;Legacy","Archived","medium-high (filename/path keyword match, content not read)","",""
1820,"package.json","current-repo","Testing;QA;Legacy","Archived","medium-high (filename/path keyword match, content not read)","",""
1821,"tsconfig.json","current-repo","Testing;QA;Legacy","Archived","medium-high (filename/path keyword match, content not read)","",""
1822,"MANUAL-FIX-COMMANDS.txt","current-repo","Legacy","Archived","medium-high (filename/path keyword match, content not read)","",""
1823,"MANUAL-SSL-SETUP-STEPS.md","current-repo","Infrastructure;DevOps;Documentation;Legacy","Archived","medium-high (filename/path keyword match, content not read)","",""
1824,"MANUAL_GITKRAKEN_SETUP.txt","current-repo","Documentation;Legacy","Archived","medium-high (filename/path keyword match, content not read)","",""
1825,"whatsapp-messages.txt","current-repo","Marketing;Legacy","Archived","medium-high (filename/path keyword match, content not read)","",""
1826,"MARKETING_PLAN_COMPANY_PROFILE_CLAIMING.md","current-repo","Marketing;Legacy","Archived","medium-high (filename/path keyword match, content not read)","",""
1827,"mcp-gitkraken.json","current-repo","Legacy","Archived","medium-high (filename/path keyword match, content not read)","",""
1828,"mcp_config.json","current-repo","Legacy","Archived","medium-high (filename/path keyword match, content not read)","",""
1829,"MIGRATION-CLOUDFLARE-PAGES.md","current-repo","SQL Migration;Implementation Plan;Infrastructure;Deployment;Legacy","Archived","medium-high (filename/path keyword match, content not read)","",""
1830,"MIGRATION_ACTION_PLAN.txt","current-repo","SQL Migration;Implementation Plan;Legacy","Archived","medium-high (filename/path keyword match, content not read)","",""
1831,"mobile-otp-only-deploy.ps1","current-repo","Deployment;Infrastructure;Legacy","Archived","medium-high (filename/path keyword match, content not read)","",""
1832,"MOBILE_OTP_ERROR_HANDLING.md","current-repo","Legacy","Archived","medium-high (filename/path keyword match, content not read)","",""
1833,"MOVE-TO-PORT-80.md","current-repo","Legacy","Archived","medium-high (filename/path keyword match, content not read)","",""
1834,"MSG91_INTEGRATION_COMPLETE.md","current-repo","Legacy","Archived","medium-high (filename/path keyword match, content not read)","",""
1835,"MSG91_QUICK_SETUP.md","current-repo","Documentation;Legacy","Archived","medium-high (filename/path keyword match, content not read)","",""
1836,"MSG91_SETUP_COMPLETE.md","current-repo","Documentation;Legacy","Archived","medium-high (filename/path keyword match, content not read)","",""
1837,"bell24h-integration.workflow.json","current-repo","Automation;n8n;Legacy","Archived","medium-high (filename/path keyword match, content not read)","",""
1838,"category-analytics.workflow.json","current-repo","Automation;n8n;Analytics;Legacy","Archived","medium-high (filename/path keyword match, content not read)","",""
1839,"category-seo-automation.workflow.json","current-repo","Automation;n8n;SEO;Legacy","Archived","medium-high (filename/path keyword match, content not read)","",""
1840,"escrow.workflow.json","current-repo","Automation;n8n;Escrow;Legacy","Archived","medium-high (filename/path keyword match, content not read)","",""
1841,"mock-order-generation.workflow.json","current-repo","Automation;n8n;Legacy","Archived","medium-high (filename/path keyword match, content not read)","",""
1842,"rfq.workflow.json","current-repo","Automation;n8n;RFQ;Legacy","Archived","medium-high (filename/path keyword match, content not read)","",""
1843,"user.onboarding.workflow.json","current-repo","Automation;n8n;Legacy","Archived","medium-high (filename/path keyword match, content not read)","",""
1844,"N8N-RUNNING-FIX-SSL.md","current-repo","Infrastructure;DevOps;Automation;n8n;Legacy","Archived","medium-high (filename/path keyword match, content not read)","",""
1845,"N8N-WORKFLOW-A-E-MICRO-LEVEL-GUIDE.md","current-repo","Automation;n8n;Documentation;Legacy","Archived","medium-high (filename/path keyword match, content not read)","",""
1846,"supplier-onboarding-welcome-email.json","current-repo","Automation;n8n;Supplier;Legacy","Archived","medium-high (filename/path keyword match, content not read)","",""
1847,"supplier-onboarding-welcome-sms.json","current-repo","Automation;n8n;Supplier;Legacy","Archived","medium-high (filename/path keyword match, content not read)","",""
1848,"N8N_SETUP_QUICK_REFERENCE.md","current-repo","Automation;n8n;Documentation;Legacy","Archived","medium-high (filename/path keyword match, content not read)","",""
1849,"N8N_WORKFLOWS_COMPLETE.md","current-repo","Automation;n8n;Legacy","Archived","medium-high (filename/path keyword match, content not read)","",""
1850,"netlify.toml","current-repo","Infrastructure;Deployment;Legacy","Archived","medium-high (filename/path keyword match, content not read)","",""
1851,"NEXT-STEPS-TODO-LIST.md","current-repo","Legacy","Archived","medium-high (filename/path keyword match, content not read)","",""
1852,"next.config.cjs","current-repo","Legacy","Archived","medium-high (filename/path keyword match, content not read)","",""
1853,"nixpacks.toml","current-repo","Legacy","Archived","medium-high (filename/path keyword match, content not read)","",""
1854,"NO-Q-PREFIX-AUTOMATION.ps1","current-repo","Automation;Legacy","Archived","medium-high (filename/path keyword match, content not read)","",""
1855,"NON-CODER-DEPLOYMENT-PRIORITY-GUIDE.md","current-repo","Deployment;Infrastructure;Documentation;Legacy","Archived","medium-high (filename/path keyword match, content not read)","",""
1856,"NOV-20-LAUNCH-CHECKLIST.md","current-repo","Documentation;Legacy","Archived","medium-high (filename/path keyword match, content not read)","",""
1857,"nuclear_fix.ps1","current-repo","Legacy","Archived","medium-high (filename/path keyword match, content not read)","",""
1858,"nuclear_fix_all.ps1","current-repo","Legacy","Archived","medium-high (filename/path keyword match, content not read)","",""
1859,"ONE-PAGE-BRUTAL-TRUTH-REVENUE-SUMMARY.md","current-repo","Legacy","Archived","medium-high (filename/path keyword match, content not read)","",""
1860,"openapitools.json","current-repo","Legacy","Archived","medium-high (filename/path keyword match, content not read)","",""
1861,".env.example","current-repo","Infrastructure;Deployment;Legacy","Archived","medium-high (filename/path keyword match, content not read)","",""
1862,"default.json","current-repo","Infrastructure;Deployment;Legacy","Archived","medium-high (filename/path keyword match, content not read)","",""
1863,"package.json","current-repo","Infrastructure;Deployment;Legacy","Archived","medium-high (filename/path keyword match, content not read)","",""
1864,"ORACLE-CLOUD-DEPLOYMENT-GUIDE.md","current-repo","Deployment;Infrastructure;Documentation;Legacy","Archived","medium-high (filename/path keyword match, content not read)","",""
1865,"complete-categories.sql","current-repo","Infrastructure;Deployment;Automation;n8n;Legacy","Archived","medium-high (filename/path keyword match, content not read)","",""
1866,"missing-tables.sql","current-repo","Infrastructure;Deployment;Automation;n8n;Legacy","Archived","medium-high (filename/path keyword match, content not read)","",""
1867,"docker-compose.yml","current-repo","Infrastructure;DevOps;Deployment;Automation;n8n;Legacy","Archived","medium-high (filename/path keyword match, content not read)","",""
1868,"README.md","current-repo","Infrastructure;Deployment;Automation;n8n;Documentation;Legacy","Archived","medium-high (filename/path keyword match, content not read)","",""
1869,"setup-oracle-cloud.sh","current-repo","Infrastructure;Deployment;Automation;n8n;Documentation;Legacy","Archived","medium-high (filename/path keyword match, content not read)","",""
1870,"lead-test-data.json","current-repo","Infrastructure;Deployment;Automation;n8n;Testing;QA;Legacy","Archived","medium-high (filename/path keyword match, content not read)","",""
1871,"rfq-test-data.json","current-repo","Infrastructure;Deployment;Automation;n8n;RFQ;Testing;QA;Legacy","Archived","medium-high (filename/path keyword match, content not read)","",""
1872,"bell24h-ai-category-worker-complete.json","current-repo","Infrastructure;Deployment;AI;Automation;n8n;Legacy","Archived","medium-high (filename/path keyword match, content not read)","",""
1873,"bell24h-ai-category-worker-with-db.json","current-repo","Infrastructure;Deployment;AI;Automation;n8n;Legacy","Archived","medium-high (filename/path keyword match, content not read)","",""
1874,"bell24h-ai-category-worker.json","current-repo","Infrastructure;Deployment;AI;Automation;n8n;Legacy","Archived","medium-high (filename/path keyword match, content not read)","",""
1875,"bell24h-ai-scraper-master-with-db.json","current-repo","Infrastructure;Deployment;AI;Automation;n8n;Legacy","Archived","medium-high (filename/path keyword match, content not read)","",""
1876,"bell24h-ai-scraper-master.json","current-repo","Infrastructure;Deployment;AI;Automation;n8n;Legacy","Archived","medium-high (filename/path keyword match, content not read)","",""
1877,"bell24h-lead-scoring-complete.json","current-repo","Infrastructure;Deployment;Automation;n8n;Legacy","Archived","medium-high (filename/path keyword match, content not read)","",""
1878,"bell24h-lead-scoring-with-db.json","current-repo","Infrastructure;Deployment;Automation;n8n;Legacy","Archived","medium-high (filename/path keyword match, content not read)","",""
1879,"bell24h-lead-scoring.json","current-repo","Infrastructure;Deployment;Automation;n8n;Legacy","Archived","medium-high (filename/path keyword match, content not read)","",""
1880,"bell24h-rfq-notification-complete.json","current-repo","Infrastructure;Deployment;Automation;n8n;RFQ;Legacy","Archived","medium-high (filename/path keyword match, content not read)","",""
1881,"bell24h-rfq-notification-fixed.json","current-repo","Infrastructure;Deployment;Automation;n8n;RFQ;Legacy","Archived","medium-high (filename/path keyword match, content not read)","",""
1882,"bell24h-rfq-notification-with-db.json","current-repo","Infrastructure;Deployment;Automation;n8n;RFQ;Legacy","Archived","medium-high (filename/path keyword match, content not read)","",""
1883,"bell24h-rfq-notification.json","current-repo","Infrastructure;Deployment;Automation;n8n;RFQ;Legacy","Archived","medium-high (filename/path keyword match, content not read)","",""
1884,"nano-banana-enrichment.json","current-repo","Infrastructure;Deployment;Automation;n8n;Legacy","Archived","medium-high (filename/path keyword match, content not read)","",""
1885,"ORACLE-VM-DEPLOYMENT-GUIDE.md","current-repo","Deployment;Infrastructure;Documentation;Legacy","Archived","medium-high (filename/path keyword match, content not read)","",""
1886,"package-lock.json","current-repo","Legacy","Archived","medium-high (filename/path keyword match, content not read)","",""
1887,"package.json","current-repo","Legacy","Archived","medium-high (filename/path keyword match, content not read)","",""
1888,"page-test-report.json","current-repo","Testing;QA;Legacy","Archived","medium-high (filename/path keyword match, content not read)","",""
1889,"page-verification-report.json","current-repo","Legacy","Archived","medium-high (filename/path keyword match, content not read)","",""
1890,"PERMANENT-Q-PREFIX-FIX.sh","current-repo","Legacy","Archived","medium-high (filename/path keyword match, content not read)","",""
1891,"postcss.config.cjs","current-repo","Design;Legacy","Archived","medium-high (filename/path keyword match, content not read)","",""
1892,"POST_AUDIT_PROTOCOL_COMPLETE.md","current-repo","Documentation;Legacy","Archived","medium-high (filename/path keyword match, content not read)","",""
1893,"POST_AUDIT_PROTOCOL_IMPLEMENTATION_SUMMARY.md","current-repo","Implementation Plan;Documentation;Legacy","Archived","medium-high (filename/path keyword match, content not read)","",""
1894,"PRISMA_FIX_COMPLETE.md","current-repo","Database;Legacy","Archived","medium-high (filename/path keyword match, content not read)","",""
1895,"production.env.template","current-repo","Legacy","Archived","medium-high (filename/path keyword match, content not read)","",""
1896,"PRODUCTION_DEPLOYMENT_SUMMARY.md","current-repo","Deployment;Infrastructure;Legacy","Archived","medium-high (filename/path keyword match, content not read)","",""
1897,"PROJECT-ENHANCEMENT-SUMMARY.md","current-repo","Legacy","Archived","medium-high (filename/path keyword match, content not read)","",""
1898,"PROJECT-STATUS-CHECK.md","current-repo","Legacy","Archived","medium-high (filename/path keyword match, content not read)","",""
1899,"common.json","current-repo","Legacy","Archived","medium-high (filename/path keyword match, content not read)","",""
1900,"common.json","current-repo","Legacy","Archived","medium-high (filename/path keyword match, content not read)","",""
1901,"dashboard.json","current-repo","Legacy","Archived","medium-high (filename/path keyword match, content not read)","",""
1902,"manifest.json","current-repo","Legacy","Archived","medium-high (filename/path keyword match, content not read)","",""
1903,"robots.txt","current-repo","Legacy","Archived","medium-high (filename/path keyword match, content not read)","",""
1904,"temple-bell.mp3.txt","current-repo","Legacy","Archived","medium-high (filename/path keyword match, content not read)","",""
1905,"QUICK-502-DIAGNOSIS.md","current-repo","Legacy","Archived","medium-high (filename/path keyword match, content not read)","",""
1906,"QUICK-DEPLOY-ORACLE.md","current-repo","Deployment;Infrastructure;Legacy","Archived","medium-high (filename/path keyword match, content not read)","",""
1907,"quick-deploy.cjs","current-repo","Deployment;Infrastructure;Legacy","Archived","medium-high (filename/path keyword match, content not read)","",""
1908,"QUICK-DIAGNOSTIC-COMMANDS.sh","current-repo","Legacy","Archived","medium-high (filename/path keyword match, content not read)","",""
1909,"QUICK-FIX-N8N.sh","current-repo","Automation;n8n;Legacy","Archived","medium-high (filename/path keyword match, content not read)","",""
1910,"QUICK-FIX-TIMEOUT.md","current-repo","Legacy","Archived","medium-high (filename/path keyword match, content not read)","",""
1911,"quick-platform-test.cjs","current-repo","Testing;QA;Legacy","Archived","medium-high (filename/path keyword match, content not read)","",""
1912,"QUICK-ROLLBACK.sh","current-repo","Legacy","Archived","medium-high (filename/path keyword match, content not read)","",""
1913,"QUICK-START-AUTO-DEPLOY.md","current-repo","Deployment;Infrastructure;Legacy","Archived","medium-high (filename/path keyword match, content not read)","",""
1914,"quick-status-check.cjs","current-repo","Legacy","Archived","medium-high (filename/path keyword match, content not read)","",""
1915,"QUICK_DEPLOYMENT_STEPS.txt","current-repo","Deployment;Infrastructure;Legacy","Archived","medium-high (filename/path keyword match, content not read)","",""
1916,"QUICK_DEPLOYMENT_TEST.txt","current-repo","Deployment;Infrastructure;Testing;QA;Legacy","Archived","medium-high (filename/path keyword match, content not read)","",""
1917,"QUICK_DEPLOY_COMMANDS.txt","current-repo","Deployment;Infrastructure;Legacy","Archived","medium-high (filename/path keyword match, content not read)","",""
1918,"QUICK_DEPLOY_GUIDE.md","current-repo","Deployment;Infrastructure;Documentation;Legacy","Archived","medium-high (filename/path keyword match, content not read)","",""
1919,"QUICK_START_PRODUCTION.md","current-repo","Legacy","Archived","medium-high (filename/path keyword match, content not read)","",""
1920,"railway.env.example","current-repo","Infrastructure;Deployment;Legacy","Archived","medium-high (filename/path keyword match, content not read)","",""
1921,"railway.json","current-repo","Infrastructure;Deployment;Legacy","Archived","medium-high (filename/path keyword match, content not read)","",""
1922,"railway.toml","current-repo","Infrastructure;Deployment;Legacy","Archived","medium-high (filename/path keyword match, content not read)","",""
1923,"RE-RUN-DEPLOYMENT.md","current-repo","Deployment;Infrastructure;Legacy","Archived","medium-high (filename/path keyword match, content not read)","",""
1924,"README.md","current-repo","Documentation;Legacy","Archived","medium-high (filename/path keyword match, content not read)","",""
1925,"README_DATABASE_ALTERNATIVES.md","current-repo","Documentation;Legacy","Archived","medium-high (filename/path keyword match, content not read)","",""
1926,"REMOVE-FROM-HISTORY.ps1","current-repo","Legacy","Archived","medium-high (filename/path keyword match, content not read)","",""
1927,"REMOVE-LARGE-FILES.ps1","current-repo","Legacy","Archived","medium-high (filename/path keyword match, content not read)","",""
1928,"REMOVE-NETLIFY-SIMPLE.ps1","current-repo","Infrastructure;Deployment;Legacy","Archived","medium-high (filename/path keyword match, content not read)","",""
1929,"request_body.json","current-repo","Legacy","Archived","medium-high (filename/path keyword match, content not read)","",""
1930,"RUN-EMERGENCY-FIX-NOW.sh","current-repo","Legacy","Archived","medium-high (filename/path keyword match, content not read)","",""
1931,"audit-pages.cjs","current-repo","Documentation;Legacy","Archived","medium-high (filename/path keyword match, content not read)","",""
1932,"backup-vercel-production.cjs","current-repo","Infrastructure;Deployment;Legacy","Archived","medium-high (filename/path keyword match, content not read)","",""
1933,"backup.cjs","current-repo","Legacy","Archived","medium-high (filename/path keyword match, content not read)","",""
1934,"create-staging-environment.cjs","current-repo","Legacy","Archived","medium-high (filename/path keyword match, content not read)","",""
1935,"deploy-escrow.cjs","current-repo","Deployment;Infrastructure;Escrow;Legacy","Archived","medium-high (filename/path keyword match, content not read)","",""
1936,"deploy-production.sh","current-repo","Deployment;Infrastructure;Legacy","Archived","medium-high (filename/path keyword match, content not read)","",""
1937,"deploy-safe.cjs","current-repo","Deployment;Infrastructure;Legacy","Archived","medium-high (filename/path keyword match, content not read)","",""
1938,"dev-workflow.cjs","current-repo","Automation;Legacy","Archived","medium-high (filename/path keyword match, content not read)","",""
1939,"migrate-missing-pages.cjs","current-repo","Legacy","Archived","medium-high (filename/path keyword match, content not read)","",""
1940,"migration-test.cjs","current-repo","SQL Migration;Implementation Plan;Testing;QA;Legacy","Archived","medium-high (filename/path keyword match, content not read)","",""
1941,"protect-files.cjs","current-repo","Legacy","Archived","medium-high (filename/path keyword match, content not read)","",""
1942,"pull-vercel-source.cjs","current-repo","Infrastructure;Deployment;Legacy","Archived","medium-high (filename/path keyword match, content not read)","",""
1943,"run-fixed-page-validation.cjs","current-repo","Legacy","Archived","medium-high (filename/path keyword match, content not read)","",""
1944,"safe-merge.cjs","current-repo","Legacy","Archived","medium-high (filename/path keyword match, content not read)","",""
1945,"setup-api-integrations.cjs","current-repo","API;Documentation;Legacy","Archived","medium-high (filename/path keyword match, content not read)","",""
1946,"setup-database.cjs","current-repo","Documentation;Legacy","Archived","medium-high (filename/path keyword match, content not read)","",""
1947,"setup-env.cjs","current-repo","Documentation;Legacy","Archived","medium-high (filename/path keyword match, content not read)","",""
1948,"setup-production-db.sh","current-repo","Documentation;Legacy","Archived","medium-high (filename/path keyword match, content not read)","",""
1949,"setup-vercel-env.sh","current-repo","Infrastructure;Deployment;Documentation;Legacy","Archived","medium-high (filename/path keyword match, content not read)","",""
1950,"test-all-pages.cjs","current-repo","Testing;QA;Legacy","Archived","medium-high (filename/path keyword match, content not read)","",""
1951,"vercel-import.cjs","current-repo","Infrastructure;Deployment;Legacy","Archived","medium-high (filename/path keyword match, content not read)","",""
1952,"verify-pages.cjs","current-repo","Legacy","Archived","medium-high (filename/path keyword match, content not read)","",""
1953,"scripts.json","current-repo","Legacy","Archived","medium-high (filename/path keyword match, content not read)","",""
1954,"SEO-HERO-SECTION-UPDATE.md","current-repo","SEO;Legacy","Archived","medium-high (filename/path keyword match, content not read)","",""
1955,".env.example","current-repo","Legacy","Archived","medium-high (filename/path keyword match, content not read)","",""
1956,".env.test","current-repo","Testing;QA;Legacy","Archived","medium-high (filename/path keyword match, content not read)","",""
1957,"test.spec.cjs","current-repo","Testing;QA;Legacy","Archived","medium-high (filename/path keyword match, content not read)","",""
1958,"tsconfig.json","current-repo","Testing;QA;Legacy","Archived","medium-high (filename/path keyword match, content not read)","",""
1959,"package-lock.json","current-repo","Legacy","Archived","medium-high (filename/path keyword match, content not read)","",""
1960,"package.json","current-repo","Legacy","Archived","medium-high (filename/path keyword match, content not read)","",""
1961,"tsconfig.json","current-repo","Legacy","Archived","medium-high (filename/path keyword match, content not read)","",""
1962,"tsconfig.test.json","current-repo","Testing;QA;Legacy","Archived","medium-high (filename/path keyword match, content not read)","",""
1963,"server-tsconfig.json","current-repo","Legacy","Archived","medium-high (filename/path keyword match, content not read)","",""
1964,"setup-github-deploy.ps1","current-repo","Deployment;Infrastructure;Documentation;Legacy","Archived","medium-high (filename/path keyword match, content not read)","",""
1965,"SETUP-GITHUB-SECRET.md","current-repo","Documentation;Legacy","Archived","medium-high (filename/path keyword match, content not read)","",""
1966,"setup-ssl-automated.sh","current-repo","Infrastructure;DevOps;Documentation;Legacy","Archived","medium-high (filename/path keyword match, content not read)","",""
1967,"setup-ssl-direct.ps1","current-repo","Infrastructure;DevOps;Documentation;Legacy","Archived","medium-high (filename/path keyword match, content not read)","",""
1968,"setup-ssl-upload-execute.ps1","current-repo","Infrastructure;DevOps;Documentation;Legacy","Archived","medium-high (filename/path keyword match, content not read)","",""
1969,"setup-ssl-via-ssh.ps1","current-repo","Infrastructure;DevOps;Documentation;Legacy","Archived","medium-high (filename/path keyword match, content not read)","",""
1970,"SETUP_COMPLETE.md","current-repo","Documentation;Legacy","Archived","medium-high (filename/path keyword match, content not read)","",""
1971,"SIMPLE-DEPLOY-STEPS.md","current-repo","Deployment;Infrastructure;Legacy","Archived","medium-high (filename/path keyword match, content not read)","",""
1972,"SIMPLE_DEPLOY_COMMANDS.txt","current-repo","Deployment;Infrastructure;Legacy","Archived","medium-high (filename/path keyword match, content not read)","",""
1973,"SITE-IS-LIVE-NEXT-STEPS.md","current-repo","Legacy","Archived","medium-high (filename/path keyword match, content not read)","",""
1974,"package.json","current-repo","Database;Legacy","Archived","medium-high (filename/path keyword match, content not read)","",""
1975,"SSL-ACTIVE-CONFIGURE-N8N-ROUTING.md","current-repo","Infrastructure;DevOps;Automation;n8n;Legacy","Archived","medium-high (filename/path keyword match, content not read)","",""
1976,"SSL-CERTIFICATES-ALREADY-ACTIVE.md","current-repo","Infrastructure;DevOps;Legacy","Archived","medium-high (filename/path keyword match, content not read)","",""
1977,"SSL-CONFIGURED-FIX-CONNECTION.md","current-repo","Infrastructure;DevOps;Legacy","Archived","medium-high (filename/path keyword match, content not read)","",""
1978,"SSL-SETUP-COMMAND.txt","current-repo","Infrastructure;DevOps;Documentation;Legacy","Archived","medium-high (filename/path keyword match, content not read)","",""
1979,"START-NGINX-VERIFY-CONFIG.md","current-repo","Legacy","Archived","medium-high (filename/path keyword match, content not read)","",""
1980,"start_clean_dev.ps1","current-repo","Legacy","Archived","medium-high (filename/path keyword match, content not read)","",""
1981,"SUPPLIER_PROFILE_FILES_INVENTORY.md","current-repo","Supplier;Legacy","Archived","medium-high (filename/path keyword match, content not read)","",""
1982,"SUPPLIER_PROFILE_IMPLEMENTATION_PLAN.md","current-repo","Implementation Plan;Supplier;Legacy","Archived","medium-high (filename/path keyword match, content not read)","",""
1983,"task-definition.json","current-repo","Legacy","Archived","medium-high (filename/path keyword match, content not read)","",""
1984,"test-bell24h-complete.cjs","current-repo","Testing;QA;Legacy","Archived","medium-high (filename/path keyword match, content not read)","",""
1985,"test-final-fixes.cjs","current-repo","Testing;QA;Legacy","Archived","medium-high (filename/path keyword match, content not read)","",""
1986,"test-system-complete.cjs","current-repo","Testing;QA;Legacy","Archived","medium-high (filename/path keyword match, content not read)","",""
1987,"TODO-21-25-IMPLEMENTATION-COMPLETE.md","current-repo","Implementation Plan;Legacy","Archived","medium-high (filename/path keyword match, content not read)","",""
1988,"TODO-21-25-IMPLEMENTATION-PLAN.md","current-repo","Implementation Plan;Legacy","Archived","medium-high (filename/path keyword match, content not read)","",""
1989,"TODO-ITEMS-21-25-EXTRACTED.md","current-repo","Legacy","Archived","medium-high (filename/path keyword match, content not read)","",""
1990,"train_supplier_model.py","current-repo","Supplier;Legacy","Archived","medium-high (filename/path keyword match, content not read)","",""
1991,"tsconfig.e2e.json","current-repo","Testing;QA;Legacy","Archived","medium-high (filename/path keyword match, content not read)","",""
1992,"tsconfig.json","current-repo","Legacy","Archived","medium-high (filename/path keyword match, content not read)","",""
1993,"tsconfig.server.json","current-repo","Legacy","Archived","medium-high (filename/path keyword match, content not read)","",""
1994,"ULTRA-FAST-MCP-WORKING-REPORT.md","current-repo","Legacy","Archived","medium-high (filename/path keyword match, content not read)","",""
1995,"update-env.sh","current-repo","Legacy","Archived","medium-high (filename/path keyword match, content not read)","",""
1996,"USER-DASHBOARD-FEATURES-LIST.md","current-repo","Legacy","Archived","medium-high (filename/path keyword match, content not read)","",""
1997,"package-lock.json","current-repo","Deployment;Infrastructure;Legacy","Archived","medium-high (filename/path keyword match, content not read)","",""
1998,"package.json","current-repo","Deployment;Infrastructure;Legacy","Archived","medium-high (filename/path keyword match, content not read)","",""
1999,"common.json","current-repo","Deployment;Infrastructure;Legacy","Archived","medium-high (filename/path keyword match, content not read)","",""
2000,"temple-bell.mp3.txt","current-repo","Deployment;Infrastructure;Legacy","Archived","medium-high (filename/path keyword match, content not read)","",""
2001,"tsconfig.json","current-repo","Deployment;Infrastructure;Legacy","Archived","medium-high (filename/path keyword match, content not read)","",""
2002,"vercel.json","current-repo","Deployment;Infrastructure;Legacy","Archived","medium-high (filename/path keyword match, content not read)","",""
2003,"vercel.json","current-repo","Infrastructure;Deployment;Legacy","Archived","medium-high (filename/path keyword match, content not read)","",""
2004,"vercel.local.json","current-repo","Infrastructure;Deployment;Legacy","Archived","medium-high (filename/path keyword match, content not read)","",""
2005,"vercel.production.json","current-repo","Infrastructure;Deployment;Legacy","Archived","medium-high (filename/path keyword match, content not read)","",""
2006,"VERIFY-SITE-STATUS.md","current-repo","Legacy","Archived","medium-high (filename/path keyword match, content not read)","",""
2007,"WHAT-IS-NEXT.md","current-repo","Legacy","Archived","medium-high (filename/path keyword match, content not read)","",""
2008,"wrangler.toml","current-repo","Legacy","Archived","medium-high (filename/path keyword match, content not read)","",""
2009,"🔥 BELL24h_ One-Page Brutal Truth.pdf","current-repo","Legacy","Archived","medium-high (filename/path keyword match, content not read)","",""
2010,"🔥 BRUTAL TRUTH_ BELL24h Revenue Reality Check.pdf","current-repo","Legacy","Archived","medium-high (filename/path keyword match, content not read)","",""
2011,"new-mcp-server.yaml","current-repo","Legacy","Archived","medium-high (filename/path keyword match, content not read)","",""
2012,"new-mcpServer.yaml","current-repo","Legacy","Archived","medium-high (filename/path keyword match, content not read)","",""
2013,"new-model.yaml","current-repo","Legacy","Archived","medium-high (filename/path keyword match, content not read)","",""
2014,"Dockerfile","current-repo","Infrastructure;DevOps;Legacy","Archived","medium-high (filename/path keyword match, content not read)","",""
2015,"environment.json","current-repo","Legacy","Archived","medium-high (filename/path keyword match, content not read)","",""
2016,"mcp.json","current-repo","Legacy","Archived","medium-high (filename/path keyword match, content not read)","",""
2017,"settings.json","current-repo","Legacy","Archived","medium-high (filename/path keyword match, content not read)","",""
2018,".env.example","current-repo","Legacy","Archived","medium-high (filename/path keyword match, content not read)","",""
2019,".env.local.backup.1756839874707","current-repo","Legacy","Archived","medium-high (filename/path keyword match, content not read)","",""
2020,".env.local.backup.1756844683945","current-repo","Legacy","Archived","medium-high (filename/path keyword match, content not read)","",""
2021,".env.local.example","current-repo","Legacy","Archived","medium-high (filename/path keyword match, content not read)","",""
2022,".env.local.txt","current-repo","Legacy","Archived","medium-high (filename/path keyword match, content not read)","",""
2023,".env.neon","current-repo","Legacy","Archived","medium-high (filename/path keyword match, content not read)","",""
2024,".env.neon.example","current-repo","Legacy","Archived","medium-high (filename/path keyword match, content not read)","",""
2025,".env.production.example","current-repo","Legacy","Archived","medium-high (filename/path keyword match, content not read)","",""
2026,".env.production.protected-backup","current-repo","Legacy","Archived","medium-high (filename/path keyword match, content not read)","",""
2027,".env.production.template","current-repo","Legacy","Archived","medium-high (filename/path keyword match, content not read)","",""
2028,".env.staging","current-repo","Legacy","Archived","medium-high (filename/path keyword match, content not read)","",""
2029,".env.template","current-repo","Legacy","Archived","medium-high (filename/path keyword match, content not read)","",""
2030,".env.test","current-repo","Testing;QA;Legacy","Archived","medium-high (filename/path keyword match, content not read)","",""
2031,".env.windsurf","current-repo","Legacy","Archived","medium-high (filename/path keyword match, content not read)","",""
2032,"cypress.yml","current-repo","DevOps;Automation;Testing;QA;Legacy","Archived","medium-high (filename/path keyword match, content not read)","",""
2033,"deploy.yml","current-repo","Deployment;Infrastructure;DevOps;Automation;Legacy","Archived","medium-high (filename/path keyword match, content not read)","",""
2034,"pages.yml","current-repo","DevOps;Automation;Legacy","Archived","medium-high (filename/path keyword match, content not read)","",""
2035,".protected-files-checksums.json","current-repo","Legacy","Archived","medium-high (filename/path keyword match, content not read)","",""
2036,"Complete RFQ Routes, Prisma Baseline, and Deploy.md","current-repo","Database;Deployment;Infrastructure;RFQ;Legacy","Archived","medium-high (filename/path keyword match, content not read)","",""
2037,"Server Verification And n8n 502 Fix Over SSH.md","current-repo","Automation;n8n;Legacy","Archived","medium-high (filename/path keyword match, content not read)","",""
2038,".vercel-env-vars.txt","current-repo","Infrastructure;Deployment;Legacy","Archived","medium-high (filename/path keyword match, content not read)","",""
2039,".webthinkerrc.json","current-repo","Legacy","Archived","medium-high (filename/path keyword match, content not read)","",""
2040,"ADD-DNS-A-RECORDS.md","current-repo","Infrastructure;DevOps;Legacy","Archived","medium-high (filename/path keyword match, content not read)","",""
2041,"ADMIN-PANEL-COMPREHENSIVE-AUDIT.md","current-repo","Documentation;Legacy","Archived","medium-high (filename/path keyword match, content not read)","",""
2042,"Aggressive-Git-Cleanup.ps1","current-repo","Legacy","Archived","medium-high (filename/path keyword match, content not read)","",""
2043,"docker-compose.yml","current-repo","Infrastructure;DevOps;AI;Legacy","Archived","medium-high (filename/path keyword match, content not read)","",""
2044,"Dockerfile","current-repo","Infrastructure;DevOps;AI;Legacy","Archived","medium-high (filename/path keyword match, content not read)","",""
2045,"main.py","current-repo","AI;Legacy","Archived","medium-high (filename/path keyword match, content not read)","",""
2046,"monitoring.py","current-repo","AI;Legacy","Archived","medium-high (filename/path keyword match, content not read)","",""
2047,"requirements.txt","current-repo","AI;Legacy","Archived","medium-high (filename/path keyword match, content not read)","",""
2048,"AI-FEATURES-COMPLETE-STATUS.md","current-repo","AI;Legacy","Archived","medium-high (filename/path keyword match, content not read)","",""
2049,"ALL-API-ROUTES-SUMMARY.md","current-repo","API;Legacy","Archived","medium-high (filename/path keyword match, content not read)","",""
2050,"API-AI-FEATURES-VERIFICATION.md","current-repo","API;AI;Legacy","Archived","medium-high (filename/path keyword match, content not read)","",""
2051,"api-spec.yaml","current-repo","API;Legacy","Archived","medium-high (filename/path keyword match, content not read)","",""
2052,"package.json","current-repo","Legacy","Archived","medium-high (filename/path keyword match, content not read)","",""
2053,"audit-report-2025-09-02.json","current-repo","Documentation;Legacy","Archived","medium-high (filename/path keyword match, content not read)","",""
2054,"404-scan-20250801_022036.txt","current-repo","Documentation;Legacy","Archived","medium-high (filename/path keyword match, content not read)","",""
2055,"auto-deploy-everything.ps1","current-repo","Deployment;Infrastructure;Legacy","Archived","medium-high (filename/path keyword match, content not read)","",""
2056,"AUTO-DEPLOY-NOW.ps1","current-repo","Deployment;Infrastructure;Legacy","Archived","medium-high (filename/path keyword match, content not read)","",""
2057,"AUTO-DEPLOY-SUMMARY.md","current-repo","Deployment;Infrastructure;Legacy","Archived","medium-high (filename/path keyword match, content not read)","",""
2058,"auto-execution-config.json","current-repo","Legacy","Archived","medium-high (filename/path keyword match, content not read)","",""
2059,"auto-fix-502-and-deploy.sh","current-repo","Deployment;Infrastructure;Legacy","Archived","medium-high (filename/path keyword match, content not read)","",""
2060,"AUTO-VERIFY-SITE.ps1","current-repo","Legacy","Archived","medium-high (filename/path keyword match, content not read)","",""
2061,"automated-deployment-verification.ps1","current-repo","Deployment;Infrastructure;Legacy","Archived","medium-high (filename/path keyword match, content not read)","",""
2062,"AUTO_DEPLOY_FINAL.cjs","current-repo","Deployment;Infrastructure;Legacy","Archived","medium-high (filename/path keyword match, content not read)","",""
2063,"engine.py","current-repo","Testing;QA;Legacy","Archived","medium-high (filename/path keyword match, content not read)","",""
2064,"engine_prisma.py","current-repo","Database;Testing;QA;Legacy","Archived","medium-high (filename/path keyword match, content not read)","",""
2065,"__init__.py","current-repo","Testing;QA;Legacy","Archived","medium-high (filename/path keyword match, content not read)","",""
2066,"ab_test.py","current-repo","API;Testing;QA;Legacy","Archived","medium-high (filename/path keyword match, content not read)","",""
2067,"tasks.py","current-repo","API;Legacy","Archived","medium-high (filename/path keyword match, content not read)","",""
2068,"__init__.py","current-repo","API;Legacy","Archived","medium-high (filename/path keyword match, content not read)","",""
2069,"ai.py","current-repo","API;Legacy","Archived","medium-high (filename/path keyword match, content not read)","",""
2070,"__init__.py","current-repo","API;Legacy","Archived","medium-high (filename/path keyword match, content not read)","",""
2071,"__init__.py","current-repo","API;Legacy","Archived","medium-high (filename/path keyword match, content not read)","",""
2072,"prioritizer.py","current-repo","Legacy","Archived","medium-high (filename/path keyword match, content not read)","",""
2073,"__init__.py","current-repo","Legacy","Archived","medium-high (filename/path keyword match, content not read)","",""
2074,"verify.py","current-repo","Legacy","Archived","medium-high (filename/path keyword match, content not read)","",""
2075,"postgres.py","current-repo","Legacy","Archived","medium-high (filename/path keyword match, content not read)","",""
2076,"scaling.py","current-repo","Legacy","Archived","medium-high (filename/path keyword match, content not read)","",""
2077,"__init__.py","current-repo","Legacy","Archived","medium-high (filename/path keyword match, content not read)","",""
2078,"conversion_dashboard.py","current-repo","Legacy","Archived","medium-high (filename/path keyword match, content not read)","",""
2079,"__init__.py","current-repo","Legacy","Archived","medium-high (filename/path keyword match, content not read)","",""
2080,"protocol.py","current-repo","Documentation;Legacy","Archived","medium-high (filename/path keyword match, content not read)","",""
2081,"__init__.py","current-repo","Documentation;Legacy","Archived","medium-high (filename/path keyword match, content not read)","",""
2082,"ai_services.py","current-repo","AI;Legacy","Archived","medium-high (filename/path keyword match, content not read)","",""
2083,"__init__.py","current-repo","Legacy","Archived","medium-high (filename/path keyword match, content not read)","",""
2084,"enhancement_queue.py","current-repo","Legacy","Archived","medium-high (filename/path keyword match, content not read)","",""
2085,"__init__.py","current-repo","Legacy","Archived","medium-high (filename/path keyword match, content not read)","",""
2086,"__init__.py","current-repo","Legacy","Archived","medium-high (filename/path keyword match, content not read)","",""
2087,"deploy.sh","current-repo","Deployment;Infrastructure;Legacy","Archived","medium-high (filename/path keyword match, content not read)","",""
2088,"DEPLOYMENT.md","current-repo","Deployment;Infrastructure;Legacy","Archived","medium-high (filename/path keyword match, content not read)","",""
2089,"dev_server.py","current-repo","Legacy","Archived","medium-high (filename/path keyword match, content not read)","",""
2090,"docker-compose.yml","current-repo","Infrastructure;DevOps;Legacy","Archived","medium-high (filename/path keyword match, content not read)","",""
2091,"Dockerfile","current-repo","Infrastructure;DevOps;Legacy","Archived","medium-high (filename/path keyword match, content not read)","",""
2092,"N8N_WORKFLOW_SETUP.md","current-repo","Automation;n8n;Documentation;Legacy","Archived","medium-high (filename/path keyword match, content not read)","",""
2093,"README.md","current-repo","Automation;n8n;Documentation;Legacy","Archived","medium-high (filename/path keyword match, content not read)","",""
2094,"test-workflows.sh","current-repo","Automation;n8n;Testing;QA;Legacy","Archived","medium-high (filename/path keyword match, content not read)","",""
2095,"invite-companies-claim.json","current-repo","Automation;n8n;Legacy","Archived","medium-high (filename/path keyword match, content not read)","",""
2096,"marketing-automation.json","current-repo","Automation;n8n;Marketing;Legacy","Archived","medium-high (filename/path keyword match, content not read)","",""
2097,"rfq-ai-matching.json","current-repo","AI;Automation;n8n;RFQ;Legacy","Archived","medium-high (filename/path keyword match, content not read)","",""
2098,"PRODUCTION_CHECKLIST.md","current-repo","Documentation;Legacy","Archived","medium-high (filename/path keyword match, content not read)","",""
2099,"README.md","current-repo","Documentation;Legacy","Archived","medium-high (filename/path keyword match, content not read)","",""
2100,"requirements.txt","current-repo","Legacy","Archived","medium-high (filename/path keyword match, content not read)","",""
2101,"clean_fake_data.py","current-repo","Legacy","Archived","medium-high (filename/path keyword match, content not read)","",""
2102,"README_POST_AUDIT.md","current-repo","Documentation;Legacy","Archived","medium-high (filename/path keyword match, content not read)","",""
2103,"run_post_audit_protocol.py","current-repo","Documentation;Legacy","Archived","medium-high (filename/path keyword match, content not read)","",""
2104,"train_sample_rfq_model.py","current-repo","Legacy","Archived","medium-high (filename/path keyword match, content not read)","",""
2105,"test_ai_explain.py","current-repo","AI;Testing;QA;Legacy","Archived","medium-high (filename/path keyword match, content not read)","",""
2106,"test_ai_service.py","current-repo","AI;Testing;QA;Legacy","Archived","medium-high (filename/path keyword match, content not read)","",""
2107,"backup-critical-files.cjs","current-repo","Legacy","Archived","medium-high (filename/path keyword match, content not read)","",""
2108,"BELL24h Bootstrap Risk Audit & Mitigation Report.pdf","current-repo","Documentation;Legacy","Archived","medium-high (filename/path keyword match, content not read)","",""
2109,"BELL24H-COMPREHENSIVE-AUDIT-REPORT.md","current-repo","Documentation;Legacy","Archived","medium-high (filename/path keyword match, content not read)","",""
2110,"BELL24H-DOCUMENTATION-ENHANCEMENT-AUDIT.md","current-repo","Documentation;Legacy","Archived","medium-high (filename/path keyword match, content not read)","",""
2111,"bell24h_audit_20250726_123214.txt","current-repo","Documentation;Legacy","Archived","medium-high (filename/path keyword match, content not read)","",""
2112,"BELL24H_BLOCKCHAIN_DEPLOYMENT_GUIDE.md","current-repo","Deployment;Infrastructure;Documentation;Architecture;AI;Legacy","Archived","medium-high (filename/path keyword match, content not read)","",""
2113,"BELL24H_BLOCKCHAIN_IMPLEMENTATION_COMPLETE.md","current-repo","Implementation Plan;Architecture;AI;Legacy","Archived","medium-high (filename/path keyword match, content not read)","",""
2114,"BELL24H_BLOCKCHAIN_IMPLEMENTATION_PLAN.md","current-repo","Implementation Plan;Architecture;AI;Legacy","Archived","medium-high (filename/path keyword match, content not read)","",""
2115,"BELL24H_COMPREHENSIVE_AUDIT.md","current-repo","Documentation;Legacy","Archived","medium-high (filename/path keyword match, content not read)","",""
2116,"BELL24H_COMPREHENSIVE_AUDIT_REPORT.md","current-repo","Documentation;Legacy","Archived","medium-high (filename/path keyword match, content not read)","",""
2117,"BELL24H_CURRENT_STATUS.md","current-repo","Legacy","Archived","medium-high (filename/path keyword match, content not read)","",""
2118,"BELL24H_DEPLOYMENT_SUCCESS_SUMMARY.md","current-repo","Deployment;Infrastructure;Legacy","Archived","medium-high (filename/path keyword match, content not read)","",""
2119,"BELL24H_EMPIRE_100_PERCENT_COMPLETE.md","current-repo","Legacy","Archived","medium-high (filename/path keyword match, content not read)","",""
2120,"BELL24H_FEATURES_COMPLETION_TABLE.md","current-repo","Feature Specification;Legacy","Archived","medium-high (filename/path keyword match, content not read)","",""
2121,"BELL24H_LAUNCH_READY_COMPLETE.md","current-repo","Legacy","Archived","medium-high (filename/path keyword match, content not read)","",""
2122,"BELL24H_MARKETING_CAMPAIGN_LAUNCH.md","current-repo","Marketing;Legacy","Archived","medium-high (filename/path keyword match, content not read)","",""
2123,"BELL24H_PLANNED_VS_IMPLEMENTED_FEATURES.md","current-repo","Feature Specification;Legacy","Archived","medium-high (filename/path keyword match, content not read)","",""
2124,"BRANDING-NAVIGATION-AUDIT-REPORT.md","current-repo","Branding;Documentation;Legacy","Archived","medium-high (filename/path keyword match, content not read)","",""
2125,"BRUTAL_FIX_SETUP.md","current-repo","Documentation;Legacy","Archived","medium-high (filename/path keyword match, content not read)","",""
2126,"build_spec.yaml","current-repo","Legacy","Archived","medium-high (filename/path keyword match, content not read)","",""
2127,"BUILD_STABILIZATION_TODO.md","current-repo","Legacy","Archived","medium-high (filename/path keyword match, content not read)","",""
2128,"CATEGORIES_SOLUTION.md","current-repo","Legacy","Archived","medium-high (filename/path keyword match, content not read)","",""
2129,"CHECK-BUILD-ON-VM.md","current-repo","Legacy","Archived","medium-high (filename/path keyword match, content not read)","",""
2130,"check-build-via-ssh.ps1","current-repo","Legacy","Archived","medium-high (filename/path keyword match, content not read)","",""
2131,"CHECK-DOCKER-BUILD-PROGRESS.sh","current-repo","Infrastructure;DevOps;Legacy","Archived","medium-high (filename/path keyword match, content not read)","",""
2132,".env.local.txt","current-repo","Legacy","Archived","medium-high (filename/path keyword match, content not read)","",""
2133,".eslintrc.json","current-repo","Legacy","Archived","medium-high (filename/path keyword match, content not read)","",""
2134,"auto-categories.yml","current-repo","DevOps;Automation;Legacy","Archived","medium-high (filename/path keyword match, content not read)","",""
2135,"auto-deploy.yml","current-repo","Deployment;Infrastructure;DevOps;Automation;Legacy","Archived","medium-high (filename/path keyword match, content not read)","",""
2136,"ci.yml","current-repo","DevOps;Automation;Legacy","Archived","medium-high (filename/path keyword match, content not read)","",""
2137,"deploy-bell24h.yml","current-repo","Deployment;Infrastructure;DevOps;Automation;Legacy","Archived","medium-high (filename/path keyword match, content not read)","",""
2138,"AI_FEATURES_ANALYSIS.md","current-repo","AI;Legacy","Archived","medium-high (filename/path keyword match, content not read)","",""
2139,"API_TESTING_GUIDE.md","current-repo","Testing;QA;Documentation;Legacy","Archived","medium-high (filename/path keyword match, content not read)","",""
2140,"ARCHITECTURE_ANALYSIS.md","current-repo","Architecture;Legacy","Archived","medium-high (filename/path keyword match, content not read)","",""
2141,"AUTOMATED_DEPLOYMENT_GUIDE.md","current-repo","Deployment;Infrastructure;Documentation;Legacy","Archived","medium-high (filename/path keyword match, content not read)","",""
2142,"package-lock.json","current-repo","Architecture;AI;Legacy","Archived","medium-high (filename/path keyword match, content not read)","",""
2143,"package.json","current-repo","Architecture;AI;Legacy","Archived","medium-high (filename/path keyword match, content not read)","",""
2144,"check-tables.sql","current-repo","Legacy","Archived","medium-high (filename/path keyword match, content not read)","",""
2145,"CLOUDFLARE_NAMESERVERS.txt","current-repo","Infrastructure;Deployment;Legacy","Archived","medium-high (filename/path keyword match, content not read)","",""
2146,"COMPREHENSIVE_AUDIT.md","current-repo","Documentation;Legacy","Archived","medium-high (filename/path keyword match, content not read)","",""
2147,"COMPREHENSIVE_SETUP_README.md","current-repo","Documentation;Legacy","Archived","medium-high (filename/path keyword match, content not read)","",""
2148,"README.md","current-repo","Testing;QA;Documentation;Legacy","Archived","medium-high (filename/path keyword match, content not read)","",""
2149,"deploy-fly.ps1","current-repo","Deployment;Infrastructure;Legacy","Archived","medium-high (filename/path keyword match, content not read)","",""
2150,"deploy-to-vercel.ps1","current-repo","Deployment;Infrastructure;Legacy","Archived","medium-high (filename/path keyword match, content not read)","",""
2151,"deploy.ps1","current-repo","Deployment;Infrastructure;Legacy","Archived","medium-high (filename/path keyword match, content not read)","",""
2152,"deploy.sh","current-repo","Deployment;Infrastructure;Legacy","Archived","medium-high (filename/path keyword match, content not read)","",""
2153,"docker-compose.production.yml","current-repo","Infrastructure;DevOps;Deployment;Legacy","Archived","medium-high (filename/path keyword match, content not read)","",""
2154,"deployment-sepolia-1750821000242.json","current-repo","Deployment;Infrastructure;Legacy","Archived","medium-high (filename/path keyword match, content not read)","",""
2155,"deployment-sepolia-1750821000382.json","current-repo","Deployment;Infrastructure;Legacy","Archived","medium-high (filename/path keyword match, content not read)","",""
2156,"deployment-sepolia-1750821063711.json","current-repo","Deployment;Infrastructure;Legacy","Archived","medium-high (filename/path keyword match, content not read)","",""
2157,"deployment-sepolia-1750821063886.json","current-repo","Deployment;Infrastructure;Legacy","Archived","medium-high (filename/path keyword match, content not read)","",""
2158,"deployment-sepolia-1750873878414.json","current-repo","Deployment;Infrastructure;Legacy","Archived","medium-high (filename/path keyword match, content not read)","",""
2159,"deployment-sepolia-1750873878506.json","current-repo","Deployment;Infrastructure;Legacy","Archived","medium-high (filename/path keyword match, content not read)","",""
2160,"deployment-sepolia-1750874902251.json","current-repo","Deployment;Infrastructure;Legacy","Archived","medium-high (filename/path keyword match, content not read)","",""
2161,"deployment-sepolia-1750874902415.json","current-repo","Deployment;Infrastructure;Legacy","Archived","medium-high (filename/path keyword match, content not read)","",""
2162,"deployment-sepolia-1751339466284.json","current-repo","Deployment;Infrastructure;Legacy","Archived","medium-high (filename/path keyword match, content not read)","",""
2163,"deployment-sepolia-1751339466399.json","current-repo","Deployment;Infrastructure;Legacy","Archived","medium-high (filename/path keyword match, content not read)","",""
2164,"deployment-sepolia-1754075911920.json","current-repo","Deployment;Infrastructure;Legacy","Archived","medium-high (filename/path keyword match, content not read)","",""
2165,"deployment-sepolia-1754075912202.json","current-repo","Deployment;Infrastructure;Legacy","Archived","medium-high (filename/path keyword match, content not read)","",""
2166,"deployment-sepolia-1754076005060.json","current-repo","Deployment;Infrastructure;Legacy","Archived","medium-high (filename/path keyword match, content not read)","",""
2167,"deployment-sepolia-1754076005378.json","current-repo","Deployment;Infrastructure;Legacy","Archived","medium-high (filename/path keyword match, content not read)","",""
2168,"DEPLOYMENT_GUIDE.md","current-repo","Deployment;Infrastructure;Documentation;Legacy","Archived","medium-high (filename/path keyword match, content not read)","",""
2169,"DEPLOYMENT_STATUS_UPDATE.md","current-repo","Deployment;Infrastructure;Legacy","Archived","medium-high (filename/path keyword match, content not read)","",""
2170,"DEPLOYMENT_VERIFICATION_REPORT.md","current-repo","Deployment;Infrastructure;Legacy","Archived","medium-high (filename/path keyword match, content not read)","",""
2171,"DNS_SETUP_GUIDE.txt","current-repo","Infrastructure;DevOps;Documentation;Legacy","Archived","medium-high (filename/path keyword match, content not read)","",""
2172,"docker-compose.n8n.yml","current-repo","Infrastructure;DevOps;Automation;n8n;Legacy","Archived","medium-high (filename/path keyword match, content not read)","",""
2173,"docker-compose.yml","current-repo","Infrastructure;DevOps;Legacy","Archived","medium-high (filename/path keyword match, content not read)","",""
2174,"Dockerfile","current-repo","Infrastructure;DevOps;Legacy","Archived","medium-high (filename/path keyword match, content not read)","",""
2175,"Dockerfile.n8n","current-repo","Infrastructure;DevOps;Automation;n8n;Legacy","Archived","medium-high (filename/path keyword match, content not read)","",""
2176,"EMERGENCY_VERCEL_FIX.md","current-repo","Infrastructure;Deployment;Legacy","Archived","medium-high (filename/path keyword match, content not read)","",""
2177,"env-example.txt","current-repo","Legacy","Archived","medium-high (filename/path keyword match, content not read)","",""
2178,"FINAL_DOMAIN_SETUP.txt","current-repo","Documentation;Legacy","Archived","medium-high (filename/path keyword match, content not read)","",""
2179,"FINAL_LAUNCH_SQL.sql","current-repo","Legacy","Archived","medium-high (filename/path keyword match, content not read)","",""
2180,"FINAL_STATUS_REPORT.md","current-repo","Legacy","Archived","medium-high (filename/path keyword match, content not read)","",""
2181,"FIXES_COMPLETE.md","current-repo","Legacy","Archived","medium-high (filename/path keyword match, content not read)","",""
2182,"FLY-DEPLOYMENT-GUIDE.md","current-repo","Deployment;Infrastructure;Documentation;Legacy","Archived","medium-high (filename/path keyword match, content not read)","",""
2183,"fly.toml","current-repo","Legacy","Archived","medium-high (filename/path keyword match, content not read)","",""
2184,"HOMEPAGE_COMPLETE_STATUS.md","current-repo","Legacy","Archived","medium-high (filename/path keyword match, content not read)","",""
2185,"HOW_TO_RUN.txt","current-repo","Documentation;Legacy","Archived","medium-high (filename/path keyword match, content not read)","",""
2186,"lighthouse-mobile-baseline.json","current-repo","Legacy","Archived","medium-high (filename/path keyword match, content not read)","",""
2187,"lighthouse-report.json","current-repo","Legacy","Archived","medium-high (filename/path keyword match, content not read)","",""
2188,"LIVE_WEBSITE_VERIFICATION.md","current-repo","Legacy","Archived","medium-high (filename/path keyword match, content not read)","",""
2189,"MIGRATION_PLAN.md","current-repo","SQL Migration;Implementation Plan;Legacy","Archived","medium-high (filename/path keyword match, content not read)","",""
2190,"neon-config.json","current-repo","Legacy","Archived","medium-high (filename/path keyword match, content not read)","",""
2191,"ONBOARDING_FIX_GUIDE.md","current-repo","Documentation;Legacy","Archived","medium-high (filename/path keyword match, content not read)","",""
2192,"openai_key.txt","current-repo","AI;Legacy","Archived","medium-high (filename/path keyword match, content not read)","",""
2193,"deploy.sh","current-repo","API;Deployment;Infrastructure;Legacy","Archived","medium-high (filename/path keyword match, content not read)","",""
2194,"package.json","current-repo","API;Deployment;Infrastructure;Legacy","Archived","medium-high (filename/path keyword match, content not read)","",""
2195,"deploy-all.sh","current-repo","Deployment;Infrastructure;Legacy","Archived","medium-high (filename/path keyword match, content not read)","",""
2196,"deploy.sh","current-repo","Deployment;Infrastructure;Legacy","Archived","medium-high (filename/path keyword match, content not read)","",""
2197,"main.py","current-repo","Deployment;Infrastructure;Legacy","Archived","medium-high (filename/path keyword match, content not read)","",""
2198,"requirements.txt","current-repo","Deployment;Infrastructure;Legacy","Archived","medium-high (filename/path keyword match, content not read)","",""
2199,"README.md","current-repo","Deployment;Infrastructure;Documentation;Legacy","Archived","medium-high (filename/path keyword match, content not read)","",""
2200,"package-lock.json","current-repo","Legacy","Archived","medium-high (filename/path keyword match, content not read)","",""
2201,"package.json","current-repo","Legacy","Archived","medium-high (filename/path keyword match, content not read)","",""
2202,"PERFORMANCE_OPTIMIZATION.md","current-repo","Legacy","Archived","medium-high (filename/path keyword match, content not read)","",""
2203,"PERFORMANCE_ROUTE_FIX_SUMMARY.md","current-repo","Legacy","Archived","medium-high (filename/path keyword match, content not read)","",""
2204,"PRISMA_CASING_FIX_SUMMARY.md","current-repo","Database;Legacy","Archived","medium-high (filename/path keyword match, content not read)","",""
2205,"production.env.template","current-repo","Legacy","Archived","medium-high (filename/path keyword match, content not read)","",""
2206,"common.json","current-repo","Legacy","Archived","medium-high (filename/path keyword match, content not read)","",""
2207,"dashboard.json","current-repo","Legacy","Archived","medium-high (filename/path keyword match, content not read)","",""
2208,"manifest.json","current-repo","Legacy","Archived","medium-high (filename/path keyword match, content not read)","",""
2209,"robots.txt","current-repo","Legacy","Archived","medium-high (filename/path keyword match, content not read)","",""
2210,"QUICK_FIX_SUMMARY.md","current-repo","Legacy","Archived","medium-high (filename/path keyword match, content not read)","",""
2211,"railway.env.example","current-repo","Infrastructure;Deployment;Legacy","Archived","medium-high (filename/path keyword match, content not read)","",""
2212,"railway.json","current-repo","Infrastructure;Deployment;Legacy","Archived","medium-high (filename/path keyword match, content not read)","",""
2213,"RETURNS_ARRAY_FIX_SUMMARY.md","current-repo","Legacy","Archived","medium-high (filename/path keyword match, content not read)","",""
2214,"RISKMETRICS_FIX_SUMMARY.md","current-repo","Legacy","Archived","medium-high (filename/path keyword match, content not read)","",""
2215,"run-comprehensive-setup.ps1","current-repo","Documentation;Legacy","Archived","medium-high (filename/path keyword match, content not read)","",""
2216,"bulk-directory-submit.py","current-repo","Legacy","Archived","medium-high (filename/path keyword match, content not read)","",""
2217,"deploy-n8n-cloud.sh","current-repo","Deployment;Infrastructure;Automation;n8n;Legacy","Archived","medium-high (filename/path keyword match, content not read)","",""
2218,"deploy-n8n-production.sh","current-repo","Deployment;Infrastructure;Automation;n8n;Legacy","Archived","medium-high (filename/path keyword match, content not read)","",""
2219,"generate_categories.py","current-repo","Legacy","Archived","medium-high (filename/path keyword match, content not read)","",""
2220,"security-audit.json","current-repo","Security;Authentication;Documentation;Legacy","Archived","medium-high (filename/path keyword match, content not read)","",""
2221,"SENTIMENT_FIX_SUMMARY.md","current-repo","Legacy","Archived","medium-high (filename/path keyword match, content not read)","",""
2222,"STATUS_REPORT.md","current-repo","Legacy","Archived","medium-high (filename/path keyword match, content not read)","",""
2223,"STOCK_DATA_FIX_SUMMARY.md","current-repo","Legacy","Archived","medium-high (filename/path keyword match, content not read)","",""
2224,"supabase-schema.sql","current-repo","Legacy","Archived","medium-high (filename/path keyword match, content not read)","",""
2225,"test-apis.ps1","current-repo","Testing;QA;Legacy","Archived","medium-high (filename/path keyword match, content not read)","",""
2226,"test-build.ps1","current-repo","Testing;QA;Legacy","Archived","medium-high (filename/path keyword match, content not read)","",""
2227,"test-website.ps1","current-repo","Testing;QA;Legacy","Archived","medium-high (filename/path keyword match, content not read)","",""
2228,"THEME_UPDATE_COMPLETE.md","current-repo","Legacy","Archived","medium-high (filename/path keyword match, content not read)","",""
2229,"tsconfig.json","current-repo","Legacy","Archived","medium-high (filename/path keyword match, content not read)","",""
2230,"TYPESCRIPT_FIXES_SUMMARY.md","current-repo","Legacy","Archived","medium-high (filename/path keyword match, content not read)","",""
2231,"TYPE_MISMATCH_FIX_SUMMARY.md","current-repo","Legacy","Archived","medium-high (filename/path keyword match, content not read)","",""
2232,"UPDATE_NAMESERVERS.txt","current-repo","Legacy","Archived","medium-high (filename/path keyword match, content not read)","",""
2233,"user_profiles_schema.sql","current-repo","Legacy","Archived","medium-high (filename/path keyword match, content not read)","",""
2234,"VERCEL-ENVIRONMENT-SETUP.md","current-repo","Infrastructure;Deployment;Documentation;Legacy","Archived","medium-high (filename/path keyword match, content not read)","",""
2235,"vercel.json","current-repo","Infrastructure;Deployment;Legacy","Archived","medium-high (filename/path keyword match, content not read)","",""
2236,"VERCEL_BUILD_FIX_SUMMARY.md","current-repo","Infrastructure;Deployment;Legacy","Archived","medium-high (filename/path keyword match, content not read)","",""
2237,"VIDEO_RFQ_FIXED.txt","current-repo","RFQ;Legacy","Archived","medium-high (filename/path keyword match, content not read)","",""
2238,"VOICE_RFQ_FIXED.txt","current-repo","RFQ;Legacy","Archived","medium-high (filename/path keyword match, content not read)","",""
2239,"client-tsconfig.json","current-repo","Legacy","Archived","medium-high (filename/path keyword match, content not read)","",""
2240,"client_secret_2_1044360968417-avn6r7navbtelcvocsauv7j6ck6egvnl.apps.googleusercontent.com.json","current-repo","Legacy","Archived","medium-high (filename/path keyword match, content not read)","",""
2241,"CLOUDFLARE-BUILD-COMMAND-CLARIFICATION.md","current-repo","Infrastructure;Deployment;Legacy","Archived","medium-high (filename/path keyword match, content not read)","",""
2242,"CLOUDFLARE-DNS-QUICK-FIX.md","current-repo","Infrastructure;Deployment;DevOps;Legacy","Archived","medium-high (filename/path keyword match, content not read)","",""
2243,"CLOUDFLARE-PAGES-BUILD-FIX.md","current-repo","Infrastructure;Deployment;Legacy","Archived","medium-high (filename/path keyword match, content not read)","",""
2244,"cloudflare-pages-config.json","current-repo","Infrastructure;Deployment;Legacy","Archived","medium-high (filename/path keyword match, content not read)","",""
2245,"CLOUDFLARE-PAGES-FINAL-FIX.md","current-repo","Infrastructure;Deployment;Legacy","Archived","medium-high (filename/path keyword match, content not read)","",""
2246,"CLOUDFLARE-PAGES-NEXT-STEPS.md","current-repo","Infrastructure;Deployment;Legacy","Archived","medium-high (filename/path keyword match, content not read)","",""
2247,"CLOUDFLARE-PAGES-SETTINGS-FIX.md","current-repo","Infrastructure;Deployment;Legacy","Archived","medium-high (filename/path keyword match, content not read)","",""
2248,"CLOUDFLARE-PAGES-SETUP.md","current-repo","Infrastructure;Deployment;Documentation;Legacy","Archived","medium-high (filename/path keyword match, content not read)","",""
2249,"CLOUDFLARE-PAGES-TEST.md","current-repo","Infrastructure;Deployment;Testing;QA;Legacy","Archived","medium-high (filename/path keyword match, content not read)","",""
2250,"CLOUDFLARE-SETUP-STEP-BY-STEP.md","current-repo","Infrastructure;Deployment;Documentation;Legacy","Archived","medium-high (filename/path keyword match, content not read)","",""
2251,"commit-and-push-fix.ps1","current-repo","Legacy","Archived","medium-high (filename/path keyword match, content not read)","",""
2252,"COMPANY_PROFILE_CLAIMING_IMPLEMENTATION_COMPLETE.md","current-repo","Implementation Plan;Legacy","Archived","medium-high (filename/path keyword match, content not read)","",""
2253,"COMPANY_PROFILE_CLAIMING_SUMMARY.md","current-repo","Legacy","Archived","medium-high (filename/path keyword match, content not read)","",""
2254,"COMPLETE-AUTOMATIC-DEPLOY.ps1","current-repo","Deployment;Infrastructure;Legacy","Archived","medium-high (filename/path keyword match, content not read)","",""
2255,"complete-database-setup-400-categories.sql","current-repo","Documentation;Legacy","Archived","medium-high (filename/path keyword match, content not read)","",""
2256,"complete-database-setup.sql","current-repo","Documentation;Legacy","Archived","medium-high (filename/path keyword match, content not read)","",""
2257,"COMPLETE-DEPLOYMENT.ps1","current-repo","Deployment;Infrastructure;Legacy","Archived","medium-high (filename/path keyword match, content not read)","",""
2258,"COMPLETE-FEATURE-INVENTORY.md","current-repo","Feature Specification;Legacy","Archived","medium-high (filename/path keyword match, content not read)","",""
2259,"COMPLETE_AUTOMATED_FIX_SUMMARY.md","current-repo","Legacy","Archived","medium-high (filename/path keyword match, content not read)","",""
2260,"COMPLETE_DEPLOYMENT_ANALYSIS.md","current-repo","Deployment;Infrastructure;Legacy","Archived","medium-high (filename/path keyword match, content not read)","",""
2261,"COMPLETE_PROJECT_REBUILD.cjs","current-repo","Legacy","Archived","medium-high (filename/path keyword match, content not read)","",""
2262,"COMPLETE_SETUP_SUMMARY.md","current-repo","Documentation;Legacy","Archived","medium-high (filename/path keyword match, content not read)","",""
2263,"composer.json","current-repo","Legacy","Archived","medium-high (filename/path keyword match, content not read)","",""
2264,"COMPREHENSIVE-AUDIT-REPORT.md","current-repo","Documentation;Legacy","Archived","medium-high (filename/path keyword match, content not read)","",""
2265,"COMPREHENSIVE-FIX.ps1","current-repo","Legacy","Archived","medium-high (filename/path keyword match, content not read)","",""
2266,"COMPREHENSIVE-PROJECT-AUDIT-2025.md","current-repo","Documentation;Legacy","Archived","medium-high (filename/path keyword match, content not read)","",""
2267,"COMPREHENSIVE-PROJECT-AUDIT-AND-ASSESSMENT.md","current-repo","Documentation;Legacy","Archived","medium-high (filename/path keyword match, content not read)","",""
2268,"COMPREHENSIVE_AUDIT_REPORT.md","current-repo","Documentation;Legacy","Archived","medium-high (filename/path keyword match, content not read)","",""
2269,"COMPREHENSIVE_MCP_AUDIT_REPORT.md","current-repo","Documentation;Legacy","Archived","medium-high (filename/path keyword match, content not read)","",""
2270,"COMPREHENSIVE_MCP_AUDIT_REPORT_FINAL.md","current-repo","Documentation;Legacy","Archived","medium-high (filename/path keyword match, content not read)","",""
2271,"COPY-PASTE-COMMANDS.txt","current-repo","Legacy","Archived","medium-high (filename/path keyword match, content not read)","",""
2272,"COPY_PASTE_DEPLOYMENT.txt","current-repo","Deployment;Infrastructure;Legacy","Archived","medium-high (filename/path keyword match, content not read)","",""
2273,"CURRENT-STATUS-AND-NEXT-STEPS.md","current-repo","Legacy","Archived","medium-high (filename/path keyword match, content not read)","",""
2274,"cursor-mcp-config.json","current-repo","Legacy","Archived","medium-high (filename/path keyword match, content not read)","",""
2275,"CURSOR-MCP-HYBRID-INTEGRATION.md","current-repo","Legacy","Archived","medium-high (filename/path keyword match, content not read)","",""
2276,"CURSOR-MCP-INTEGRATION-COMPLETE-REPORT.md","current-repo","Legacy","Archived","medium-high (filename/path keyword match, content not read)","",""
2277,"CURSOR-MCP-INTEGRATION-GUIDE.md","current-repo","Documentation;Legacy","Archived","medium-high (filename/path keyword match, content not read)","",""
2278,"CURSOR-MCP-USAGE.md","current-repo","Legacy","Archived","medium-high (filename/path keyword match, content not read)","",""
2279,"cursor_settings.json","current-repo","Legacy","Archived","medium-high (filename/path keyword match, content not read)","",""
2280,"CYPRESS_FIX_SUMMARY.md","current-repo","Testing;QA;Legacy","Archived","medium-high (filename/path keyword match, content not read)","",""
2281,"DASHBOARD-AUDIT-COMPLETE.md","current-repo","Documentation;Legacy","Archived","medium-high (filename/path keyword match, content not read)","",""
2282,"DASHBOARD-FIX-COMPLETE.md","current-repo","Legacy","Archived","medium-high (filename/path keyword match, content not read)","",""
2283,"DASHBOARD-QUICK-ACCESS-GUIDE.md","current-repo","Documentation;Legacy","Archived","medium-high (filename/path keyword match, content not read)","",""
2284,"DAY2_COMPLETION_SUMMARY.md","current-repo","Legacy","Archived","medium-high (filename/path keyword match, content not read)","",""
2285,"DAY2_SETUP_INSTRUCTIONS.md","current-repo","Documentation;Legacy","Archived","medium-high (filename/path keyword match, content not read)","",""
2286,"DELETE-CNAME-ADD-A-RECORD.md","current-repo","Legacy","Archived","medium-high (filename/path keyword match, content not read)","",""
2287,"DEMO-LOGIN-GUIDE.md","current-repo","Documentation;Legacy","Archived","medium-high (filename/path keyword match, content not read)","",""
2288,"deploy-2step-verification.ps1","current-repo","Deployment;Infrastructure;Legacy","Archived","medium-high (filename/path keyword match, content not read)","",""
2289,"DEPLOY-CLOUDFLARE-PAGES.md","current-repo","Deployment;Infrastructure;Legacy","Archived","medium-high (filename/path keyword match, content not read)","",""
2290,"deploy-fast-html-site.ps1","current-repo","Deployment;Infrastructure;Legacy","Archived","medium-high (filename/path keyword match, content not read)","",""
2291,"deploy-html-clean.ps1","current-repo","Deployment;Infrastructure;Legacy","Archived","medium-high (filename/path keyword match, content not read)","",""
2292,"deploy-html-fast-site-fixed.ps1","current-repo","Deployment;Infrastructure;Legacy","Archived","medium-high (filename/path keyword match, content not read)","",""
2293,"deploy-html-fast-site.ps1","current-repo","Deployment;Infrastructure;Legacy","Archived","medium-high (filename/path keyword match, content not read)","",""
2294,"deploy-mobile-otp-registration-flow.ps1","current-repo","Deployment;Infrastructure;Legacy","Archived","medium-high (filename/path keyword match, content not read)","",""
2295,"deploy-now.ps1","current-repo","Deployment;Infrastructure;Legacy","Archived","medium-high (filename/path keyword match, content not read)","",""
2296,"DEPLOY-NOW.txt","current-repo","Deployment;Infrastructure;Legacy","Archived","medium-high (filename/path keyword match, content not read)","",""
2297,"deploy-oracle-vm.sh","current-repo","Deployment;Infrastructure;Legacy","Archived","medium-high (filename/path keyword match, content not read)","",""
2298,"deploy-script.sh","current-repo","Deployment;Infrastructure;Legacy","Archived","medium-high (filename/path keyword match, content not read)","",""
2299,"deployment-config.json","current-repo","Deployment;Infrastructure;Legacy","Archived","medium-high (filename/path keyword match, content not read)","",""
2300,"DEPLOYMENT-CRASH-AUDIT-AND-FIX.md","current-repo","Deployment;Infrastructure;Documentation;Legacy","Archived","medium-high (filename/path keyword match, content not read)","",""
2301,"deployment-protection.cjs","current-repo","Deployment;Infrastructure;Legacy","Archived","medium-high (filename/path keyword match, content not read)","",""
2302,"DEPLOYMENT-STATUS-AND-FIX.md","current-repo","Deployment;Infrastructure;Legacy","Archived","medium-high (filename/path keyword match, content not read)","",""
2303,"DEPLOYMENT-STATUS.md","current-repo","Deployment;Infrastructure;Legacy","Archived","medium-high (filename/path keyword match, content not read)","",""
2304,"DEPLOYMENT.md","current-repo","Deployment;Infrastructure;Legacy","Archived","medium-high (filename/path keyword match, content not read)","",""
2305,"DEPLOYMENT_ACTION_PLAN.txt","current-repo","Deployment;Infrastructure;Legacy","Archived","medium-high (filename/path keyword match, content not read)","",""
2306,"DEPLOYMENT_CHECKLIST.md","current-repo","Deployment;Infrastructure;Documentation;Legacy","Archived","medium-high (filename/path keyword match, content not read)","",""
2307,"DEPLOYMENT_FIX_COMPLETE.md","current-repo","Deployment;Infrastructure;Legacy","Archived","medium-high (filename/path keyword match, content not read)","",""
2308,"DEPLOYMENT_VERIFICATION_GUIDE.md","current-repo","Deployment;Infrastructure;Documentation;Legacy","Archived","medium-high (filename/path keyword match, content not read)","",""
2309,"deploy_existing_500_pages.ps1","current-repo","Deployment;Infrastructure;Legacy","Archived","medium-high (filename/path keyword match, content not read)","",""
2310,"deploy_hero_fix.ps1","current-repo","Deployment;Infrastructure;Legacy","Archived","medium-high (filename/path keyword match, content not read)","",""
2311,"deploy_homepage_fix.ps1","current-repo","Deployment;Infrastructure;Legacy","Archived","medium-high (filename/path keyword match, content not read)","",""
2312,"DETAILED-FILE-INVENTORY-2025.md","current-repo","Legacy","Archived","medium-high (filename/path keyword match, content not read)","",""
2313,"DIAGNOSE-502-ERROR.sh","current-repo","Legacy","Archived","medium-high (filename/path keyword match, content not read)","",""
2314,"disable-all-failing-workflows.ps1","current-repo","Automation;Legacy","Archived","medium-high (filename/path keyword match, content not read)","",""
2315,"disable-webthinker.ps1","current-repo","Legacy","Archived","medium-high (filename/path keyword match, content not read)","",""
2316,"DNS-COMPLETE-NEXT-STEPS.md","current-repo","Infrastructure;DevOps;Legacy","Archived","medium-high (filename/path keyword match, content not read)","",""
2317,"DOCKER-BUILD-NOT-FROZEN-GUIDE.md","current-repo","Infrastructure;DevOps;Documentation;Legacy","Archived","medium-high (filename/path keyword match, content not read)","",""
2318,"docker-compose.debug.yml","current-repo","Infrastructure;DevOps;Legacy","Archived","medium-high (filename/path keyword match, content not read)","",""
2319,"docker-compose.perplexity.yml","current-repo","Infrastructure;DevOps;Legacy","Archived","medium-high (filename/path keyword match, content not read)","",""
2320,"docker-compose.yml","current-repo","Infrastructure;DevOps;Legacy","Archived","medium-high (filename/path keyword match, content not read)","",""
2321,"Dockerfile","current-repo","Infrastructure;DevOps;Legacy","Archived","medium-high (filename/path keyword match, content not read)","",""
2322,"Dockerfile.client","current-repo","Infrastructure;DevOps;Legacy","Archived","medium-high (filename/path keyword match, content not read)","",""
2323,"Dockerfile.final","current-repo","Infrastructure;DevOps;Legacy","Archived","medium-high (filename/path keyword match, content not read)","",""
2324,"Dockerfile.fixed","current-repo","Infrastructure;DevOps;Legacy","Archived","medium-high (filename/path keyword match, content not read)","",""
2325,"Dockerfile.oracle","current-repo","Infrastructure;DevOps;Deployment;Legacy","Archived","medium-high (filename/path keyword match, content not read)","",""
2326,"Dockerfile.oracle-fixed","current-repo","Infrastructure;DevOps;Deployment;Legacy","Archived","medium-high (filename/path keyword match, content not read)","",""
2327,"swagger.json","current-repo","API;Legacy","Archived","medium-high (filename/path keyword match, content not read)","",""
2328,"BELL24H_SUPPLIER_ACQUISITION_ENGINE_V2.md","current-repo","Supplier;Legacy","Archived","medium-high (filename/path keyword match, content not read)","",""
2329,"openapi.yaml","current-repo","Legacy","Archived","medium-high (filename/path keyword match, content not read)","",""
2330,"PRODUCTION_SETUP.md","current-repo","Documentation;Legacy","Archived","medium-high (filename/path keyword match, content not read)","",""
2331,"README_EXPORT_SUMMARY.txt","current-repo","Documentation;Legacy","Archived","medium-high (filename/path keyword match, content not read)","",""
2332,"e2e-test-mobile-otp.ps1","current-repo","Testing;QA;Legacy","Archived","medium-high (filename/path keyword match, content not read)","",""
2333,"ECG-MARKETING-IMPLEMENTATION-PLAN.md","current-repo","Implementation Plan;Marketing;Legacy","Archived","medium-high (filename/path keyword match, content not read)","",""
2334,"EMERGENCY-502-FIX-SCRIPT.sh","current-repo","Legacy","Archived","medium-high (filename/path keyword match, content not read)","",""
2335,"ENABLE-HTTPS-CLOUDFLARE.md","current-repo","Infrastructure;Deployment;DevOps;Legacy","Archived","medium-high (filename/path keyword match, content not read)","",""
2336,"env-list.txt","current-repo","Legacy","Archived","medium-high (filename/path keyword match, content not read)","",""
2337,"EVERYTHING-WORKING-WAIT-FOR-SSL.md","current-repo","Infrastructure;DevOps;Legacy","Archived","medium-high (filename/path keyword match, content not read)","",""
2338,"explain_api.py","current-repo","Legacy","Archived","medium-high (filename/path keyword match, content not read)","",""
2339,"FEATURE-COMPARISON-TABLE.md","current-repo","Feature Specification;Legacy","Archived","medium-high (filename/path keyword match, content not read)","",""
2340,"FEATURE-COMPLETENESS-ANALYSIS.md","current-repo","Legacy","Archived","medium-high (filename/path keyword match, content not read)","",""
2341,"FINAL-521-FIX.md","current-repo","Legacy","Archived","medium-high (filename/path keyword match, content not read)","",""
2342,"FINAL-AUDIT-SUMMARY-2025.md","current-repo","Documentation;Legacy","Archived","medium-high (filename/path keyword match, content not read)","",""
2343,"FINAL-FEATURE-COMPARISON.md","current-repo","Feature Specification;Legacy","Archived","medium-high (filename/path keyword match, content not read)","",""
2344,"FINAL-STATUS-REPORT.md","current-repo","Legacy","Archived","medium-high (filename/path keyword match, content not read)","",""
2345,"FINAL_DEPLOYMENT_ORDER.md","current-repo","Deployment;Infrastructure;Legacy","Archived","medium-high (filename/path keyword match, content not read)","",""
2346,"FINAL_DEPLOYMENT_STATUS_REPORT.md","current-repo","Deployment;Infrastructure;Legacy","Archived","medium-high (filename/path keyword match, content not read)","",""
2347,"find-server-port.cjs","current-repo","Legacy","Archived","medium-high (filename/path keyword match, content not read)","",""
2348,"FIX-404-DNS-GUIDE.md","current-repo","Infrastructure;DevOps;Documentation;Legacy","Archived","medium-high (filename/path keyword match, content not read)","",""
2349,"FIX-502-ERROR.sh","current-repo","Legacy","Archived","medium-high (filename/path keyword match, content not read)","",""
2350,"FIX-521-ERROR.sh","current-repo","Legacy","Archived","medium-high (filename/path keyword match, content not read)","",""
2351,"FIX-521-QUICK-FIX.md","current-repo","Legacy","Archived","medium-high (filename/path keyword match, content not read)","",""
2352,"fix-build-error.sh","current-repo","Legacy","Archived","medium-high (filename/path keyword match, content not read)","",""
2353,"FIX-BUILD-NOW.md","current-repo","Legacy","Archived","medium-high (filename/path keyword match, content not read)","",""
2354,"FIX-CLOUDFLARE-521-ERROR.md","current-repo","Infrastructure;Deployment;Legacy","Archived","medium-high (filename/path keyword match, content not read)","",""
2355,"FIX-CLOUDFLARE-AUTO.ps1","current-repo","Infrastructure;Deployment;Legacy","Archived","medium-high (filename/path keyword match, content not read)","",""
2356,"FIX-CLOUDFLARE-BUILD-FAILURE.md","current-repo","Infrastructure;Deployment;Legacy","Archived","medium-high (filename/path keyword match, content not read)","",""
2357,"FIX-CLOUDFLARE-DNS-CONFLICT.md","current-repo","Infrastructure;Deployment;DevOps;Legacy","Archived","medium-high (filename/path keyword match, content not read)","",""
2358,"FIX-CLOUDFLARE-FINAL.ps1","current-repo","Infrastructure;Deployment;Legacy","Archived","medium-high (filename/path keyword match, content not read)","",""
2359,"FIX-CLOUDFLARE-MANUAL.txt","current-repo","Infrastructure;Deployment;Legacy","Archived","medium-high (filename/path keyword match, content not read)","",""
2360,"FIX-CLOUDFLARE-PAGES-404.md","current-repo","Infrastructure;Deployment;Legacy","Archived","medium-high (filename/path keyword match, content not read)","",""
2361,"FIX-CLOUDFLARE-SUBMODULES.ps1","current-repo","Infrastructure;Deployment;Legacy","Archived","medium-high (filename/path keyword match, content not read)","",""
2362,"fix-cloudflare.ps1","current-repo","Infrastructure;Deployment;Legacy","Archived","medium-high (filename/path keyword match, content not read)","",""
2363,"FIX-CONNECTION-TIMEOUT.md","current-repo","Legacy","Archived","medium-high (filename/path keyword match, content not read)","",""
2364,"FIX-DASHBOARD-COMPLETE-GUIDE.md","current-repo","Documentation;Legacy","Archived","medium-high (filename/path keyword match, content not read)","",""
2365,"FIX-DISK-SPACE-AND-NGINX.sh","current-repo","Legacy","Archived","medium-high (filename/path keyword match, content not read)","",""
2366,"FIX-DNS-APP-N8N.md","current-repo","Infrastructure;DevOps;Automation;n8n;Legacy","Archived","medium-high (filename/path keyword match, content not read)","",""
2367,"FIX-DOCKER-BUILD-STANDALONE-ERROR.md","current-repo","Infrastructure;DevOps;Legacy","Archived","medium-high (filename/path keyword match, content not read)","",""
2368,"fix-docker-build.sh","current-repo","Infrastructure;DevOps;Legacy","Archived","medium-high (filename/path keyword match, content not read)","",""
2369,"fix-github-actions.ps1","current-repo","DevOps;Legacy","Archived","medium-high (filename/path keyword match, content not read)","",""
2370,"FIX-GITHUB-PUSH-FINAL.ps1","current-repo","Legacy","Archived","medium-high (filename/path keyword match, content not read)","",""
2371,"FIX-GITHUB-SECRET.md","current-repo","Legacy","Archived","medium-high (filename/path keyword match, content not read)","",""
2372,"FIX-LOGIN-COOKIE.md","current-repo","Legacy","Archived","medium-high (filename/path keyword match, content not read)","",""
2373,"fix-lucide-imports.ps1","current-repo","Legacy","Archived","medium-high (filename/path keyword match, content not read)","",""
2374,"FIX-MERGE-CONFLICTS.ps1","current-repo","Legacy","Archived","medium-high (filename/path keyword match, content not read)","",""
2375,"FIX-MISSING-PAGES.md","current-repo","Legacy","Archived","medium-high (filename/path keyword match, content not read)","",""
2376,"FIX-N8N-502.sh","current-repo","Automation;n8n;Legacy","Archived","medium-high (filename/path keyword match, content not read)","",""
2377,"FIX-NODE-MODULES-SUBMODULE.ps1","current-repo","Legacy","Archived","medium-high (filename/path keyword match, content not read)","",""
2378,"FIX-PORT-80-CONFLICT.sh","current-repo","Legacy","Archived","medium-high (filename/path keyword match, content not read)","",""
2379,"FIX-PORT-80-QUICK.txt","current-repo","Legacy","Archived","medium-high (filename/path keyword match, content not read)","",""
2380,"FIX-PUSH-ERROR.ps1","current-repo","Legacy","Archived","medium-high (filename/path keyword match, content not read)","",""
2381,"FIX-RECURSIVE-BUILD-ERROR.md","current-repo","Legacy","Archived","medium-high (filename/path keyword match, content not read)","",""
2382,"fix-secret.sh","current-repo","Legacy","Archived","medium-high (filename/path keyword match, content not read)","",""
2383,"FIX-SSH-KEY-ISSUE.md","current-repo","Legacy","Archived","medium-high (filename/path keyword match, content not read)","",""
2384,"FIX-SSL-AND-N8N.md","current-repo","Infrastructure;DevOps;Automation;n8n;Legacy","Archived","medium-high (filename/path keyword match, content not read)","",""
2385,"FIX-SUBMODULE-CLOUDFLARE.md","current-repo","Infrastructure;Deployment;Legacy","Archived","medium-high (filename/path keyword match, content not read)","",""
2386,"FIX-SUBMODULE-ERROR-FINAL.ps1","current-repo","Legacy","Archived","medium-high (filename/path keyword match, content not read)","",""
2387,"FIX-SUBMODULES-COMPLETE.ps1","current-repo","Legacy","Archived","medium-high (filename/path keyword match, content not read)","",""
2388,"FIX-SUPPLIERS-PAGE-ERROR.md","current-repo","Supplier;Legacy","Archived","medium-high (filename/path keyword match, content not read)","",""
2389,"fix-unescaped-entities.ps1","current-repo","Legacy","Archived","medium-high (filename/path keyword match, content not read)","",""
2390,"FIXES_APPLIED.md","current-repo","Legacy","Archived","medium-high (filename/path keyword match, content not read)","",""
2391,"fix_build_error.ps1","current-repo","Legacy","Archived","medium-high (filename/path keyword match, content not read)","",""
2392,"fix_build_errors.ps1","current-repo","Legacy","Archived","medium-high (filename/path keyword match, content not read)","",""
2393,"fix_build_error_final.ps1","current-repo","Legacy","Archived","medium-high (filename/path keyword match, content not read)","",""
2394,"fix_icons.ps1","current-repo","Legacy","Archived","medium-high (filename/path keyword match, content not read)","",""
2395,"force-push-all.ps1","current-repo","Legacy","Archived","medium-high (filename/path keyword match, content not read)","",""
2396,"GITHUB-ACTIONS-SETUP.md","current-repo","DevOps;Documentation;Legacy","Archived","medium-high (filename/path keyword match, content not read)","",""
2397,"GITHUB-ORACLE-AUTO-DEPLOY-GUIDE.md","current-repo","Deployment;Infrastructure;Documentation;Legacy","Archived","medium-high (filename/path keyword match, content not read)","",""
2398,"github-setup-commands.txt","current-repo","Documentation;Legacy","Archived","medium-high (filename/path keyword match, content not read)","",""
2399,"GIT_REPOSITORY_FIX_COMPLETE.md","current-repo","Legacy","Archived","medium-high (filename/path keyword match, content not read)","",""
2400,"hardhat.config.cjs","current-repo","Architecture;AI;Legacy","Archived","medium-high (filename/path keyword match, content not read)","",""
2401,"hell -ExecutionPolicy Bypass -File commit-and-push-fix.ps1","current-repo","Legacy","Archived","medium-high (filename/path keyword match, content not read)","",""
2402,"HOMEPAGE_BUILD_COMPLETE.md","current-repo","Legacy","Archived","medium-high (filename/path keyword match, content not read)","",""
2403,"HYBRID-APPROACH-COMPLETE-GUIDE.md","current-repo","Documentation;Legacy","Archived","medium-high (filename/path keyword match, content not read)","",""
2404,"IMMEDIATE-502-FIX.sh","current-repo","Legacy","Archived","medium-high (filename/path keyword match, content not read)","",""
2405,"IMMEDIATE-FIX-COMMANDS.txt","current-repo","Legacy","Archived","medium-high (filename/path keyword match, content not read)","",""
2406,"jest.config.cjs","current-repo","Legacy","Archived","medium-high (filename/path keyword match, content not read)","",""
2407,"jest.integration.config.cjs","current-repo","Legacy","Archived","medium-high (filename/path keyword match, content not read)","",""
2408,"JSON-SYNTAX-ERROR-FIX-REPORT.md","current-repo","Legacy","Archived","medium-high (filename/path keyword match, content not read)","",""
2409,"LAUNCH_DAY_SCHEDULE.md","current-repo","Legacy","Archived","medium-high (filename/path keyword match, content not read)","",""
2410,"LAUNCH_PREPARATION_NOV_22.md","current-repo","Legacy","Archived","medium-high (filename/path keyword match, content not read)","",""
2411,"LAUNCH_READY_SUMMARY.md","current-repo","Legacy","Archived","medium-high (filename/path keyword match, content not read)","",""
2412,"LAUNCH_SOCIAL_MEDIA_POSTS.md","current-repo","Legacy","Archived","medium-high (filename/path keyword match, content not read)","",""
2413,"package-lock.json","current-repo","Testing;QA;Legacy","Archived","medium-high (filename/path keyword match, content not read)","",""
2414,"package.json","current-repo","Testing;QA;Legacy","Archived","medium-high (filename/path keyword match, content not read)","",""
2415,"tsconfig.json","current-repo","Testing;QA;Legacy","Archived","medium-high (filename/path keyword match, content not read)","",""
2416,"MANUAL-FIX-COMMANDS.txt","current-repo","Legacy","Archived","medium-high (filename/path keyword match, content not read)","",""
2417,"MANUAL-SSL-SETUP-STEPS.md","current-repo","Infrastructure;DevOps;Documentation;Legacy","Archived","medium-high (filename/path keyword match, content not read)","",""
2418,"MANUAL_GITKRAKEN_SETUP.txt","current-repo","Documentation;Legacy","Archived","medium-high (filename/path keyword match, content not read)","",""
2419,"whatsapp-messages.txt","current-repo","Marketing;Legacy","Archived","medium-high (filename/path keyword match, content not read)","",""
2420,"MARKETING_PLAN_COMPANY_PROFILE_CLAIMING.md","current-repo","Marketing;Legacy","Archived","medium-high (filename/path keyword match, content not read)","",""
2421,"mcp-gitkraken.json","current-repo","Legacy","Archived","medium-high (filename/path keyword match, content not read)","",""
2422,"mcp_config.json","current-repo","Legacy","Archived","medium-high (filename/path keyword match, content not read)","",""
2423,"MIGRATION-CLOUDFLARE-PAGES.md","current-repo","SQL Migration;Implementation Plan;Infrastructure;Deployment;Legacy","Archived","medium-high (filename/path keyword match, content not read)","",""
2424,"MIGRATION_ACTION_PLAN.txt","current-repo","SQL Migration;Implementation Plan;Legacy","Archived","medium-high (filename/path keyword match, content not read)","",""
2425,"mobile-otp-only-deploy.ps1","current-repo","Deployment;Infrastructure;Legacy","Archived","medium-high (filename/path keyword match, content not read)","",""
2426,"MOBILE_OTP_ERROR_HANDLING.md","current-repo","Legacy","Archived","medium-high (filename/path keyword match, content not read)","",""
2427,"MOVE-TO-PORT-80.md","current-repo","Legacy","Archived","medium-high (filename/path keyword match, content not read)","",""
2428,"MSG91_INTEGRATION_COMPLETE.md","current-repo","Legacy","Archived","medium-high (filename/path keyword match, content not read)","",""
2429,"MSG91_QUICK_SETUP.md","current-repo","Documentation;Legacy","Archived","medium-high (filename/path keyword match, content not read)","",""
2430,"MSG91_SETUP_COMPLETE.md","current-repo","Documentation;Legacy","Archived","medium-high (filename/path keyword match, content not read)","",""
2431,"bell24h-integration.workflow.json","current-repo","Automation;n8n;Legacy","Archived","medium-high (filename/path keyword match, content not read)","",""
2432,"category-analytics.workflow.json","current-repo","Automation;n8n;Analytics;Legacy","Archived","medium-high (filename/path keyword match, content not read)","",""
2433,"category-seo-automation.workflow.json","current-repo","Automation;n8n;SEO;Legacy","Archived","medium-high (filename/path keyword match, content not read)","",""
2434,"escrow.workflow.json","current-repo","Automation;n8n;Escrow;Legacy","Archived","medium-high (filename/path keyword match, content not read)","",""
2435,"mock-order-generation.workflow.json","current-repo","Automation;n8n;Legacy","Archived","medium-high (filename/path keyword match, content not read)","",""
2436,"rfq.workflow.json","current-repo","Automation;n8n;RFQ;Legacy","Archived","medium-high (filename/path keyword match, content not read)","",""
2437,"user.onboarding.workflow.json","current-repo","Automation;n8n;Legacy","Archived","medium-high (filename/path keyword match, content not read)","",""
2438,"N8N-RUNNING-FIX-SSL.md","current-repo","Infrastructure;DevOps;Automation;n8n;Legacy","Archived","medium-high (filename/path keyword match, content not read)","",""
2439,"N8N-WORKFLOW-A-E-MICRO-LEVEL-GUIDE.md","current-repo","Automation;n8n;Documentation;Legacy","Archived","medium-high (filename/path keyword match, content not read)","",""
2440,"supplier-onboarding-welcome-email.json","current-repo","Automation;n8n;Supplier;Legacy","Archived","medium-high (filename/path keyword match, content not read)","",""
2441,"supplier-onboarding-welcome-sms.json","current-repo","Automation;n8n;Supplier;Legacy","Archived","medium-high (filename/path keyword match, content not read)","",""
2442,"N8N_SETUP_QUICK_REFERENCE.md","current-repo","Automation;n8n;Documentation;Legacy","Archived","medium-high (filename/path keyword match, content not read)","",""
2443,"N8N_WORKFLOWS_COMPLETE.md","current-repo","Automation;n8n;Legacy","Archived","medium-high (filename/path keyword match, content not read)","",""
2444,"netlify.toml","current-repo","Infrastructure;Deployment;Legacy","Archived","medium-high (filename/path keyword match, content not read)","",""
2445,"NEXT-STEPS-TODO-LIST.md","current-repo","Legacy","Archived","medium-high (filename/path keyword match, content not read)","",""
2446,"next.config.cjs","current-repo","Legacy","Archived","medium-high (filename/path keyword match, content not read)","",""
2447,"nixpacks.toml","current-repo","Legacy","Archived","medium-high (filename/path keyword match, content not read)","",""
2448,"NO-Q-PREFIX-AUTOMATION.ps1","current-repo","Automation;Legacy","Archived","medium-high (filename/path keyword match, content not read)","",""
2449,"NON-CODER-DEPLOYMENT-PRIORITY-GUIDE.md","current-repo","Deployment;Infrastructure;Documentation;Legacy","Archived","medium-high (filename/path keyword match, content not read)","",""
2450,"NOV-20-LAUNCH-CHECKLIST.md","current-repo","Documentation;Legacy","Archived","medium-high (filename/path keyword match, content not read)","",""
2451,"nuclear_fix.ps1","current-repo","Legacy","Archived","medium-high (filename/path keyword match, content not read)","",""
2452,"nuclear_fix_all.ps1","current-repo","Legacy","Archived","medium-high (filename/path keyword match, content not read)","",""
2453,"ONE-PAGE-BRUTAL-TRUTH-REVENUE-SUMMARY.md","current-repo","Legacy","Archived","medium-high (filename/path keyword match, content not read)","",""
2454,"openapitools.json","current-repo","Legacy","Archived","medium-high (filename/path keyword match, content not read)","",""
2455,".env.example","current-repo","Infrastructure;Deployment;Legacy","Archived","medium-high (filename/path keyword match, content not read)","",""
2456,"default.json","current-repo","Infrastructure;Deployment;Legacy","Archived","medium-high (filename/path keyword match, content not read)","",""
2457,"package.json","current-repo","Infrastructure;Deployment;Legacy","Archived","medium-high (filename/path keyword match, content not read)","",""
2458,"ORACLE-CLOUD-DEPLOYMENT-GUIDE.md","current-repo","Deployment;Infrastructure;Documentation;Legacy","Archived","medium-high (filename/path keyword match, content not read)","",""
2459,"complete-categories.sql","current-repo","Infrastructure;Deployment;Automation;n8n;Legacy","Archived","medium-high (filename/path keyword match, content not read)","",""
2460,"missing-tables.sql","current-repo","Infrastructure;Deployment;Automation;n8n;Legacy","Archived","medium-high (filename/path keyword match, content not read)","",""
2461,"docker-compose.yml","current-repo","Infrastructure;DevOps;Deployment;Automation;n8n;Legacy","Archived","medium-high (filename/path keyword match, content not read)","",""
2462,"README.md","current-repo","Infrastructure;Deployment;Automation;n8n;Documentation;Legacy","Archived","medium-high (filename/path keyword match, content not read)","",""
2463,"setup-oracle-cloud.sh","current-repo","Infrastructure;Deployment;Automation;n8n;Documentation;Legacy","Archived","medium-high (filename/path keyword match, content not read)","",""
2464,"lead-test-data.json","current-repo","Infrastructure;Deployment;Automation;n8n;Testing;QA;Legacy","Archived","medium-high (filename/path keyword match, content not read)","",""
2465,"rfq-test-data.json","current-repo","Infrastructure;Deployment;Automation;n8n;RFQ;Testing;QA;Legacy","Archived","medium-high (filename/path keyword match, content not read)","",""
2466,"bell24h-ai-category-worker-complete.json","current-repo","Infrastructure;Deployment;AI;Automation;n8n;Legacy","Archived","medium-high (filename/path keyword match, content not read)","",""
2467,"bell24h-ai-category-worker-with-db.json","current-repo","Infrastructure;Deployment;AI;Automation;n8n;Legacy","Archived","medium-high (filename/path keyword match, content not read)","",""
2468,"bell24h-ai-category-worker.json","current-repo","Infrastructure;Deployment;AI;Automation;n8n;Legacy","Archived","medium-high (filename/path keyword match, content not read)","",""
2469,"bell24h-ai-scraper-master-with-db.json","current-repo","Infrastructure;Deployment;AI;Automation;n8n;Legacy","Archived","medium-high (filename/path keyword match, content not read)","",""
2470,"bell24h-ai-scraper-master.json","current-repo","Infrastructure;Deployment;AI;Automation;n8n;Legacy","Archived","medium-high (filename/path keyword match, content not read)","",""
2471,"bell24h-lead-scoring-complete.json","current-repo","Infrastructure;Deployment;Automation;n8n;Legacy","Archived","medium-high (filename/path keyword match, content not read)","",""
2472,"bell24h-lead-scoring-with-db.json","current-repo","Infrastructure;Deployment;Automation;n8n;Legacy","Archived","medium-high (filename/path keyword match, content not read)","",""
2473,"bell24h-lead-scoring.json","current-repo","Infrastructure;Deployment;Automation;n8n;Legacy","Archived","medium-high (filename/path keyword match, content not read)","",""
2474,"bell24h-rfq-notification-complete.json","current-repo","Infrastructure;Deployment;Automation;n8n;RFQ;Legacy","Archived","medium-high (filename/path keyword match, content not read)","",""
2475,"bell24h-rfq-notification-fixed.json","current-repo","Infrastructure;Deployment;Automation;n8n;RFQ;Legacy","Archived","medium-high (filename/path keyword match, content not read)","",""
2476,"bell24h-rfq-notification-with-db.json","current-repo","Infrastructure;Deployment;Automation;n8n;RFQ;Legacy","Archived","medium-high (filename/path keyword match, content not read)","",""
2477,"bell24h-rfq-notification.json","current-repo","Infrastructure;Deployment;Automation;n8n;RFQ;Legacy","Archived","medium-high (filename/path keyword match, content not read)","",""
2478,"nano-banana-enrichment.json","current-repo","Infrastructure;Deployment;Automation;n8n;Legacy","Archived","medium-high (filename/path keyword match, content not read)","",""
2479,"ORACLE-VM-DEPLOYMENT-GUIDE.md","current-repo","Deployment;Infrastructure;Documentation;Legacy","Archived","medium-high (filename/path keyword match, content not read)","",""
2480,"package-lock.json","current-repo","Legacy","Archived","medium-high (filename/path keyword match, content not read)","",""
2481,"package.json","current-repo","Legacy","Archived","medium-high (filename/path keyword match, content not read)","",""
2482,"page-test-report.json","current-repo","Testing;QA;Legacy","Archived","medium-high (filename/path keyword match, content not read)","",""
2483,"page-verification-report.json","current-repo","Legacy","Archived","medium-high (filename/path keyword match, content not read)","",""
2484,"PERMANENT-Q-PREFIX-FIX.sh","current-repo","Legacy","Archived","medium-high (filename/path keyword match, content not read)","",""
2485,"postcss.config.cjs","current-repo","Design;Legacy","Archived","medium-high (filename/path keyword match, content not read)","",""
2486,"POST_AUDIT_PROTOCOL_COMPLETE.md","current-repo","Documentation;Legacy","Archived","medium-high (filename/path keyword match, content not read)","",""
2487,"POST_AUDIT_PROTOCOL_IMPLEMENTATION_SUMMARY.md","current-repo","Implementation Plan;Documentation;Legacy","Archived","medium-high (filename/path keyword match, content not read)","",""
2488,"PRISMA_FIX_COMPLETE.md","current-repo","Database;Legacy","Archived","medium-high (filename/path keyword match, content not read)","",""
2489,"production.env.template","current-repo","Legacy","Archived","medium-high (filename/path keyword match, content not read)","",""
2490,"PRODUCTION_DEPLOYMENT_SUMMARY.md","current-repo","Deployment;Infrastructure;Legacy","Archived","medium-high (filename/path keyword match, content not read)","",""
2491,"PROJECT-ENHANCEMENT-SUMMARY.md","current-repo","Legacy","Archived","medium-high (filename/path keyword match, content not read)","",""
2492,"PROJECT-STATUS-CHECK.md","current-repo","Legacy","Archived","medium-high (filename/path keyword match, content not read)","",""
2493,"common.json","current-repo","Legacy","Archived","medium-high (filename/path keyword match, content not read)","",""
2494,"common.json","current-repo","Legacy","Archived","medium-high (filename/path keyword match, content not read)","",""
2495,"dashboard.json","current-repo","Legacy","Archived","medium-high (filename/path keyword match, content not read)","",""
2496,"manifest.json","current-repo","Legacy","Archived","medium-high (filename/path keyword match, content not read)","",""
2497,"robots.txt","current-repo","Legacy","Archived","medium-high (filename/path keyword match, content not read)","",""
2498,"temple-bell.mp3.txt","current-repo","Legacy","Archived","medium-high (filename/path keyword match, content not read)","",""
2499,"QUICK-502-DIAGNOSIS.md","current-repo","Legacy","Archived","medium-high (filename/path keyword match, content not read)","",""
2500,"QUICK-DEPLOY-ORACLE.md","current-repo","Deployment;Infrastructure;Legacy","Archived","medium-high (filename/path keyword match, content not read)","",""
2501,"quick-deploy.cjs","current-repo","Deployment;Infrastructure;Legacy","Archived","medium-high (filename/path keyword match, content not read)","",""
2502,"QUICK-DIAGNOSTIC-COMMANDS.sh","current-repo","Legacy","Archived","medium-high (filename/path keyword match, content not read)","",""
2503,"QUICK-FIX-N8N.sh","current-repo","Automation;n8n;Legacy","Archived","medium-high (filename/path keyword match, content not read)","",""
2504,"QUICK-FIX-TIMEOUT.md","current-repo","Legacy","Archived","medium-high (filename/path keyword match, content not read)","",""
2505,"quick-platform-test.cjs","current-repo","Testing;QA;Legacy","Archived","medium-high (filename/path keyword match, content not read)","",""
2506,"QUICK-ROLLBACK.sh","current-repo","Legacy","Archived","medium-high (filename/path keyword match, content not read)","",""
2507,"QUICK-START-AUTO-DEPLOY.md","current-repo","Deployment;Infrastructure;Legacy","Archived","medium-high (filename/path keyword match, content not read)","",""
2508,"quick-status-check.cjs","current-repo","Legacy","Archived","medium-high (filename/path keyword match, content not read)","",""
2509,"QUICK_DEPLOYMENT_STEPS.txt","current-repo","Deployment;Infrastructure;Legacy","Archived","medium-high (filename/path keyword match, content not read)","",""
2510,"QUICK_DEPLOYMENT_TEST.txt","current-repo","Deployment;Infrastructure;Testing;QA;Legacy","Archived","medium-high (filename/path keyword match, content not read)","",""
2511,"QUICK_DEPLOY_COMMANDS.txt","current-repo","Deployment;Infrastructure;Legacy","Archived","medium-high (filename/path keyword match, content not read)","",""
2512,"QUICK_DEPLOY_GUIDE.md","current-repo","Deployment;Infrastructure;Documentation;Legacy","Archived","medium-high (filename/path keyword match, content not read)","",""
2513,"QUICK_START_PRODUCTION.md","current-repo","Legacy","Archived","medium-high (filename/path keyword match, content not read)","",""
2514,"railway.env.example","current-repo","Infrastructure;Deployment;Legacy","Archived","medium-high (filename/path keyword match, content not read)","",""
2515,"railway.json","current-repo","Infrastructure;Deployment;Legacy","Archived","medium-high (filename/path keyword match, content not read)","",""
2516,"railway.toml","current-repo","Infrastructure;Deployment;Legacy","Archived","medium-high (filename/path keyword match, content not read)","",""
2517,"RE-RUN-DEPLOYMENT.md","current-repo","Deployment;Infrastructure;Legacy","Archived","medium-high (filename/path keyword match, content not read)","",""
2518,"README.md","current-repo","Documentation;Legacy","Archived","medium-high (filename/path keyword match, content not read)","",""
2519,"README_DATABASE_ALTERNATIVES.md","current-repo","Documentation;Legacy","Archived","medium-high (filename/path keyword match, content not read)","",""
2520,"REMOVE-FROM-HISTORY.ps1","current-repo","Legacy","Archived","medium-high (filename/path keyword match, content not read)","",""
2521,"REMOVE-LARGE-FILES.ps1","current-repo","Legacy","Archived","medium-high (filename/path keyword match, content not read)","",""
2522,"REMOVE-NETLIFY-SIMPLE.ps1","current-repo","Infrastructure;Deployment;Legacy","Archived","medium-high (filename/path keyword match, content not read)","",""
2523,"request_body.json","current-repo","Legacy","Archived","medium-high (filename/path keyword match, content not read)","",""
2524,"RUN-EMERGENCY-FIX-NOW.sh","current-repo","Legacy","Archived","medium-high (filename/path keyword match, content not read)","",""
2525,"audit-pages.cjs","current-repo","Documentation;Legacy","Archived","medium-high (filename/path keyword match, content not read)","",""
2526,"backup-vercel-production.cjs","current-repo","Infrastructure;Deployment;Legacy","Archived","medium-high (filename/path keyword match, content not read)","",""
2527,"backup.cjs","current-repo","Legacy","Archived","medium-high (filename/path keyword match, content not read)","",""
2528,"create-staging-environment.cjs","current-repo","Legacy","Archived","medium-high (filename/path keyword match, content not read)","",""
2529,"deploy-escrow.cjs","current-repo","Deployment;Infrastructure;Escrow;Legacy","Archived","medium-high (filename/path keyword match, content not read)","",""
2530,"deploy-production.sh","current-repo","Deployment;Infrastructure;Legacy","Archived","medium-high (filename/path keyword match, content not read)","",""
2531,"deploy-safe.cjs","current-repo","Deployment;Infrastructure;Legacy","Archived","medium-high (filename/path keyword match, content not read)","",""
2532,"dev-workflow.cjs","current-repo","Automation;Legacy","Archived","medium-high (filename/path keyword match, content not read)","",""
2533,"migrate-missing-pages.cjs","current-repo","Legacy","Archived","medium-high (filename/path keyword match, content not read)","",""
2534,"migration-test.cjs","current-repo","SQL Migration;Implementation Plan;Testing;QA;Legacy","Archived","medium-high (filename/path keyword match, content not read)","",""
2535,"protect-files.cjs","current-repo","Legacy","Archived","medium-high (filename/path keyword match, content not read)","",""
2536,"pull-vercel-source.cjs","current-repo","Infrastructure;Deployment;Legacy","Archived","medium-high (filename/path keyword match, content not read)","",""
2537,"run-fixed-page-validation.cjs","current-repo","Legacy","Archived","medium-high (filename/path keyword match, content not read)","",""
2538,"safe-merge.cjs","current-repo","Legacy","Archived","medium-high (filename/path keyword match, content not read)","",""
2539,"setup-api-integrations.cjs","current-repo","API;Documentation;Legacy","Archived","medium-high (filename/path keyword match, content not read)","",""
2540,"setup-database.cjs","current-repo","Documentation;Legacy","Archived","medium-high (filename/path keyword match, content not read)","",""
2541,"setup-env.cjs","current-repo","Documentation;Legacy","Archived","medium-high (filename/path keyword match, content not read)","",""
2542,"setup-production-db.sh","current-repo","Documentation;Legacy","Archived","medium-high (filename/path keyword match, content not read)","",""
2543,"setup-vercel-env.sh","current-repo","Infrastructure;Deployment;Documentation;Legacy","Archived","medium-high (filename/path keyword match, content not read)","",""
2544,"test-all-pages.cjs","current-repo","Testing;QA;Legacy","Archived","medium-high (filename/path keyword match, content not read)","",""
2545,"vercel-import.cjs","current-repo","Infrastructure;Deployment;Legacy","Archived","medium-high (filename/path keyword match, content not read)","",""
2546,"verify-pages.cjs","current-repo","Legacy","Archived","medium-high (filename/path keyword match, content not read)","",""
2547,"scripts.json","current-repo","Legacy","Archived","medium-high (filename/path keyword match, content not read)","",""
2548,"SEO-HERO-SECTION-UPDATE.md","current-repo","SEO;Legacy","Archived","medium-high (filename/path keyword match, content not read)","",""
2549,".env.example","current-repo","Legacy","Archived","medium-high (filename/path keyword match, content not read)","",""
2550,".env.test","current-repo","Testing;QA;Legacy","Archived","medium-high (filename/path keyword match, content not read)","",""
2551,"test.spec.cjs","current-repo","Testing;QA;Legacy","Archived","medium-high (filename/path keyword match, content not read)","",""
2552,"tsconfig.json","current-repo","Testing;QA;Legacy","Archived","medium-high (filename/path keyword match, content not read)","",""
2553,"package-lock.json","current-repo","Legacy","Archived","medium-high (filename/path keyword match, content not read)","",""
2554,"package.json","current-repo","Legacy","Archived","medium-high (filename/path keyword match, content not read)","",""
2555,"tsconfig.json","current-repo","Legacy","Archived","medium-high (filename/path keyword match, content not read)","",""
2556,"tsconfig.test.json","current-repo","Testing;QA;Legacy","Archived","medium-high (filename/path keyword match, content not read)","",""
2557,"server-tsconfig.json","current-repo","Legacy","Archived","medium-high (filename/path keyword match, content not read)","",""
2558,"setup-github-deploy.ps1","current-repo","Deployment;Infrastructure;Documentation;Legacy","Archived","medium-high (filename/path keyword match, content not read)","",""
2559,"SETUP-GITHUB-SECRET.md","current-repo","Documentation;Legacy","Archived","medium-high (filename/path keyword match, content not read)","",""
2560,"setup-ssl-automated.sh","current-repo","Infrastructure;DevOps;Documentation;Legacy","Archived","medium-high (filename/path keyword match, content not read)","",""
2561,"setup-ssl-direct.ps1","current-repo","Infrastructure;DevOps;Documentation;Legacy","Archived","medium-high (filename/path keyword match, content not read)","",""
2562,"setup-ssl-upload-execute.ps1","current-repo","Infrastructure;DevOps;Documentation;Legacy","Archived","medium-high (filename/path keyword match, content not read)","",""
2563,"setup-ssl-via-ssh.ps1","current-repo","Infrastructure;DevOps;Documentation;Legacy","Archived","medium-high (filename/path keyword match, content not read)","",""
2564,"SETUP_COMPLETE.md","current-repo","Documentation;Legacy","Archived","medium-high (filename/path keyword match, content not read)","",""
2565,"SIMPLE-DEPLOY-STEPS.md","current-repo","Deployment;Infrastructure;Legacy","Archived","medium-high (filename/path keyword match, content not read)","",""
2566,"SIMPLE_DEPLOY_COMMANDS.txt","current-repo","Deployment;Infrastructure;Legacy","Archived","medium-high (filename/path keyword match, content not read)","",""
2567,"SITE-IS-LIVE-NEXT-STEPS.md","current-repo","Legacy","Archived","medium-high (filename/path keyword match, content not read)","",""
2568,"package.json","current-repo","Database;Legacy","Archived","medium-high (filename/path keyword match, content not read)","",""
2569,"SSL-ACTIVE-CONFIGURE-N8N-ROUTING.md","current-repo","Infrastructure;DevOps;Automation;n8n;Legacy","Archived","medium-high (filename/path keyword match, content not read)","",""
2570,"SSL-CERTIFICATES-ALREADY-ACTIVE.md","current-repo","Infrastructure;DevOps;Legacy","Archived","medium-high (filename/path keyword match, content not read)","",""
2571,"SSL-CONFIGURED-FIX-CONNECTION.md","current-repo","Infrastructure;DevOps;Legacy","Archived","medium-high (filename/path keyword match, content not read)","",""
2572,"SSL-SETUP-COMMAND.txt","current-repo","Infrastructure;DevOps;Documentation;Legacy","Archived","medium-high (filename/path keyword match, content not read)","",""
2573,"START-NGINX-VERIFY-CONFIG.md","current-repo","Legacy","Archived","medium-high (filename/path keyword match, content not read)","",""
2574,"start_clean_dev.ps1","current-repo","Legacy","Archived","medium-high (filename/path keyword match, content not read)","",""
2575,"SUPPLIER_PROFILE_FILES_INVENTORY.md","current-repo","Supplier;Legacy","Archived","medium-high (filename/path keyword match, content not read)","",""
2576,"SUPPLIER_PROFILE_IMPLEMENTATION_PLAN.md","current-repo","Implementation Plan;Supplier;Legacy","Archived","medium-high (filename/path keyword match, content not read)","",""
2577,"task-definition.json","current-repo","Legacy","Archived","medium-high (filename/path keyword match, content not read)","",""
2578,"test-bell24h-complete.cjs","current-repo","Testing;QA;Legacy","Archived","medium-high (filename/path keyword match, content not read)","",""
2579,"test-final-fixes.cjs","current-repo","Testing;QA;Legacy","Archived","medium-high (filename/path keyword match, content not read)","",""
2580,"test-system-complete.cjs","current-repo","Testing;QA;Legacy","Archived","medium-high (filename/path keyword match, content not read)","",""
2581,"TODO-21-25-IMPLEMENTATION-COMPLETE.md","current-repo","Implementation Plan;Legacy","Archived","medium-high (filename/path keyword match, content not read)","",""
2582,"TODO-21-25-IMPLEMENTATION-PLAN.md","current-repo","Implementation Plan;Legacy","Archived","medium-high (filename/path keyword match, content not read)","",""
2583,"TODO-ITEMS-21-25-EXTRACTED.md","current-repo","Legacy","Archived","medium-high (filename/path keyword match, content not read)","",""
2584,"train_supplier_model.py","current-repo","Supplier;Legacy","Archived","medium-high (filename/path keyword match, content not read)","",""
2585,"tsconfig.e2e.json","current-repo","Testing;QA;Legacy","Archived","medium-high (filename/path keyword match, content not read)","",""
2586,"tsconfig.json","current-repo","Legacy","Archived","medium-high (filename/path keyword match, content not read)","",""
2587,"tsconfig.server.json","current-repo","Legacy","Archived","medium-high (filename/path keyword match, content not read)","",""
2588,"ULTRA-FAST-MCP-WORKING-REPORT.md","current-repo","Legacy","Archived","medium-high (filename/path keyword match, content not read)","",""
2589,"update-env.sh","current-repo","Legacy","Archived","medium-high (filename/path keyword match, content not read)","",""
2590,"USER-DASHBOARD-FEATURES-LIST.md","current-repo","Legacy","Archived","medium-high (filename/path keyword match, content not read)","",""
2591,"package-lock.json","current-repo","Deployment;Infrastructure;Legacy","Archived","medium-high (filename/path keyword match, content not read)","",""
2592,"package.json","current-repo","Deployment;Infrastructure;Legacy","Archived","medium-high (filename/path keyword match, content not read)","",""
2593,"common.json","current-repo","Deployment;Infrastructure;Legacy","Archived","medium-high (filename/path keyword match, content not read)","",""
2594,"temple-bell.mp3.txt","current-repo","Deployment;Infrastructure;Legacy","Archived","medium-high (filename/path keyword match, content not read)","",""
2595,"tsconfig.json","current-repo","Deployment;Infrastructure;Legacy","Archived","medium-high (filename/path keyword match, content not read)","",""
2596,"vercel.json","current-repo","Deployment;Infrastructure;Legacy","Archived","medium-high (filename/path keyword match, content not read)","",""
2597,"vercel.json","current-repo","Infrastructure;Deployment;Legacy","Archived","medium-high (filename/path keyword match, content not read)","",""
2598,"vercel.local.json","current-repo","Infrastructure;Deployment;Legacy","Archived","medium-high (filename/path keyword match, content not read)","",""
2599,"vercel.production.json","current-repo","Infrastructure;Deployment;Legacy","Archived","medium-high (filename/path keyword match, content not read)","",""
2600,"VERIFY-SITE-STATUS.md","current-repo","Legacy","Archived","medium-high (filename/path keyword match, content not read)","",""
2601,"WHAT-IS-NEXT.md","current-repo","Legacy","Archived","medium-high (filename/path keyword match, content not read)","",""
2602,"wrangler.toml","current-repo","Legacy","Archived","medium-high (filename/path keyword match, content not read)","",""
2603,"🔥 BELL24h_ One-Page Brutal Truth.pdf","current-repo","Legacy","Archived","medium-high (filename/path keyword match, content not read)","",""
2604,"🔥 BRUTAL TRUTH_ BELL24h Revenue Reality Check.pdf","current-repo","Legacy","Archived","medium-high (filename/path keyword match, content not read)","",""
2605,".env.production","current-repo","Legacy","Archived","medium-high (filename/path keyword match, content not read)","",""
2606,".eslintrc.json","current-repo","Legacy","Archived","medium-high (filename/path keyword match, content not read)","",""
2607,"auto-categories.yml","current-repo","DevOps;Automation;Legacy","Archived","medium-high (filename/path keyword match, content not read)","",""
2608,"auto-deploy.yml","current-repo","Deployment;Infrastructure;DevOps;Automation;Legacy","Archived","medium-high (filename/path keyword match, content not read)","",""
2609,"ci.yml","current-repo","DevOps;Automation;Legacy","Archived","medium-high (filename/path keyword match, content not read)","",""
2610,"deploy-bell24h.yml","current-repo","Deployment;Infrastructure;DevOps;Automation;Legacy","Archived","medium-high (filename/path keyword match, content not read)","",""
2611,"AI_FEATURES_ANALYSIS.md","current-repo","AI;Legacy","Archived","medium-high (filename/path keyword match, content not read)","",""
2612,"API_TESTING_GUIDE.md","current-repo","Testing;QA;Documentation;Legacy","Archived","medium-high (filename/path keyword match, content not read)","",""
2613,"ARCHITECTURE_ANALYSIS.md","current-repo","Architecture;Legacy","Archived","medium-high (filename/path keyword match, content not read)","",""
2614,"AUTOMATED_DEPLOYMENT_GUIDE.md","current-repo","Deployment;Infrastructure;Documentation;Legacy","Archived","medium-high (filename/path keyword match, content not read)","",""
2615,"package-lock.json","current-repo","Architecture;AI;Legacy","Archived","medium-high (filename/path keyword match, content not read)","",""
2616,"package.json","current-repo","Architecture;AI;Legacy","Archived","medium-high (filename/path keyword match, content not read)","",""
2617,"check-tables.sql","current-repo","Legacy","Archived","medium-high (filename/path keyword match, content not read)","",""
2618,"CLOUDFLARE_NAMESERVERS.txt","current-repo","Infrastructure;Deployment;Legacy","Archived","medium-high (filename/path keyword match, content not read)","",""
2619,"COMPREHENSIVE_AUDIT.md","current-repo","Documentation;Legacy","Archived","medium-high (filename/path keyword match, content not read)","",""
2620,"COMPREHENSIVE_SETUP_README.md","current-repo","Documentation;Legacy","Archived","medium-high (filename/path keyword match, content not read)","",""
2621,"README.md","current-repo","Testing;QA;Documentation;Legacy","Archived","medium-high (filename/path keyword match, content not read)","",""
2622,"deploy-fly.ps1","current-repo","Deployment;Infrastructure;Legacy","Archived","medium-high (filename/path keyword match, content not read)","",""
2623,"deploy-ssh.ps1","current-repo","Deployment;Infrastructure;Legacy","Archived","medium-high (filename/path keyword match, content not read)","",""
2624,"deploy-to-vercel.ps1","current-repo","Deployment;Infrastructure;Legacy","Archived","medium-high (filename/path keyword match, content not read)","",""
2625,"deploy.ps1","current-repo","Deployment;Infrastructure;Legacy","Archived","medium-high (filename/path keyword match, content not read)","",""
2626,"deploy.sh","current-repo","Deployment;Infrastructure;Legacy","Archived","medium-high (filename/path keyword match, content not read)","",""
2627,"docker-compose.production.yml","current-repo","Infrastructure;DevOps;Deployment;Legacy","Archived","medium-high (filename/path keyword match, content not read)","",""
2628,"deployment-sepolia-1750821000242.json","current-repo","Deployment;Infrastructure;Legacy","Archived","medium-high (filename/path keyword match, content not read)","",""
2629,"deployment-sepolia-1750821000382.json","current-repo","Deployment;Infrastructure;Legacy","Archived","medium-high (filename/path keyword match, content not read)","",""
2630,"deployment-sepolia-1750821063711.json","current-repo","Deployment;Infrastructure;Legacy","Archived","medium-high (filename/path keyword match, content not read)","",""
2631,"deployment-sepolia-1750821063886.json","current-repo","Deployment;Infrastructure;Legacy","Archived","medium-high (filename/path keyword match, content not read)","",""
2632,"deployment-sepolia-1750873878414.json","current-repo","Deployment;Infrastructure;Legacy","Archived","medium-high (filename/path keyword match, content not read)","",""
2633,"deployment-sepolia-1750873878506.json","current-repo","Deployment;Infrastructure;Legacy","Archived","medium-high (filename/path keyword match, content not read)","",""
2634,"deployment-sepolia-1750874902251.json","current-repo","Deployment;Infrastructure;Legacy","Archived","medium-high (filename/path keyword match, content not read)","",""
2635,"deployment-sepolia-1750874902415.json","current-repo","Deployment;Infrastructure;Legacy","Archived","medium-high (filename/path keyword match, content not read)","",""
2636,"deployment-sepolia-1751339466284.json","current-repo","Deployment;Infrastructure;Legacy","Archived","medium-high (filename/path keyword match, content not read)","",""
2637,"deployment-sepolia-1751339466399.json","current-repo","Deployment;Infrastructure;Legacy","Archived","medium-high (filename/path keyword match, content not read)","",""
2638,"deployment-sepolia-1754075911920.json","current-repo","Deployment;Infrastructure;Legacy","Archived","medium-high (filename/path keyword match, content not read)","",""
2639,"deployment-sepolia-1754075912202.json","current-repo","Deployment;Infrastructure;Legacy","Archived","medium-high (filename/path keyword match, content not read)","",""
2640,"deployment-sepolia-1754076005060.json","current-repo","Deployment;Infrastructure;Legacy","Archived","medium-high (filename/path keyword match, content not read)","",""
2641,"deployment-sepolia-1754076005378.json","current-repo","Deployment;Infrastructure;Legacy","Archived","medium-high (filename/path keyword match, content not read)","",""
2642,"DEPLOYMENT_GUIDE.md","current-repo","Deployment;Infrastructure;Documentation;Legacy","Archived","medium-high (filename/path keyword match, content not read)","",""
2643,"DEPLOYMENT_STATUS_UPDATE.md","current-repo","Deployment;Infrastructure;Legacy","Archived","medium-high (filename/path keyword match, content not read)","",""
2644,"DEPLOYMENT_VERIFICATION_REPORT.md","current-repo","Deployment;Infrastructure;Legacy","Archived","medium-high (filename/path keyword match, content not read)","",""
2645,"DNS_SETUP_GUIDE.txt","current-repo","Infrastructure;DevOps;Documentation;Legacy","Archived","medium-high (filename/path keyword match, content not read)","",""
2646,"docker-compose.n8n.yml","current-repo","Infrastructure;DevOps;Automation;n8n;Legacy","Archived","medium-high (filename/path keyword match, content not read)","",""
2647,"docker-compose.yml","current-repo","Infrastructure;DevOps;Legacy","Archived","medium-high (filename/path keyword match, content not read)","",""
2648,"Dockerfile","current-repo","Infrastructure;DevOps;Legacy","Archived","medium-high (filename/path keyword match, content not read)","",""
2649,"Dockerfile.n8n","current-repo","Infrastructure;DevOps;Automation;n8n;Legacy","Archived","medium-high (filename/path keyword match, content not read)","",""
2650,"EMERGENCY_VERCEL_FIX.md","current-repo","Infrastructure;Deployment;Legacy","Archived","medium-high (filename/path keyword match, content not read)","",""
2651,"env-example.txt","current-repo","Legacy","Archived","medium-high (filename/path keyword match, content not read)","",""
2652,"FINAL_DOMAIN_SETUP.txt","current-repo","Documentation;Legacy","Archived","medium-high (filename/path keyword match, content not read)","",""
2653,"FINAL_LAUNCH_SQL.sql","current-repo","Legacy","Archived","medium-high (filename/path keyword match, content not read)","",""
2654,"FINAL_STATUS_REPORT.md","current-repo","Legacy","Archived","medium-high (filename/path keyword match, content not read)","",""
2655,"FIXES_COMPLETE.md","current-repo","Legacy","Archived","medium-high (filename/path keyword match, content not read)","",""
2656,"FLY-DEPLOYMENT-GUIDE.md","current-repo","Deployment;Infrastructure;Documentation;Legacy","Archived","medium-high (filename/path keyword match, content not read)","",""
2657,"fly.toml","current-repo","Legacy","Archived","medium-high (filename/path keyword match, content not read)","",""
2658,"HOMEPAGE_COMPLETE_STATUS.md","current-repo","Legacy","Archived","medium-high (filename/path keyword match, content not read)","",""
2659,"HOW_TO_RUN.txt","current-repo","Documentation;Legacy","Archived","medium-high (filename/path keyword match, content not read)","",""
2660,"lighthouse-mobile-baseline.json","current-repo","Legacy","Archived","medium-high (filename/path keyword match, content not read)","",""
2661,"lighthouse-report.json","current-repo","Legacy","Archived","medium-high (filename/path keyword match, content not read)","",""
2662,"LIVE_WEBSITE_VERIFICATION.md","current-repo","Legacy","Archived","medium-high (filename/path keyword match, content not read)","",""
2663,"MIGRATION_PLAN.md","current-repo","SQL Migration;Implementation Plan;Legacy","Archived","medium-high (filename/path keyword match, content not read)","",""
2664,"neon-config.json","current-repo","Legacy","Archived","medium-high (filename/path keyword match, content not read)","",""
2665,"ONBOARDING_FIX_GUIDE.md","current-repo","Documentation;Legacy","Archived","medium-high (filename/path keyword match, content not read)","",""
2666,"openai_key.txt","current-repo","AI;Legacy","Archived","medium-high (filename/path keyword match, content not read)","",""
2667,"deploy.sh","current-repo","API;Deployment;Infrastructure;Legacy","Archived","medium-high (filename/path keyword match, content not read)","",""
2668,"package.json","current-repo","API;Deployment;Infrastructure;Legacy","Archived","medium-high (filename/path keyword match, content not read)","",""
2669,"deploy-all.sh","current-repo","Deployment;Infrastructure;Legacy","Archived","medium-high (filename/path keyword match, content not read)","",""
2670,"deploy.sh","current-repo","Deployment;Infrastructure;Legacy","Archived","medium-high (filename/path keyword match, content not read)","",""
2671,"main.py","current-repo","Deployment;Infrastructure;Legacy","Archived","medium-high (filename/path keyword match, content not read)","",""
2672,"requirements.txt","current-repo","Deployment;Infrastructure;Legacy","Archived","medium-high (filename/path keyword match, content not read)","",""
2673,"README.md","current-repo","Deployment;Infrastructure;Documentation;Legacy","Archived","medium-high (filename/path keyword match, content not read)","",""
2674,"package-lock.json","current-repo","Legacy","Archived","medium-high (filename/path keyword match, content not read)","",""
2675,"package.json","current-repo","Legacy","Archived","medium-high (filename/path keyword match, content not read)","",""
2676,"PERFORMANCE_OPTIMIZATION.md","current-repo","Legacy","Archived","medium-high (filename/path keyword match, content not read)","",""
2677,"PERFORMANCE_ROUTE_FIX_SUMMARY.md","current-repo","Legacy","Archived","medium-high (filename/path keyword match, content not read)","",""
2678,"PRISMA_CASING_FIX_SUMMARY.md","current-repo","Database;Legacy","Archived","medium-high (filename/path keyword match, content not read)","",""
2679,"production.env.template","current-repo","Legacy","Archived","medium-high (filename/path keyword match, content not read)","",""
2680,"common.json","current-repo","Legacy","Archived","medium-high (filename/path keyword match, content not read)","",""
2681,"dashboard.json","current-repo","Legacy","Archived","medium-high (filename/path keyword match, content not read)","",""
2682,"manifest.json","current-repo","Legacy","Archived","medium-high (filename/path keyword match, content not read)","",""
2683,"robots.txt","current-repo","Legacy","Archived","medium-high (filename/path keyword match, content not read)","",""
2684,"QUICK_FIX_SUMMARY.md","current-repo","Legacy","Archived","medium-high (filename/path keyword match, content not read)","",""
2685,"railway.env.example","current-repo","Infrastructure;Deployment;Legacy","Archived","medium-high (filename/path keyword match, content not read)","",""
2686,"railway.json","current-repo","Infrastructure;Deployment;Legacy","Archived","medium-high (filename/path keyword match, content not read)","",""
2687,"RETURNS_ARRAY_FIX_SUMMARY.md","current-repo","Legacy","Archived","medium-high (filename/path keyword match, content not read)","",""
2688,"RISKMETRICS_FIX_SUMMARY.md","current-repo","Legacy","Archived","medium-high (filename/path keyword match, content not read)","",""
2689,"run-comprehensive-setup.ps1","current-repo","Documentation;Legacy","Archived","medium-high (filename/path keyword match, content not read)","",""
2690,"bulk-directory-submit.py","current-repo","Legacy","Archived","medium-high (filename/path keyword match, content not read)","",""
2691,"deploy-n8n-cloud.sh","current-repo","Deployment;Infrastructure;Automation;n8n;Legacy","Archived","medium-high (filename/path keyword match, content not read)","",""
2692,"deploy-n8n-production.sh","current-repo","Deployment;Infrastructure;Automation;n8n;Legacy","Archived","medium-high (filename/path keyword match, content not read)","",""
2693,"generate_categories.py","current-repo","Legacy","Archived","medium-high (filename/path keyword match, content not read)","",""
2694,"security-audit.json","current-repo","Security;Authentication;Documentation;Legacy","Archived","medium-high (filename/path keyword match, content not read)","",""
2695,"SENTIMENT_FIX_SUMMARY.md","current-repo","Legacy","Archived","medium-high (filename/path keyword match, content not read)","",""
2696,"setup-ssh-key.ps1","current-repo","Documentation;Legacy","Archived","medium-high (filename/path keyword match, content not read)","",""
2697,"SSH-DEPLOYMENT-GUIDE.md","current-repo","Deployment;Infrastructure;Documentation;Legacy","Archived","medium-high (filename/path keyword match, content not read)","",""
2698,"STATUS_REPORT.md","current-repo","Legacy","Archived","medium-high (filename/path keyword match, content not read)","",""
2699,"STOCK_DATA_FIX_SUMMARY.md","current-repo","Legacy","Archived","medium-high (filename/path keyword match, content not read)","",""
2700,"supabase-schema.sql","current-repo","Legacy","Archived","medium-high (filename/path keyword match, content not read)","",""
2701,"test-apis.ps1","current-repo","Testing;QA;Legacy","Archived","medium-high (filename/path keyword match, content not read)","",""
2702,"test-build.ps1","current-repo","Testing;QA;Legacy","Archived","medium-high (filename/path keyword match, content not read)","",""
2703,"test-website.ps1","current-repo","Testing;QA;Legacy","Archived","medium-high (filename/path keyword match, content not read)","",""
2704,"THEME_UPDATE_COMPLETE.md","current-repo","Legacy","Archived","medium-high (filename/path keyword match, content not read)","",""
2705,"tsconfig.json","current-repo","Legacy","Archived","medium-high (filename/path keyword match, content not read)","",""
2706,"TYPESCRIPT_FIXES_SUMMARY.md","current-repo","Legacy","Archived","medium-high (filename/path keyword match, content not read)","",""
2707,"TYPE_MISMATCH_FIX_SUMMARY.md","current-repo","Legacy","Archived","medium-high (filename/path keyword match, content not read)","",""
2708,"UPDATE_NAMESERVERS.txt","current-repo","Legacy","Archived","medium-high (filename/path keyword match, content not read)","",""
2709,"user_profiles_schema.sql","current-repo","Legacy","Archived","medium-high (filename/path keyword match, content not read)","",""
2710,"VERCEL-ENVIRONMENT-SETUP.md","current-repo","Infrastructure;Deployment;Documentation;Legacy","Archived","medium-high (filename/path keyword match, content not read)","",""
2711,"vercel.json","current-repo","Infrastructure;Deployment;Legacy","Archived","medium-high (filename/path keyword match, content not read)","",""
2712,"VERCEL_BUILD_FIX_SUMMARY.md","current-repo","Infrastructure;Deployment;Legacy","Archived","medium-high (filename/path keyword match, content not read)","",""
2713,"VIDEO_RFQ_FIXED.txt","current-repo","RFQ;Legacy","Archived","medium-high (filename/path keyword match, content not read)","",""
2714,"VOICE_RFQ_FIXED.txt","current-repo","RFQ;Legacy","Archived","medium-high (filename/path keyword match, content not read)","",""
2715,"netlify.toml","current-repo","Deployment;Infrastructure;Legacy","Archived","medium-high (filename/path keyword match, content not read)","",""
2716,"package-lock.json","current-repo","Deployment;Infrastructure;Legacy","Archived","medium-high (filename/path keyword match, content not read)","",""
2717,"package.json","current-repo","Deployment;Infrastructure;Legacy","Archived","medium-high (filename/path keyword match, content not read)","",""
2718,"state.json","current-repo","Deployment;Infrastructure;Legacy","Archived","medium-high (filename/path keyword match, content not read)","",""
2719,"package-lock.json","current-repo","Deployment;Infrastructure;Legacy","Archived","medium-high (filename/path keyword match, content not read)","",""
2720,"package.json","current-repo","Deployment;Infrastructure;Legacy","Archived","medium-high (filename/path keyword match, content not read)","",""
2721,"postcss.config.cjs","current-repo","Deployment;Infrastructure;Design;Legacy","Archived","medium-high (filename/path keyword match, content not read)","",""
2722,"common.json","current-repo","Deployment;Infrastructure;Legacy","Archived","medium-high (filename/path keyword match, content not read)","",""
2723,"temple-bell.mp3.txt","current-repo","Deployment;Infrastructure;Legacy","Archived","medium-high (filename/path keyword match, content not read)","",""
2724,"package-lock.json","current-repo","Deployment;Infrastructure;Legacy","Archived","medium-high (filename/path keyword match, content not read)","",""
2725,"package.json","current-repo","Deployment;Infrastructure;Legacy","Archived","medium-high (filename/path keyword match, content not read)","",""
2726,"common.json","current-repo","Deployment;Infrastructure;Legacy","Archived","medium-high (filename/path keyword match, content not read)","",""
2727,"temple-bell.mp3.txt","current-repo","Deployment;Infrastructure;Legacy","Archived","medium-high (filename/path keyword match, content not read)","",""
2728,"tsconfig.json","current-repo","Deployment;Infrastructure;Legacy","Archived","medium-high (filename/path keyword match, content not read)","",""
2729,"vercel.json","current-repo","Deployment;Infrastructure;Legacy","Archived","medium-high (filename/path keyword match, content not read)","",""
2730,"🔥 BELL24h_ One-Page Brutal Truth.pdf","current-repo","Unknown","Active","low","",""
2731,"🔥 BRUTAL TRUTH_ BELL24h Revenue Reality Check.pdf","current-repo","Unknown","Active","low","",""
2732,".aider.chat.history.md","old-digitex-erp-bell24h","Conversation Archive","Legacy","medium-high (filename/path keyword match, content not read)","",""
2733,"settings.local.json","old-digitex-erp-bell24h","Unknown","Legacy","low","",""
2734,"new-mcp-server.yaml","old-digitex-erp-bell24h","Unknown","Legacy","low","",""
2735,"new-mcpServer.yaml","old-digitex-erp-bell24h","Unknown","Legacy","low","",""
2736,"new-model.yaml","old-digitex-erp-bell24h","Unknown","Legacy","low","",""
2737,"Dockerfile","old-digitex-erp-bell24h","Infrastructure;DevOps","Legacy","medium-high (filename/path keyword match, content not read)","",""
2738,"environment.json","old-digitex-erp-bell24h","Unknown","Legacy","low","",""
2739,"mcp.json","old-digitex-erp-bell24h","Unknown","Legacy","low","",""
2740,"settings.json","old-digitex-erp-bell24h","Unknown","Legacy","low","",""
2741,".env.development","old-digitex-erp-bell24h","Unknown","Legacy","low","",""
2742,".env.development.backup","old-digitex-erp-bell24h","Unknown","Legacy","low","",""
2743,".env.example","old-digitex-erp-bell24h","Unknown","Legacy","low","",""
2744,".env.local","old-digitex-erp-bell24h","Unknown","Legacy","low","",""
2745,".env.local.backup.1756839874707","old-digitex-erp-bell24h","Unknown","Legacy","low","",""
2746,".env.local.backup.1756844683945","old-digitex-erp-bell24h","Unknown","Legacy","low","",""
2747,".env.local.example","old-digitex-erp-bell24h","Unknown","Legacy","low","",""
2748,".env.local.txt","old-digitex-erp-bell24h","Unknown","Legacy","low","",""
2749,".env.neon","old-digitex-erp-bell24h","Unknown","Legacy","low","",""
2750,".env.neon.example","old-digitex-erp-bell24h","Unknown","Legacy","low","",""
2751,".env.production","old-digitex-erp-bell24h","Unknown","Legacy","low","",""
2752,".env.production.example","old-digitex-erp-bell24h","Unknown","Legacy","low","",""
2753,".env.production.protected-backup","old-digitex-erp-bell24h","Unknown","Legacy","low","",""
2754,".env.production.template","old-digitex-erp-bell24h","Unknown","Legacy","low","",""
2755,".env.production.txt","old-digitex-erp-bell24h","Unknown","Legacy","low","",""
2756,".env.revenuecat.example","old-digitex-erp-bell24h","Unknown","Legacy","low","",""
2757,".env.staging","old-digitex-erp-bell24h","Unknown","Legacy","low","",""
2758,".env.template","old-digitex-erp-bell24h","Unknown","Legacy","low","",""
2759,".env.test","old-digitex-erp-bell24h","Testing;QA","Legacy","medium-high (filename/path keyword match, content not read)","",""
2760,".env.windsurf","old-digitex-erp-bell24h","Unknown","Legacy","low","",""
2761,"cypress.yml","old-digitex-erp-bell24h","DevOps;Automation;Testing;QA","Legacy","medium-high (filename/path keyword match, content not read)","",""
2762,"deploy.yml","old-digitex-erp-bell24h","Deployment;Infrastructure;DevOps;Automation","Legacy","medium-high (filename/path keyword match, content not read)","",""
2763,"pages.yml","old-digitex-erp-bell24h","DevOps;Automation","Legacy","medium-high (filename/path keyword match, content not read)","",""
2764,"manifest.json","old-digitex-erp-bell24h","Infrastructure;Deployment","Legacy","medium-high (filename/path keyword match, content not read)","",""
2765,"manifest.json","old-digitex-erp-bell24h","Infrastructure;Deployment","Legacy","medium-high (filename/path keyword match, content not read)","",""
2766,"edge-functions-import-map.json","old-digitex-erp-bell24h","Infrastructure;Deployment","Legacy","medium-high (filename/path keyword match, content not read)","",""
2767,"manifest.json","old-digitex-erp-bell24h","Infrastructure;Deployment","Legacy","medium-high (filename/path keyword match, content not read)","",""
2768,"___netlify-server-handler.zip","old-digitex-erp-bell24h","Infrastructure;Deployment","Legacy","medium-high (filename/path keyword match, content not read)","",""
2769,".env.production","old-digitex-erp-bell24h","Infrastructure;Deployment","Legacy","medium-high (filename/path keyword match, content not read)","",""
2770,"package.json","old-digitex-erp-bell24h","Infrastructure;Deployment","Legacy","medium-high (filename/path keyword match, content not read)","",""
2771,"package.json","old-digitex-erp-bell24h","Infrastructure;Deployment","Legacy","medium-high (filename/path keyword match, content not read)","",""
2772,"run-config.json","old-digitex-erp-bell24h","Infrastructure;Deployment","Legacy","medium-high (filename/path keyword match, content not read)","",""
2773,"___netlify-server-handler.json","old-digitex-erp-bell24h","Infrastructure;Deployment","Legacy","medium-high (filename/path keyword match, content not read)","",""
2774,"netlify.toml","old-digitex-erp-bell24h","Infrastructure;Deployment","Legacy","medium-high (filename/path keyword match, content not read)","",""
2775,"package-lock.json","old-digitex-erp-bell24h","Infrastructure;Deployment","Legacy","medium-high (filename/path keyword match, content not read)","",""
2776,"package.json","old-digitex-erp-bell24h","Infrastructure;Deployment","Legacy","medium-high (filename/path keyword match, content not read)","",""
2777,"state.json","old-digitex-erp-bell24h","Infrastructure;Deployment","Legacy","medium-high (filename/path keyword match, content not read)","",""
2778,"common.json","old-digitex-erp-bell24h","Infrastructure;Deployment","Legacy","medium-high (filename/path keyword match, content not read)","",""
2779,"temple-bell.mp3.txt","old-digitex-erp-bell24h","Infrastructure;Deployment","Legacy","medium-high (filename/path keyword match, content not read)","",""
2780,".protected-files-checksums.json","old-digitex-erp-bell24h","Unknown","Legacy","low","",""
2781,"Complete RFQ Routes, Prisma Baseline, and Deploy.md","old-digitex-erp-bell24h","Database;Deployment;Infrastructure;RFQ","Legacy","medium-high (filename/path keyword match, content not read)","",""
2782,"Server Verification And n8n 502 Fix Over SSH.md","old-digitex-erp-bell24h","Automation;n8n","Legacy","medium-high (filename/path keyword match, content not read)","",""
2783,".vercel-env-vars.txt","old-digitex-erp-bell24h","Infrastructure;Deployment","Legacy","medium-high (filename/path keyword match, content not read)","",""
2784,"extensions.json","old-digitex-erp-bell24h","Unknown","Legacy","low","",""
2785,"settings.json","old-digitex-erp-bell24h","Unknown","Legacy","low","",""
2786,".webthinkerrc.json","old-digitex-erp-bell24h","Unknown","Legacy","low","",""
2787,"ADD-DNS-A-RECORDS.md","old-digitex-erp-bell24h","Infrastructure;DevOps","Legacy","medium-high (filename/path keyword match, content not read)","",""
2788,"ADMIN-PANEL-COMPREHENSIVE-AUDIT.md","old-digitex-erp-bell24h","Documentation","Legacy","medium-high (filename/path keyword match, content not read)","",""
2789,"Aggressive-Git-Cleanup.ps1","old-digitex-erp-bell24h","Unknown","Legacy","low","",""
2790,"docker-compose.yml","old-digitex-erp-bell24h","Infrastructure;DevOps;AI","Legacy","medium-high (filename/path keyword match, content not read)","",""
2791,"Dockerfile","old-digitex-erp-bell24h","Infrastructure;DevOps;AI","Legacy","medium-high (filename/path keyword match, content not read)","",""
2792,"main.py","old-digitex-erp-bell24h","AI","Legacy","medium-high (filename/path keyword match, content not read)","",""
2793,"monitoring.py","old-digitex-erp-bell24h","AI","Legacy","medium-high (filename/path keyword match, content not read)","",""
2794,"requirements.txt","old-digitex-erp-bell24h","AI","Legacy","medium-high (filename/path keyword match, content not read)","",""
2795,"AI-FEATURES-COMPLETE-STATUS.md","old-digitex-erp-bell24h","AI","Legacy","medium-high (filename/path keyword match, content not read)","",""
2796,"AI_ROUTER_IMPLEMENTATION.md","old-digitex-erp-bell24h","AI","Legacy","medium-high (filename/path keyword match, content not read)","",""
2797,"ALL-API-ROUTES-SUMMARY.md","old-digitex-erp-bell24h","API","Legacy","medium-high (filename/path keyword match, content not read)","",""
2798,"API-AI-FEATURES-VERIFICATION.md","old-digitex-erp-bell24h","API;AI","Legacy","medium-high (filename/path keyword match, content not read)","",""
2799,"api-spec.yaml","old-digitex-erp-bell24h","API","Legacy","medium-high (filename/path keyword match, content not read)","",""
2800,"package.json","old-digitex-erp-bell24h","Unknown","Legacy","low","",""
2801,"ASSEMBLYAI_INTEGRATION_COMPLETE.md","old-digitex-erp-bell24h","AI","Legacy","medium-high (filename/path keyword match, content not read)","",""
2802,"audit-report-2025-09-02.json","old-digitex-erp-bell24h","Documentation","Legacy","medium-high (filename/path keyword match, content not read)","",""
2803,"404-scan-20250801_022036.txt","old-digitex-erp-bell24h","Documentation","Legacy","medium-high (filename/path keyword match, content not read)","",""
2804,"auto-deploy-everything.ps1","old-digitex-erp-bell24h","Deployment;Infrastructure","Legacy","medium-high (filename/path keyword match, content not read)","",""
2805,"AUTO-DEPLOY-NOW.ps1","old-digitex-erp-bell24h","Deployment;Infrastructure","Legacy","medium-high (filename/path keyword match, content not read)","",""
2806,"AUTO-DEPLOY-SUMMARY.md","old-digitex-erp-bell24h","Deployment;Infrastructure","Legacy","medium-high (filename/path keyword match, content not read)","",""
2807,"auto-execution-config.json","old-digitex-erp-bell24h","Unknown","Legacy","low","",""
2808,"auto-fix-502-and-deploy.sh","old-digitex-erp-bell24h","Deployment;Infrastructure","Legacy","medium-high (filename/path keyword match, content not read)","",""
2809,"AUTO-VERIFY-SITE.ps1","old-digitex-erp-bell24h","Unknown","Legacy","low","",""
2810,"automated-deployment-verification.ps1","old-digitex-erp-bell24h","Deployment;Infrastructure","Legacy","medium-high (filename/path keyword match, content not read)","",""
2811,"AUTO_DEPLOY_FINAL.cjs","old-digitex-erp-bell24h","Deployment;Infrastructure","Legacy","medium-high (filename/path keyword match, content not read)","",""
2812,"engine.py","old-digitex-erp-bell24h","Testing;QA","Legacy","medium-high (filename/path keyword match, content not read)","",""
2813,"engine_prisma.py","old-digitex-erp-bell24h","Database;Testing;QA","Legacy","medium-high (filename/path keyword match, content not read)","",""
2814,"__init__.py","old-digitex-erp-bell24h","Testing;QA","Legacy","medium-high (filename/path keyword match, content not read)","",""
2815,"ab_test.py","old-digitex-erp-bell24h","API;Testing;QA","Legacy","medium-high (filename/path keyword match, content not read)","",""
2816,"tasks.py","old-digitex-erp-bell24h","API","Legacy","medium-high (filename/path keyword match, content not read)","",""
2817,"__init__.py","old-digitex-erp-bell24h","API","Legacy","medium-high (filename/path keyword match, content not read)","",""
2818,"ai.py","old-digitex-erp-bell24h","API","Legacy","medium-high (filename/path keyword match, content not read)","",""
2819,"__init__.py","old-digitex-erp-bell24h","API","Legacy","medium-high (filename/path keyword match, content not read)","",""
2820,"__init__.py","old-digitex-erp-bell24h","API","Legacy","medium-high (filename/path keyword match, content not read)","",""
2821,"prioritizer.py","old-digitex-erp-bell24h","Unknown","Legacy","low","",""
2822,"__init__.py","old-digitex-erp-bell24h","Unknown","Legacy","low","",""
2823,"verify.py","old-digitex-erp-bell24h","Unknown","Legacy","low","",""
2824,"postgres.py","old-digitex-erp-bell24h","Unknown","Legacy","low","",""
2825,"scaling.py","old-digitex-erp-bell24h","Unknown","Legacy","low","",""
2826,"__init__.py","old-digitex-erp-bell24h","Unknown","Legacy","low","",""
2827,"conversion_dashboard.py","old-digitex-erp-bell24h","Unknown","Legacy","low","",""
2828,"__init__.py","old-digitex-erp-bell24h","Unknown","Legacy","low","",""
2829,"protocol.py","old-digitex-erp-bell24h","Documentation","Legacy","medium-high (filename/path keyword match, content not read)","",""
2830,"__init__.py","old-digitex-erp-bell24h","Documentation","Legacy","medium-high (filename/path keyword match, content not read)","",""
2831,"ai_services.py","old-digitex-erp-bell24h","AI","Legacy","medium-high (filename/path keyword match, content not read)","",""
2832,"__init__.py","old-digitex-erp-bell24h","Unknown","Legacy","low","",""
2833,"enhancement_queue.py","old-digitex-erp-bell24h","Unknown","Legacy","low","",""
2834,"__init__.py","old-digitex-erp-bell24h","Unknown","Legacy","low","",""
2835,"__init__.py","old-digitex-erp-bell24h","Unknown","Legacy","low","",""
2836,"deploy.sh","old-digitex-erp-bell24h","Deployment;Infrastructure","Legacy","medium-high (filename/path keyword match, content not read)","",""
2837,"DEPLOYMENT.md","old-digitex-erp-bell24h","Deployment;Infrastructure","Legacy","medium-high (filename/path keyword match, content not read)","",""
2838,"dev_server.py","old-digitex-erp-bell24h","Unknown","Legacy","low","",""
2839,"docker-compose.yml","old-digitex-erp-bell24h","Infrastructure;DevOps","Legacy","medium-high (filename/path keyword match, content not read)","",""
2840,"Dockerfile","old-digitex-erp-bell24h","Infrastructure;DevOps","Legacy","medium-high (filename/path keyword match, content not read)","",""
2841,"N8N_WORKFLOW_SETUP.md","old-digitex-erp-bell24h","Automation;n8n;Documentation","Legacy","medium-high (filename/path keyword match, content not read)","",""
2842,"README.md","old-digitex-erp-bell24h","Automation;n8n;Documentation","Legacy","medium-high (filename/path keyword match, content not read)","",""
2843,"test-workflows.sh","old-digitex-erp-bell24h","Automation;n8n;Testing;QA","Legacy","medium-high (filename/path keyword match, content not read)","",""
2844,"invite-companies-claim.json","old-digitex-erp-bell24h","Automation;n8n","Legacy","medium-high (filename/path keyword match, content not read)","",""
2845,"marketing-automation.json","old-digitex-erp-bell24h","Automation;n8n;Marketing","Legacy","medium-high (filename/path keyword match, content not read)","",""
2846,"rfq-ai-matching.json","old-digitex-erp-bell24h","AI;Automation;n8n;RFQ","Legacy","medium-high (filename/path keyword match, content not read)","",""
2847,"PRODUCTION_CHECKLIST.md","old-digitex-erp-bell24h","Documentation","Legacy","medium-high (filename/path keyword match, content not read)","",""
2848,"README.md","old-digitex-erp-bell24h","Documentation","Legacy","medium-high (filename/path keyword match, content not read)","",""
2849,"requirements.txt","old-digitex-erp-bell24h","Unknown","Legacy","low","",""
2850,"clean_fake_data.py","old-digitex-erp-bell24h","Unknown","Legacy","low","",""
2851,"README_POST_AUDIT.md","old-digitex-erp-bell24h","Documentation","Legacy","medium-high (filename/path keyword match, content not read)","",""
2852,"run_post_audit_protocol.py","old-digitex-erp-bell24h","Documentation","Legacy","medium-high (filename/path keyword match, content not read)","",""
2853,"train_sample_rfq_model.py","old-digitex-erp-bell24h","Unknown","Legacy","low","",""
2854,"test_ai_explain.py","old-digitex-erp-bell24h","AI;Testing;QA","Legacy","medium-high (filename/path keyword match, content not read)","",""
2855,"test_ai_service.py","old-digitex-erp-bell24h","AI;Testing;QA","Legacy","medium-high (filename/path keyword match, content not read)","",""
2856,"backup-critical-files.cjs","old-digitex-erp-bell24h","Unknown","Legacy","low","",""
2857,"BELL24h Bootstrap Risk Audit & Mitigation Report.pdf","old-digitex-erp-bell24h","Documentation","Legacy","medium-high (filename/path keyword match, content not read)","",""
2858,"BELL24H-COMPREHENSIVE-AUDIT-REPORT.md","old-digitex-erp-bell24h","Documentation","Legacy","medium-high (filename/path keyword match, content not read)","",""
2859,"bell24h-deploy.zip","old-digitex-erp-bell24h","Deployment;Infrastructure","Legacy","medium-high (filename/path keyword match, content not read)","",""
2860,"BELL24H-DOCUMENTATION-ENHANCEMENT-AUDIT.md","old-digitex-erp-bell24h","Documentation","Legacy","medium-high (filename/path keyword match, content not read)","",""
2861,"new-mcp-server.yaml","old-digitex-erp-bell24h","Unknown","Legacy","low","",""
2862,"new-mcpServer.yaml","old-digitex-erp-bell24h","Unknown","Legacy","low","",""
2863,"new-model.yaml","old-digitex-erp-bell24h","Unknown","Legacy","low","",""
2864,"Dockerfile","old-digitex-erp-bell24h","Infrastructure;DevOps","Legacy","medium-high (filename/path keyword match, content not read)","",""
2865,"environment.json","old-digitex-erp-bell24h","Unknown","Legacy","low","",""
2866,"mcp.json","old-digitex-erp-bell24h","Unknown","Legacy","low","",""
2867,"settings.json","old-digitex-erp-bell24h","Unknown","Legacy","low","",""
2868,".env.example","old-digitex-erp-bell24h","Unknown","Legacy","low","",""
2869,".env.local.backup.1756839874707","old-digitex-erp-bell24h","Unknown","Legacy","low","",""
2870,".env.local.backup.1756844683945","old-digitex-erp-bell24h","Unknown","Legacy","low","",""
2871,".env.local.example","old-digitex-erp-bell24h","Unknown","Legacy","low","",""
2872,".env.local.txt","old-digitex-erp-bell24h","Unknown","Legacy","low","",""
2873,".env.neon","old-digitex-erp-bell24h","Unknown","Legacy","low","",""
2874,".env.neon.example","old-digitex-erp-bell24h","Unknown","Legacy","low","",""
2875,".env.production.example","old-digitex-erp-bell24h","Unknown","Legacy","low","",""
2876,".env.production.protected-backup","old-digitex-erp-bell24h","Unknown","Legacy","low","",""
2877,".env.production.template","old-digitex-erp-bell24h","Unknown","Legacy","low","",""
2878,".env.staging","old-digitex-erp-bell24h","Unknown","Legacy","low","",""
2879,".env.template","old-digitex-erp-bell24h","Unknown","Legacy","low","",""
2880,".env.test","old-digitex-erp-bell24h","Testing;QA","Legacy","medium-high (filename/path keyword match, content not read)","",""
2881,".env.windsurf","old-digitex-erp-bell24h","Unknown","Legacy","low","",""
2882,"cypress.yml","old-digitex-erp-bell24h","DevOps;Automation;Testing;QA","Legacy","medium-high (filename/path keyword match, content not read)","",""
2883,"deploy.yml","old-digitex-erp-bell24h","Deployment;Infrastructure;DevOps;Automation","Legacy","medium-high (filename/path keyword match, content not read)","",""
2884,"pages.yml","old-digitex-erp-bell24h","DevOps;Automation","Legacy","medium-high (filename/path keyword match, content not read)","",""
2885,".protected-files-checksums.json","old-digitex-erp-bell24h","Unknown","Legacy","low","",""
2886,"Complete RFQ Routes, Prisma Baseline, and Deploy.md","old-digitex-erp-bell24h","Database;Deployment;Infrastructure;RFQ","Legacy","medium-high (filename/path keyword match, content not read)","",""
2887,"Server Verification And n8n 502 Fix Over SSH.md","old-digitex-erp-bell24h","Automation;n8n","Legacy","medium-high (filename/path keyword match, content not read)","",""
2888,".vercel-env-vars.txt","old-digitex-erp-bell24h","Infrastructure;Deployment","Legacy","medium-high (filename/path keyword match, content not read)","",""
2889,".webthinkerrc.json","old-digitex-erp-bell24h","Unknown","Legacy","low","",""
2890,"ADD-DNS-A-RECORDS.md","old-digitex-erp-bell24h","Infrastructure;DevOps","Legacy","medium-high (filename/path keyword match, content not read)","",""
2891,"ADMIN-PANEL-COMPREHENSIVE-AUDIT.md","old-digitex-erp-bell24h","Documentation","Legacy","medium-high (filename/path keyword match, content not read)","",""
2892,"Aggressive-Git-Cleanup.ps1","old-digitex-erp-bell24h","Unknown","Legacy","low","",""
2893,"docker-compose.yml","old-digitex-erp-bell24h","Infrastructure;DevOps;AI","Legacy","medium-high (filename/path keyword match, content not read)","",""
2894,"Dockerfile","old-digitex-erp-bell24h","Infrastructure;DevOps;AI","Legacy","medium-high (filename/path keyword match, content not read)","",""
2895,"main.py","old-digitex-erp-bell24h","AI","Legacy","medium-high (filename/path keyword match, content not read)","",""
2896,"monitoring.py","old-digitex-erp-bell24h","AI","Legacy","medium-high (filename/path keyword match, content not read)","",""
2897,"requirements.txt","old-digitex-erp-bell24h","AI","Legacy","medium-high (filename/path keyword match, content not read)","",""
2898,"AI-FEATURES-COMPLETE-STATUS.md","old-digitex-erp-bell24h","AI","Legacy","medium-high (filename/path keyword match, content not read)","",""
2899,"ALL-API-ROUTES-SUMMARY.md","old-digitex-erp-bell24h","API","Legacy","medium-high (filename/path keyword match, content not read)","",""
2900,"API-AI-FEATURES-VERIFICATION.md","old-digitex-erp-bell24h","API;AI","Legacy","medium-high (filename/path keyword match, content not read)","",""
2901,"api-spec.yaml","old-digitex-erp-bell24h","API","Legacy","medium-high (filename/path keyword match, content not read)","",""
2902,"package.json","old-digitex-erp-bell24h","Unknown","Legacy","low","",""
2903,"audit-report-2025-09-02.json","old-digitex-erp-bell24h","Documentation","Legacy","medium-high (filename/path keyword match, content not read)","",""
2904,"404-scan-20250801_022036.txt","old-digitex-erp-bell24h","Documentation","Legacy","medium-high (filename/path keyword match, content not read)","",""
2905,"auto-deploy-everything.ps1","old-digitex-erp-bell24h","Deployment;Infrastructure","Legacy","medium-high (filename/path keyword match, content not read)","",""
2906,"AUTO-DEPLOY-NOW.ps1","old-digitex-erp-bell24h","Deployment;Infrastructure","Legacy","medium-high (filename/path keyword match, content not read)","",""
2907,"AUTO-DEPLOY-SUMMARY.md","old-digitex-erp-bell24h","Deployment;Infrastructure","Legacy","medium-high (filename/path keyword match, content not read)","",""
2908,"auto-execution-config.json","old-digitex-erp-bell24h","Unknown","Legacy","low","",""
2909,"auto-fix-502-and-deploy.sh","old-digitex-erp-bell24h","Deployment;Infrastructure","Legacy","medium-high (filename/path keyword match, content not read)","",""
2910,"AUTO-VERIFY-SITE.ps1","old-digitex-erp-bell24h","Unknown","Legacy","low","",""
2911,"automated-deployment-verification.ps1","old-digitex-erp-bell24h","Deployment;Infrastructure","Legacy","medium-high (filename/path keyword match, content not read)","",""
2912,"AUTO_DEPLOY_FINAL.cjs","old-digitex-erp-bell24h","Deployment;Infrastructure","Legacy","medium-high (filename/path keyword match, content not read)","",""
2913,"engine.py","old-digitex-erp-bell24h","Testing;QA","Legacy","medium-high (filename/path keyword match, content not read)","",""
2914,"engine_prisma.py","old-digitex-erp-bell24h","Database;Testing;QA","Legacy","medium-high (filename/path keyword match, content not read)","",""
2915,"__init__.py","old-digitex-erp-bell24h","Testing;QA","Legacy","medium-high (filename/path keyword match, content not read)","",""
2916,"ab_test.py","old-digitex-erp-bell24h","API;Testing;QA","Legacy","medium-high (filename/path keyword match, content not read)","",""
2917,"tasks.py","old-digitex-erp-bell24h","API","Legacy","medium-high (filename/path keyword match, content not read)","",""
2918,"__init__.py","old-digitex-erp-bell24h","API","Legacy","medium-high (filename/path keyword match, content not read)","",""
2919,"ai.py","old-digitex-erp-bell24h","API","Legacy","medium-high (filename/path keyword match, content not read)","",""
2920,"__init__.py","old-digitex-erp-bell24h","API","Legacy","medium-high (filename/path keyword match, content not read)","",""
2921,"__init__.py","old-digitex-erp-bell24h","API","Legacy","medium-high (filename/path keyword match, content not read)","",""
2922,"prioritizer.py","old-digitex-erp-bell24h","Unknown","Legacy","low","",""
2923,"__init__.py","old-digitex-erp-bell24h","Unknown","Legacy","low","",""
2924,"verify.py","old-digitex-erp-bell24h","Unknown","Legacy","low","",""
2925,"postgres.py","old-digitex-erp-bell24h","Unknown","Legacy","low","",""
2926,"scaling.py","old-digitex-erp-bell24h","Unknown","Legacy","low","",""
2927,"__init__.py","old-digitex-erp-bell24h","Unknown","Legacy","low","",""
2928,"conversion_dashboard.py","old-digitex-erp-bell24h","Unknown","Legacy","low","",""
2929,"__init__.py","old-digitex-erp-bell24h","Unknown","Legacy","low","",""
2930,"protocol.py","old-digitex-erp-bell24h","Documentation","Legacy","medium-high (filename/path keyword match, content not read)","",""
2931,"__init__.py","old-digitex-erp-bell24h","Documentation","Legacy","medium-high (filename/path keyword match, content not read)","",""
2932,"ai_services.py","old-digitex-erp-bell24h","AI","Legacy","medium-high (filename/path keyword match, content not read)","",""
2933,"__init__.py","old-digitex-erp-bell24h","Unknown","Legacy","low","",""
2934,"enhancement_queue.py","old-digitex-erp-bell24h","Unknown","Legacy","low","",""
2935,"__init__.py","old-digitex-erp-bell24h","Unknown","Legacy","low","",""
2936,"__init__.py","old-digitex-erp-bell24h","Unknown","Legacy","low","",""
2937,"deploy.sh","old-digitex-erp-bell24h","Deployment;Infrastructure","Legacy","medium-high (filename/path keyword match, content not read)","",""
2938,"DEPLOYMENT.md","old-digitex-erp-bell24h","Deployment;Infrastructure","Legacy","medium-high (filename/path keyword match, content not read)","",""
2939,"dev_server.py","old-digitex-erp-bell24h","Unknown","Legacy","low","",""
2940,"docker-compose.yml","old-digitex-erp-bell24h","Infrastructure;DevOps","Legacy","medium-high (filename/path keyword match, content not read)","",""
2941,"Dockerfile","old-digitex-erp-bell24h","Infrastructure;DevOps","Legacy","medium-high (filename/path keyword match, content not read)","",""
2942,"N8N_WORKFLOW_SETUP.md","old-digitex-erp-bell24h","Automation;n8n;Documentation","Legacy","medium-high (filename/path keyword match, content not read)","",""
2943,"README.md","old-digitex-erp-bell24h","Automation;n8n;Documentation","Legacy","medium-high (filename/path keyword match, content not read)","",""
2944,"test-workflows.sh","old-digitex-erp-bell24h","Automation;n8n;Testing;QA","Legacy","medium-high (filename/path keyword match, content not read)","",""
2945,"invite-companies-claim.json","old-digitex-erp-bell24h","Automation;n8n","Legacy","medium-high (filename/path keyword match, content not read)","",""
2946,"marketing-automation.json","old-digitex-erp-bell24h","Automation;n8n;Marketing","Legacy","medium-high (filename/path keyword match, content not read)","",""
2947,"rfq-ai-matching.json","old-digitex-erp-bell24h","AI;Automation;n8n;RFQ","Legacy","medium-high (filename/path keyword match, content not read)","",""
2948,"PRODUCTION_CHECKLIST.md","old-digitex-erp-bell24h","Documentation","Legacy","medium-high (filename/path keyword match, content not read)","",""
2949,"README.md","old-digitex-erp-bell24h","Documentation","Legacy","medium-high (filename/path keyword match, content not read)","",""
2950,"requirements.txt","old-digitex-erp-bell24h","Unknown","Legacy","low","",""
2951,"clean_fake_data.py","old-digitex-erp-bell24h","Unknown","Legacy","low","",""
2952,"README_POST_AUDIT.md","old-digitex-erp-bell24h","Documentation","Legacy","medium-high (filename/path keyword match, content not read)","",""
2953,"run_post_audit_protocol.py","old-digitex-erp-bell24h","Documentation","Legacy","medium-high (filename/path keyword match, content not read)","",""
2954,"train_sample_rfq_model.py","old-digitex-erp-bell24h","Unknown","Legacy","low","",""
2955,"test_ai_explain.py","old-digitex-erp-bell24h","AI;Testing;QA","Legacy","medium-high (filename/path keyword match, content not read)","",""
2956,"test_ai_service.py","old-digitex-erp-bell24h","AI;Testing;QA","Legacy","medium-high (filename/path keyword match, content not read)","",""
2957,"backup-critical-files.cjs","old-digitex-erp-bell24h","Unknown","Legacy","low","",""
2958,"BELL24h Bootstrap Risk Audit & Mitigation Report.pdf","old-digitex-erp-bell24h","Documentation","Legacy","medium-high (filename/path keyword match, content not read)","",""
2959,"BELL24H-COMPREHENSIVE-AUDIT-REPORT.md","old-digitex-erp-bell24h","Documentation","Legacy","medium-high (filename/path keyword match, content not read)","",""
2960,"BELL24H-DOCUMENTATION-ENHANCEMENT-AUDIT.md","old-digitex-erp-bell24h","Documentation","Legacy","medium-high (filename/path keyword match, content not read)","",""
2961,"bell24h_audit_20250726_123214.txt","old-digitex-erp-bell24h","Documentation","Legacy","medium-high (filename/path keyword match, content not read)","",""
2962,"BELL24H_BLOCKCHAIN_DEPLOYMENT_GUIDE.md","old-digitex-erp-bell24h","Deployment;Infrastructure;Documentation;Architecture;AI","Legacy","medium-high (filename/path keyword match, content not read)","",""
2963,"BELL24H_BLOCKCHAIN_IMPLEMENTATION_COMPLETE.md","old-digitex-erp-bell24h","Implementation Plan;Architecture;AI","Legacy","medium-high (filename/path keyword match, content not read)","",""
2964,"BELL24H_BLOCKCHAIN_IMPLEMENTATION_PLAN.md","old-digitex-erp-bell24h","Implementation Plan;Architecture;AI","Legacy","medium-high (filename/path keyword match, content not read)","",""
2965,"BELL24H_COMPREHENSIVE_AUDIT.md","old-digitex-erp-bell24h","Documentation","Legacy","medium-high (filename/path keyword match, content not read)","",""
2966,"BELL24H_COMPREHENSIVE_AUDIT_REPORT.md","old-digitex-erp-bell24h","Documentation","Legacy","medium-high (filename/path keyword match, content not read)","",""
2967,"BELL24H_CURRENT_STATUS.md","old-digitex-erp-bell24h","Unknown","Legacy","low","",""
2968,"BELL24H_DEPLOYMENT_SUCCESS_SUMMARY.md","old-digitex-erp-bell24h","Deployment;Infrastructure","Legacy","medium-high (filename/path keyword match, content not read)","",""
2969,"BELL24H_EMPIRE_100_PERCENT_COMPLETE.md","old-digitex-erp-bell24h","Unknown","Legacy","low","",""
2970,"BELL24H_FEATURES_COMPLETION_TABLE.md","old-digitex-erp-bell24h","Feature Specification","Legacy","medium-high (filename/path keyword match, content not read)","",""
2971,"BELL24H_LAUNCH_READY_COMPLETE.md","old-digitex-erp-bell24h","Unknown","Legacy","low","",""
2972,"BELL24H_MARKETING_CAMPAIGN_LAUNCH.md","old-digitex-erp-bell24h","Marketing","Legacy","medium-high (filename/path keyword match, content not read)","",""
2973,"BELL24H_PLANNED_VS_IMPLEMENTED_FEATURES.md","old-digitex-erp-bell24h","Feature Specification","Legacy","medium-high (filename/path keyword match, content not read)","",""
2974,"BRANDING-NAVIGATION-AUDIT-REPORT.md","old-digitex-erp-bell24h","Branding;Documentation","Legacy","medium-high (filename/path keyword match, content not read)","",""
2975,"BRUTAL_FIX_SETUP.md","old-digitex-erp-bell24h","Documentation","Legacy","medium-high (filename/path keyword match, content not read)","",""
2976,"build_spec.yaml","old-digitex-erp-bell24h","Unknown","Legacy","low","",""
2977,"BUILD_STABILIZATION_TODO.md","old-digitex-erp-bell24h","Unknown","Legacy","low","",""
2978,"CATEGORIES_SOLUTION.md","old-digitex-erp-bell24h","Unknown","Legacy","low","",""
2979,"CHECK-BUILD-ON-VM.md","old-digitex-erp-bell24h","Unknown","Legacy","low","",""
2980,"check-build-via-ssh.ps1","old-digitex-erp-bell24h","Unknown","Legacy","low","",""
2981,"CHECK-DOCKER-BUILD-PROGRESS.sh","old-digitex-erp-bell24h","Infrastructure;DevOps","Legacy","medium-high (filename/path keyword match, content not read)","",""
2982,".env.local.txt","old-digitex-erp-bell24h","Unknown","Legacy","low","",""
2983,".eslintrc.json","old-digitex-erp-bell24h","Unknown","Legacy","low","",""
2984,"auto-categories.yml","old-digitex-erp-bell24h","DevOps;Automation","Legacy","medium-high (filename/path keyword match, content not read)","",""
2985,"auto-deploy.yml","old-digitex-erp-bell24h","Deployment;Infrastructure;DevOps;Automation","Legacy","medium-high (filename/path keyword match, content not read)","",""
2986,"ci.yml","old-digitex-erp-bell24h","DevOps;Automation","Legacy","medium-high (filename/path keyword match, content not read)","",""
2987,"deploy-bell24h.yml","old-digitex-erp-bell24h","Deployment;Infrastructure;DevOps;Automation","Legacy","medium-high (filename/path keyword match, content not read)","",""
2988,"AI_FEATURES_ANALYSIS.md","old-digitex-erp-bell24h","AI","Legacy","medium-high (filename/path keyword match, content not read)","",""
2989,"API_TESTING_GUIDE.md","old-digitex-erp-bell24h","Testing;QA;Documentation","Legacy","medium-high (filename/path keyword match, content not read)","",""
2990,"ARCHITECTURE_ANALYSIS.md","old-digitex-erp-bell24h","Architecture","Legacy","medium-high (filename/path keyword match, content not read)","",""
2991,"AUTOMATED_DEPLOYMENT_GUIDE.md","old-digitex-erp-bell24h","Deployment;Infrastructure;Documentation","Legacy","medium-high (filename/path keyword match, content not read)","",""
2992,"package-lock.json","old-digitex-erp-bell24h","Architecture;AI","Legacy","medium-high (filename/path keyword match, content not read)","",""
2993,"package.json","old-digitex-erp-bell24h","Architecture;AI","Legacy","medium-high (filename/path keyword match, content not read)","",""
2994,"check-tables.sql","old-digitex-erp-bell24h","Unknown","Legacy","low","",""
2995,"CLOUDFLARE_NAMESERVERS.txt","old-digitex-erp-bell24h","Infrastructure;Deployment","Legacy","medium-high (filename/path keyword match, content not read)","",""
2996,"COMPREHENSIVE_AUDIT.md","old-digitex-erp-bell24h","Documentation","Legacy","medium-high (filename/path keyword match, content not read)","",""
2997,"COMPREHENSIVE_SETUP_README.md","old-digitex-erp-bell24h","Documentation","Legacy","medium-high (filename/path keyword match, content not read)","",""
2998,"README.md","old-digitex-erp-bell24h","Testing;QA;Documentation","Legacy","medium-high (filename/path keyword match, content not read)","",""
2999,"deploy-fly.ps1","old-digitex-erp-bell24h","Deployment;Infrastructure","Legacy","medium-high (filename/path keyword match, content not read)","",""
3000,"deploy-to-vercel.ps1","old-digitex-erp-bell24h","Deployment;Infrastructure","Legacy","medium-high (filename/path keyword match, content not read)","",""
3001,"deploy.ps1","old-digitex-erp-bell24h","Deployment;Infrastructure","Legacy","medium-high (filename/path keyword match, content not read)","",""
3002,"deploy.sh","old-digitex-erp-bell24h","Deployment;Infrastructure","Legacy","medium-high (filename/path keyword match, content not read)","",""
3003,"docker-compose.production.yml","old-digitex-erp-bell24h","Infrastructure;DevOps;Deployment","Legacy","medium-high (filename/path keyword match, content not read)","",""
3004,"deployment-sepolia-1750821000242.json","old-digitex-erp-bell24h","Deployment;Infrastructure","Legacy","medium-high (filename/path keyword match, content not read)","",""
3005,"deployment-sepolia-1750821000382.json","old-digitex-erp-bell24h","Deployment;Infrastructure","Legacy","medium-high (filename/path keyword match, content not read)","",""
3006,"deployment-sepolia-1750821063711.json","old-digitex-erp-bell24h","Deployment;Infrastructure","Legacy","medium-high (filename/path keyword match, content not read)","",""
3007,"deployment-sepolia-1750821063886.json","old-digitex-erp-bell24h","Deployment;Infrastructure","Legacy","medium-high (filename/path keyword match, content not read)","",""
3008,"deployment-sepolia-1750873878414.json","old-digitex-erp-bell24h","Deployment;Infrastructure","Legacy","medium-high (filename/path keyword match, content not read)","",""
3009,"deployment-sepolia-1750873878506.json","old-digitex-erp-bell24h","Deployment;Infrastructure","Legacy","medium-high (filename/path keyword match, content not read)","",""
3010,"deployment-sepolia-1750874902251.json","old-digitex-erp-bell24h","Deployment;Infrastructure","Legacy","medium-high (filename/path keyword match, content not read)","",""
3011,"deployment-sepolia-1750874902415.json","old-digitex-erp-bell24h","Deployment;Infrastructure","Legacy","medium-high (filename/path keyword match, content not read)","",""
3012,"deployment-sepolia-1751339466284.json","old-digitex-erp-bell24h","Deployment;Infrastructure","Legacy","medium-high (filename/path keyword match, content not read)","",""
3013,"deployment-sepolia-1751339466399.json","old-digitex-erp-bell24h","Deployment;Infrastructure","Legacy","medium-high (filename/path keyword match, content not read)","",""
3014,"deployment-sepolia-1754075911920.json","old-digitex-erp-bell24h","Deployment;Infrastructure","Legacy","medium-high (filename/path keyword match, content not read)","",""
3015,"deployment-sepolia-1754075912202.json","old-digitex-erp-bell24h","Deployment;Infrastructure","Legacy","medium-high (filename/path keyword match, content not read)","",""
3016,"deployment-sepolia-1754076005060.json","old-digitex-erp-bell24h","Deployment;Infrastructure","Legacy","medium-high (filename/path keyword match, content not read)","",""
3017,"deployment-sepolia-1754076005378.json","old-digitex-erp-bell24h","Deployment;Infrastructure","Legacy","medium-high (filename/path keyword match, content not read)","",""
3018,"DEPLOYMENT_GUIDE.md","old-digitex-erp-bell24h","Deployment;Infrastructure;Documentation","Legacy","medium-high (filename/path keyword match, content not read)","",""
3019,"DEPLOYMENT_STATUS_UPDATE.md","old-digitex-erp-bell24h","Deployment;Infrastructure","Legacy","medium-high (filename/path keyword match, content not read)","",""
3020,"DEPLOYMENT_VERIFICATION_REPORT.md","old-digitex-erp-bell24h","Deployment;Infrastructure","Legacy","medium-high (filename/path keyword match, content not read)","",""
3021,"DNS_SETUP_GUIDE.txt","old-digitex-erp-bell24h","Infrastructure;DevOps;Documentation","Legacy","medium-high (filename/path keyword match, content not read)","",""
3022,"docker-compose.n8n.yml","old-digitex-erp-bell24h","Infrastructure;DevOps;Automation;n8n","Legacy","medium-high (filename/path keyword match, content not read)","",""
3023,"docker-compose.yml","old-digitex-erp-bell24h","Infrastructure;DevOps","Legacy","medium-high (filename/path keyword match, content not read)","",""
3024,"Dockerfile","old-digitex-erp-bell24h","Infrastructure;DevOps","Legacy","medium-high (filename/path keyword match, content not read)","",""
3025,"Dockerfile.n8n","old-digitex-erp-bell24h","Infrastructure;DevOps;Automation;n8n","Legacy","medium-high (filename/path keyword match, content not read)","",""
3026,"EMERGENCY_VERCEL_FIX.md","old-digitex-erp-bell24h","Infrastructure;Deployment","Legacy","medium-high (filename/path keyword match, content not read)","",""
3027,"env-example.txt","old-digitex-erp-bell24h","Unknown","Legacy","low","",""
3028,"FINAL_DOMAIN_SETUP.txt","old-digitex-erp-bell24h","Documentation","Legacy","medium-high (filename/path keyword match, content not read)","",""
3029,"FINAL_LAUNCH_SQL.sql","old-digitex-erp-bell24h","Unknown","Legacy","low","",""
3030,"FINAL_STATUS_REPORT.md","old-digitex-erp-bell24h","Unknown","Legacy","low","",""
3031,"FIXES_COMPLETE.md","old-digitex-erp-bell24h","Unknown","Legacy","low","",""
3032,"FLY-DEPLOYMENT-GUIDE.md","old-digitex-erp-bell24h","Deployment;Infrastructure;Documentation","Legacy","medium-high (filename/path keyword match, content not read)","",""
3033,"fly.toml","old-digitex-erp-bell24h","Unknown","Legacy","low","",""
3034,"HOMEPAGE_COMPLETE_STATUS.md","old-digitex-erp-bell24h","Unknown","Legacy","low","",""
3035,"HOW_TO_RUN.txt","old-digitex-erp-bell24h","Documentation","Legacy","medium-high (filename/path keyword match, content not read)","",""
3036,"lighthouse-mobile-baseline.json","old-digitex-erp-bell24h","Unknown","Legacy","low","",""
3037,"lighthouse-report.json","old-digitex-erp-bell24h","Unknown","Legacy","low","",""
3038,"LIVE_WEBSITE_VERIFICATION.md","old-digitex-erp-bell24h","Unknown","Legacy","low","",""
3039,"MIGRATION_PLAN.md","old-digitex-erp-bell24h","SQL Migration;Implementation Plan","Legacy","medium-high (filename/path keyword match, content not read)","",""
3040,"neon-config.json","old-digitex-erp-bell24h","Unknown","Legacy","low","",""
3041,"ONBOARDING_FIX_GUIDE.md","old-digitex-erp-bell24h","Documentation","Legacy","medium-high (filename/path keyword match, content not read)","",""
3042,"openai_key.txt","old-digitex-erp-bell24h","AI","Legacy","medium-high (filename/path keyword match, content not read)","",""
3043,"deploy.sh","old-digitex-erp-bell24h","API;Deployment;Infrastructure","Legacy","medium-high (filename/path keyword match, content not read)","",""
3044,"package.json","old-digitex-erp-bell24h","API;Deployment;Infrastructure","Legacy","medium-high (filename/path keyword match, content not read)","",""
3045,"deploy-all.sh","old-digitex-erp-bell24h","Deployment;Infrastructure","Legacy","medium-high (filename/path keyword match, content not read)","",""
3046,"deploy.sh","old-digitex-erp-bell24h","Deployment;Infrastructure","Legacy","medium-high (filename/path keyword match, content not read)","",""
3047,"main.py","old-digitex-erp-bell24h","Deployment;Infrastructure","Legacy","medium-high (filename/path keyword match, content not read)","",""
3048,"requirements.txt","old-digitex-erp-bell24h","Deployment;Infrastructure","Legacy","medium-high (filename/path keyword match, content not read)","",""
3049,"README.md","old-digitex-erp-bell24h","Deployment;Infrastructure;Documentation","Legacy","medium-high (filename/path keyword match, content not read)","",""
3050,"package-lock.json","old-digitex-erp-bell24h","Unknown","Legacy","low","",""
3051,"package.json","old-digitex-erp-bell24h","Unknown","Legacy","low","",""
3052,"PERFORMANCE_OPTIMIZATION.md","old-digitex-erp-bell24h","Unknown","Legacy","low","",""
3053,"PERFORMANCE_ROUTE_FIX_SUMMARY.md","old-digitex-erp-bell24h","Unknown","Legacy","low","",""
3054,"PRISMA_CASING_FIX_SUMMARY.md","old-digitex-erp-bell24h","Database","Legacy","medium-high (filename/path keyword match, content not read)","",""
3055,"production.env.template","old-digitex-erp-bell24h","Unknown","Legacy","low","",""
3056,"common.json","old-digitex-erp-bell24h","Unknown","Legacy","low","",""
3057,"dashboard.json","old-digitex-erp-bell24h","Unknown","Legacy","low","",""
3058,"manifest.json","old-digitex-erp-bell24h","Unknown","Legacy","low","",""
3059,"robots.txt","old-digitex-erp-bell24h","Unknown","Legacy","low","",""
3060,"QUICK_FIX_SUMMARY.md","old-digitex-erp-bell24h","Unknown","Legacy","low","",""
3061,"railway.env.example","old-digitex-erp-bell24h","Infrastructure;Deployment","Legacy","medium-high (filename/path keyword match, content not read)","",""
3062,"railway.json","old-digitex-erp-bell24h","Infrastructure;Deployment","Legacy","medium-high (filename/path keyword match, content not read)","",""
3063,"RETURNS_ARRAY_FIX_SUMMARY.md","old-digitex-erp-bell24h","Unknown","Legacy","low","",""
3064,"RISKMETRICS_FIX_SUMMARY.md","old-digitex-erp-bell24h","Unknown","Legacy","low","",""
3065,"run-comprehensive-setup.ps1","old-digitex-erp-bell24h","Documentation","Legacy","medium-high (filename/path keyword match, content not read)","",""
3066,"bulk-directory-submit.py","old-digitex-erp-bell24h","Unknown","Legacy","low","",""
3067,"deploy-n8n-cloud.sh","old-digitex-erp-bell24h","Deployment;Infrastructure;Automation;n8n","Legacy","medium-high (filename/path keyword match, content not read)","",""
3068,"deploy-n8n-production.sh","old-digitex-erp-bell24h","Deployment;Infrastructure;Automation;n8n","Legacy","medium-high (filename/path keyword match, content not read)","",""
3069,"generate_categories.py","old-digitex-erp-bell24h","Unknown","Legacy","low","",""
3070,"security-audit.json","old-digitex-erp-bell24h","Security;Authentication;Documentation","Legacy","medium-high (filename/path keyword match, content not read)","",""
3071,"SENTIMENT_FIX_SUMMARY.md","old-digitex-erp-bell24h","Unknown","Legacy","low","",""
3072,"STATUS_REPORT.md","old-digitex-erp-bell24h","Unknown","Legacy","low","",""
3073,"STOCK_DATA_FIX_SUMMARY.md","old-digitex-erp-bell24h","Unknown","Legacy","low","",""
3074,"supabase-schema.sql","old-digitex-erp-bell24h","Unknown","Legacy","low","",""
3075,"test-apis.ps1","old-digitex-erp-bell24h","Testing;QA","Legacy","medium-high (filename/path keyword match, content not read)","",""
3076,"test-build.ps1","old-digitex-erp-bell24h","Testing;QA","Legacy","medium-high (filename/path keyword match, content not read)","",""
3077,"test-website.ps1","old-digitex-erp-bell24h","Testing;QA","Legacy","medium-high (filename/path keyword match, content not read)","",""
3078,"THEME_UPDATE_COMPLETE.md","old-digitex-erp-bell24h","Unknown","Legacy","low","",""
3079,"tsconfig.json","old-digitex-erp-bell24h","Unknown","Legacy","low","",""
3080,"TYPESCRIPT_FIXES_SUMMARY.md","old-digitex-erp-bell24h","Unknown","Legacy","low","",""
3081,"TYPE_MISMATCH_FIX_SUMMARY.md","old-digitex-erp-bell24h","Unknown","Legacy","low","",""
3082,"UPDATE_NAMESERVERS.txt","old-digitex-erp-bell24h","Unknown","Legacy","low","",""
3083,"user_profiles_schema.sql","old-digitex-erp-bell24h","Unknown","Legacy","low","",""
3084,"VERCEL-ENVIRONMENT-SETUP.md","old-digitex-erp-bell24h","Infrastructure;Deployment;Documentation","Legacy","medium-high (filename/path keyword match, content not read)","",""
3085,"vercel.json","old-digitex-erp-bell24h","Infrastructure;Deployment","Legacy","medium-high (filename/path keyword match, content not read)","",""
3086,"VERCEL_BUILD_FIX_SUMMARY.md","old-digitex-erp-bell24h","Infrastructure;Deployment","Legacy","medium-high (filename/path keyword match, content not read)","",""
3087,"VIDEO_RFQ_FIXED.txt","old-digitex-erp-bell24h","RFQ","Legacy","medium-high (filename/path keyword match, content not read)","",""
3088,"VOICE_RFQ_FIXED.txt","old-digitex-erp-bell24h","RFQ","Legacy","medium-high (filename/path keyword match, content not read)","",""
3089,"client-tsconfig.json","old-digitex-erp-bell24h","Unknown","Legacy","low","",""
3090,"client_secret_2_1044360968417-avn6r7navbtelcvocsauv7j6ck6egvnl.apps.googleusercontent.com.json","old-digitex-erp-bell24h","Unknown","Legacy","low","",""
3091,"CLOUDFLARE-BUILD-COMMAND-CLARIFICATION.md","old-digitex-erp-bell24h","Infrastructure;Deployment","Legacy","medium-high (filename/path keyword match, content not read)","",""
3092,"CLOUDFLARE-DNS-QUICK-FIX.md","old-digitex-erp-bell24h","Infrastructure;Deployment;DevOps","Legacy","medium-high (filename/path keyword match, content not read)","",""
3093,"CLOUDFLARE-PAGES-BUILD-FIX.md","old-digitex-erp-bell24h","Infrastructure;Deployment","Legacy","medium-high (filename/path keyword match, content not read)","",""
3094,"cloudflare-pages-config.json","old-digitex-erp-bell24h","Infrastructure;Deployment","Legacy","medium-high (filename/path keyword match, content not read)","",""
3095,"CLOUDFLARE-PAGES-FINAL-FIX.md","old-digitex-erp-bell24h","Infrastructure;Deployment","Legacy","medium-high (filename/path keyword match, content not read)","",""
3096,"CLOUDFLARE-PAGES-NEXT-STEPS.md","old-digitex-erp-bell24h","Infrastructure;Deployment","Legacy","medium-high (filename/path keyword match, content not read)","",""
3097,"CLOUDFLARE-PAGES-SETTINGS-FIX.md","old-digitex-erp-bell24h","Infrastructure;Deployment","Legacy","medium-high (filename/path keyword match, content not read)","",""
3098,"CLOUDFLARE-PAGES-SETUP.md","old-digitex-erp-bell24h","Infrastructure;Deployment;Documentation","Legacy","medium-high (filename/path keyword match, content not read)","",""
3099,"CLOUDFLARE-PAGES-TEST.md","old-digitex-erp-bell24h","Infrastructure;Deployment;Testing;QA","Legacy","medium-high (filename/path keyword match, content not read)","",""
3100,"CLOUDFLARE-SETUP-STEP-BY-STEP.md","old-digitex-erp-bell24h","Infrastructure;Deployment;Documentation","Legacy","medium-high (filename/path keyword match, content not read)","",""
3101,"commit-and-push-fix.ps1","old-digitex-erp-bell24h","Unknown","Legacy","low","",""
3102,"COMPANY_PROFILE_CLAIMING_IMPLEMENTATION_COMPLETE.md","old-digitex-erp-bell24h","Implementation Plan","Legacy","medium-high (filename/path keyword match, content not read)","",""
3103,"COMPANY_PROFILE_CLAIMING_SUMMARY.md","old-digitex-erp-bell24h","Unknown","Legacy","low","",""
3104,"COMPLETE-AUTOMATIC-DEPLOY.ps1","old-digitex-erp-bell24h","Deployment;Infrastructure","Legacy","medium-high (filename/path keyword match, content not read)","",""
3105,"complete-database-setup-400-categories.sql","old-digitex-erp-bell24h","Documentation","Legacy","medium-high (filename/path keyword match, content not read)","",""
3106,"complete-database-setup.sql","old-digitex-erp-bell24h","Documentation","Legacy","medium-high (filename/path keyword match, content not read)","",""
3107,"COMPLETE-DEPLOYMENT.ps1","old-digitex-erp-bell24h","Deployment;Infrastructure","Legacy","medium-high (filename/path keyword match, content not read)","",""
3108,"COMPLETE-FEATURE-INVENTORY.md","old-digitex-erp-bell24h","Feature Specification","Legacy","medium-high (filename/path keyword match, content not read)","",""
3109,"COMPLETE_AUTOMATED_FIX_SUMMARY.md","old-digitex-erp-bell24h","Unknown","Legacy","low","",""
3110,"COMPLETE_DEPLOYMENT_ANALYSIS.md","old-digitex-erp-bell24h","Deployment;Infrastructure","Legacy","medium-high (filename/path keyword match, content not read)","",""
3111,"COMPLETE_PROJECT_REBUILD.cjs","old-digitex-erp-bell24h","Unknown","Legacy","low","",""
3112,"COMPLETE_SETUP_SUMMARY.md","old-digitex-erp-bell24h","Documentation","Legacy","medium-high (filename/path keyword match, content not read)","",""
3113,"composer.json","old-digitex-erp-bell24h","Unknown","Legacy","low","",""
3114,"COMPREHENSIVE-AUDIT-REPORT.md","old-digitex-erp-bell24h","Documentation","Legacy","medium-high (filename/path keyword match, content not read)","",""
3115,"COMPREHENSIVE-FIX.ps1","old-digitex-erp-bell24h","Unknown","Legacy","low","",""
3116,"COMPREHENSIVE-PROJECT-AUDIT-2025.md","old-digitex-erp-bell24h","Documentation","Legacy","medium-high (filename/path keyword match, content not read)","",""
3117,"COMPREHENSIVE-PROJECT-AUDIT-AND-ASSESSMENT.md","old-digitex-erp-bell24h","Documentation","Legacy","medium-high (filename/path keyword match, content not read)","",""
3118,"COMPREHENSIVE_AUDIT_REPORT.md","old-digitex-erp-bell24h","Documentation","Legacy","medium-high (filename/path keyword match, content not read)","",""
3119,"COMPREHENSIVE_MCP_AUDIT_REPORT.md","old-digitex-erp-bell24h","Documentation","Legacy","medium-high (filename/path keyword match, content not read)","",""
3120,"COMPREHENSIVE_MCP_AUDIT_REPORT_FINAL.md","old-digitex-erp-bell24h","Documentation","Legacy","medium-high (filename/path keyword match, content not read)","",""
3121,"COPY-PASTE-COMMANDS.txt","old-digitex-erp-bell24h","Unknown","Legacy","low","",""
3122,"COPY_PASTE_DEPLOYMENT.txt","old-digitex-erp-bell24h","Deployment;Infrastructure","Legacy","medium-high (filename/path keyword match, content not read)","",""
3123,"CURRENT-STATUS-AND-NEXT-STEPS.md","old-digitex-erp-bell24h","Unknown","Legacy","low","",""
3124,"cursor-mcp-config.json","old-digitex-erp-bell24h","Unknown","Legacy","low","",""
3125,"CURSOR-MCP-HYBRID-INTEGRATION.md","old-digitex-erp-bell24h","Unknown","Legacy","low","",""
3126,"CURSOR-MCP-INTEGRATION-COMPLETE-REPORT.md","old-digitex-erp-bell24h","Unknown","Legacy","low","",""
3127,"CURSOR-MCP-INTEGRATION-GUIDE.md","old-digitex-erp-bell24h","Documentation","Legacy","medium-high (filename/path keyword match, content not read)","",""
3128,"CURSOR-MCP-USAGE.md","old-digitex-erp-bell24h","Unknown","Legacy","low","",""
3129,"cursor_settings.json","old-digitex-erp-bell24h","Unknown","Legacy","low","",""
3130,"CYPRESS_FIX_SUMMARY.md","old-digitex-erp-bell24h","Testing;QA","Legacy","medium-high (filename/path keyword match, content not read)","",""
3131,"DASHBOARD-AUDIT-COMPLETE.md","old-digitex-erp-bell24h","Documentation","Legacy","medium-high (filename/path keyword match, content not read)","",""
3132,"DASHBOARD-FIX-COMPLETE.md","old-digitex-erp-bell24h","Unknown","Legacy","low","",""
3133,"DASHBOARD-QUICK-ACCESS-GUIDE.md","old-digitex-erp-bell24h","Documentation","Legacy","medium-high (filename/path keyword match, content not read)","",""
3134,"DAY2_COMPLETION_SUMMARY.md","old-digitex-erp-bell24h","Unknown","Legacy","low","",""
3135,"DAY2_SETUP_INSTRUCTIONS.md","old-digitex-erp-bell24h","Documentation","Legacy","medium-high (filename/path keyword match, content not read)","",""
3136,"DELETE-CNAME-ADD-A-RECORD.md","old-digitex-erp-bell24h","Unknown","Legacy","low","",""
3137,"DEMO-LOGIN-GUIDE.md","old-digitex-erp-bell24h","Documentation","Legacy","medium-high (filename/path keyword match, content not read)","",""
3138,"deploy-2step-verification.ps1","old-digitex-erp-bell24h","Deployment;Infrastructure","Legacy","medium-high (filename/path keyword match, content not read)","",""
3139,"DEPLOY-CLOUDFLARE-PAGES.md","old-digitex-erp-bell24h","Deployment;Infrastructure","Legacy","medium-high (filename/path keyword match, content not read)","",""
3140,"deploy-fast-html-site.ps1","old-digitex-erp-bell24h","Deployment;Infrastructure","Legacy","medium-high (filename/path keyword match, content not read)","",""
3141,"deploy-html-clean.ps1","old-digitex-erp-bell24h","Deployment;Infrastructure","Legacy","medium-high (filename/path keyword match, content not read)","",""
3142,"deploy-html-fast-site-fixed.ps1","old-digitex-erp-bell24h","Deployment;Infrastructure","Legacy","medium-high (filename/path keyword match, content not read)","",""
3143,"deploy-html-fast-site.ps1","old-digitex-erp-bell24h","Deployment;Infrastructure","Legacy","medium-high (filename/path keyword match, content not read)","",""
3144,"deploy-mobile-otp-registration-flow.ps1","old-digitex-erp-bell24h","Deployment;Infrastructure","Legacy","medium-high (filename/path keyword match, content not read)","",""
3145,"deploy-now.ps1","old-digitex-erp-bell24h","Deployment;Infrastructure","Legacy","medium-high (filename/path keyword match, content not read)","",""
3146,"DEPLOY-NOW.txt","old-digitex-erp-bell24h","Deployment;Infrastructure","Legacy","medium-high (filename/path keyword match, content not read)","",""
3147,"deploy-oracle-vm.sh","old-digitex-erp-bell24h","Deployment;Infrastructure","Legacy","medium-high (filename/path keyword match, content not read)","",""
3148,"deploy-script.sh","old-digitex-erp-bell24h","Deployment;Infrastructure","Legacy","medium-high (filename/path keyword match, content not read)","",""
3149,"deployment-config.json","old-digitex-erp-bell24h","Deployment;Infrastructure","Legacy","medium-high (filename/path keyword match, content not read)","",""
3150,"DEPLOYMENT-CRASH-AUDIT-AND-FIX.md","old-digitex-erp-bell24h","Deployment;Infrastructure;Documentation","Legacy","medium-high (filename/path keyword match, content not read)","",""
3151,"deployment-protection.cjs","old-digitex-erp-bell24h","Deployment;Infrastructure","Legacy","medium-high (filename/path keyword match, content not read)","",""
3152,"DEPLOYMENT-STATUS-AND-FIX.md","old-digitex-erp-bell24h","Deployment;Infrastructure","Legacy","medium-high (filename/path keyword match, content not read)","",""
3153,"DEPLOYMENT-STATUS.md","old-digitex-erp-bell24h","Deployment;Infrastructure","Legacy","medium-high (filename/path keyword match, content not read)","",""
3154,"DEPLOYMENT.md","old-digitex-erp-bell24h","Deployment;Infrastructure","Legacy","medium-high (filename/path keyword match, content not read)","",""
3155,"DEPLOYMENT_ACTION_PLAN.txt","old-digitex-erp-bell24h","Deployment;Infrastructure","Legacy","medium-high (filename/path keyword match, content not read)","",""
3156,"DEPLOYMENT_CHECKLIST.md","old-digitex-erp-bell24h","Deployment;Infrastructure;Documentation","Legacy","medium-high (filename/path keyword match, content not read)","",""
3157,"DEPLOYMENT_FIX_COMPLETE.md","old-digitex-erp-bell24h","Deployment;Infrastructure","Legacy","medium-high (filename/path keyword match, content not read)","",""
3158,"DEPLOYMENT_VERIFICATION_GUIDE.md","old-digitex-erp-bell24h","Deployment;Infrastructure;Documentation","Legacy","medium-high (filename/path keyword match, content not read)","",""
3159,"deploy_existing_500_pages.ps1","old-digitex-erp-bell24h","Deployment;Infrastructure","Legacy","medium-high (filename/path keyword match, content not read)","",""
3160,"deploy_hero_fix.ps1","old-digitex-erp-bell24h","Deployment;Infrastructure","Legacy","medium-high (filename/path keyword match, content not read)","",""
3161,"deploy_homepage_fix.ps1","old-digitex-erp-bell24h","Deployment;Infrastructure","Legacy","medium-high (filename/path keyword match, content not read)","",""
3162,"DETAILED-FILE-INVENTORY-2025.md","old-digitex-erp-bell24h","Unknown","Legacy","low","",""
3163,"DIAGNOSE-502-ERROR.sh","old-digitex-erp-bell24h","Unknown","Legacy","low","",""
3164,"disable-all-failing-workflows.ps1","old-digitex-erp-bell24h","Automation","Legacy","medium-high (filename/path keyword match, content not read)","",""
3165,"disable-webthinker.ps1","old-digitex-erp-bell24h","Unknown","Legacy","low","",""
3166,"DNS-COMPLETE-NEXT-STEPS.md","old-digitex-erp-bell24h","Infrastructure;DevOps","Legacy","medium-high (filename/path keyword match, content not read)","",""
3167,"DOCKER-BUILD-NOT-FROZEN-GUIDE.md","old-digitex-erp-bell24h","Infrastructure;DevOps;Documentation","Legacy","medium-high (filename/path keyword match, content not read)","",""
3168,"docker-compose.debug.yml","old-digitex-erp-bell24h","Infrastructure;DevOps","Legacy","medium-high (filename/path keyword match, content not read)","",""
3169,"docker-compose.perplexity.yml","old-digitex-erp-bell24h","Infrastructure;DevOps","Legacy","medium-high (filename/path keyword match, content not read)","",""
3170,"docker-compose.yml","old-digitex-erp-bell24h","Infrastructure;DevOps","Legacy","medium-high (filename/path keyword match, content not read)","",""
3171,"Dockerfile","old-digitex-erp-bell24h","Infrastructure;DevOps","Legacy","medium-high (filename/path keyword match, content not read)","",""
3172,"Dockerfile.client","old-digitex-erp-bell24h","Infrastructure;DevOps","Legacy","medium-high (filename/path keyword match, content not read)","",""
3173,"Dockerfile.final","old-digitex-erp-bell24h","Infrastructure;DevOps","Legacy","medium-high (filename/path keyword match, content not read)","",""
3174,"Dockerfile.fixed","old-digitex-erp-bell24h","Infrastructure;DevOps","Legacy","medium-high (filename/path keyword match, content not read)","",""
3175,"Dockerfile.oracle","old-digitex-erp-bell24h","Infrastructure;DevOps;Deployment","Legacy","medium-high (filename/path keyword match, content not read)","",""
3176,"Dockerfile.oracle-fixed","old-digitex-erp-bell24h","Infrastructure;DevOps;Deployment","Legacy","medium-high (filename/path keyword match, content not read)","",""
3177,"swagger.json","old-digitex-erp-bell24h","API","Legacy","medium-high (filename/path keyword match, content not read)","",""
3178,"BELL24H_SUPPLIER_ACQUISITION_ENGINE_V2.md","old-digitex-erp-bell24h","Supplier","Legacy","medium-high (filename/path keyword match, content not read)","",""
3179,"openapi.yaml","old-digitex-erp-bell24h","Unknown","Legacy","low","",""
3180,"PRODUCTION_SETUP.md","old-digitex-erp-bell24h","Documentation","Legacy","medium-high (filename/path keyword match, content not read)","",""
3181,"README_EXPORT_SUMMARY.txt","old-digitex-erp-bell24h","Documentation","Legacy","medium-high (filename/path keyword match, content not read)","",""
3182,"e2e-test-mobile-otp.ps1","old-digitex-erp-bell24h","Testing;QA","Legacy","medium-high (filename/path keyword match, content not read)","",""
3183,"ECG-MARKETING-IMPLEMENTATION-PLAN.md","old-digitex-erp-bell24h","Implementation Plan;Marketing","Legacy","medium-high (filename/path keyword match, content not read)","",""
3184,"EMERGENCY-502-FIX-SCRIPT.sh","old-digitex-erp-bell24h","Unknown","Legacy","low","",""
3185,"ENABLE-HTTPS-CLOUDFLARE.md","old-digitex-erp-bell24h","Infrastructure;Deployment;DevOps","Legacy","medium-high (filename/path keyword match, content not read)","",""
3186,"env-list.txt","old-digitex-erp-bell24h","Unknown","Legacy","low","",""
3187,"EVERYTHING-WORKING-WAIT-FOR-SSL.md","old-digitex-erp-bell24h","Infrastructure;DevOps","Legacy","medium-high (filename/path keyword match, content not read)","",""
3188,"explain_api.py","old-digitex-erp-bell24h","Unknown","Legacy","low","",""
3189,"FEATURE-COMPARISON-TABLE.md","old-digitex-erp-bell24h","Feature Specification","Legacy","medium-high (filename/path keyword match, content not read)","",""
3190,"FEATURE-COMPLETENESS-ANALYSIS.md","old-digitex-erp-bell24h","Unknown","Legacy","low","",""
3191,"FINAL-521-FIX.md","old-digitex-erp-bell24h","Unknown","Legacy","low","",""
3192,"FINAL-AUDIT-SUMMARY-2025.md","old-digitex-erp-bell24h","Documentation","Legacy","medium-high (filename/path keyword match, content not read)","",""
3193,"FINAL-FEATURE-COMPARISON.md","old-digitex-erp-bell24h","Feature Specification","Legacy","medium-high (filename/path keyword match, content not read)","",""
3194,"FINAL-STATUS-REPORT.md","old-digitex-erp-bell24h","Unknown","Legacy","low","",""
3195,"FINAL_DEPLOYMENT_ORDER.md","old-digitex-erp-bell24h","Deployment;Infrastructure","Legacy","medium-high (filename/path keyword match, content not read)","",""
3196,"FINAL_DEPLOYMENT_STATUS_REPORT.md","old-digitex-erp-bell24h","Deployment;Infrastructure","Legacy","medium-high (filename/path keyword match, content not read)","",""
3197,"find-server-port.cjs","old-digitex-erp-bell24h","Unknown","Legacy","low","",""
3198,"FIX-404-DNS-GUIDE.md","old-digitex-erp-bell24h","Infrastructure;DevOps;Documentation","Legacy","medium-high (filename/path keyword match, content not read)","",""
3199,"FIX-502-ERROR.sh","old-digitex-erp-bell24h","Unknown","Legacy","low","",""
3200,"FIX-521-ERROR.sh","old-digitex-erp-bell24h","Unknown","Legacy","low","",""
3201,"FIX-521-QUICK-FIX.md","old-digitex-erp-bell24h","Unknown","Legacy","low","",""
3202,"fix-build-error.sh","old-digitex-erp-bell24h","Unknown","Legacy","low","",""
3203,"FIX-BUILD-NOW.md","old-digitex-erp-bell24h","Unknown","Legacy","low","",""
3204,"FIX-CLOUDFLARE-521-ERROR.md","old-digitex-erp-bell24h","Infrastructure;Deployment","Legacy","medium-high (filename/path keyword match, content not read)","",""
3205,"FIX-CLOUDFLARE-AUTO.ps1","old-digitex-erp-bell24h","Infrastructure;Deployment","Legacy","medium-high (filename/path keyword match, content not read)","",""
3206,"FIX-CLOUDFLARE-BUILD-FAILURE.md","old-digitex-erp-bell24h","Infrastructure;Deployment","Legacy","medium-high (filename/path keyword match, content not read)","",""
3207,"FIX-CLOUDFLARE-DNS-CONFLICT.md","old-digitex-erp-bell24h","Infrastructure;Deployment;DevOps","Legacy","medium-high (filename/path keyword match, content not read)","",""
3208,"FIX-CLOUDFLARE-FINAL.ps1","old-digitex-erp-bell24h","Infrastructure;Deployment","Legacy","medium-high (filename/path keyword match, content not read)","",""
3209,"FIX-CLOUDFLARE-MANUAL.txt","old-digitex-erp-bell24h","Infrastructure;Deployment","Legacy","medium-high (filename/path keyword match, content not read)","",""
3210,"FIX-CLOUDFLARE-PAGES-404.md","old-digitex-erp-bell24h","Infrastructure;Deployment","Legacy","medium-high (filename/path keyword match, content not read)","",""
3211,"FIX-CLOUDFLARE-SUBMODULES.ps1","old-digitex-erp-bell24h","Infrastructure;Deployment","Legacy","medium-high (filename/path keyword match, content not read)","",""
3212,"fix-cloudflare.ps1","old-digitex-erp-bell24h","Infrastructure;Deployment","Legacy","medium-high (filename/path keyword match, content not read)","",""
3213,"FIX-CONNECTION-TIMEOUT.md","old-digitex-erp-bell24h","Unknown","Legacy","low","",""
3214,"FIX-DASHBOARD-COMPLETE-GUIDE.md","old-digitex-erp-bell24h","Documentation","Legacy","medium-high (filename/path keyword match, content not read)","",""
3215,"FIX-DISK-SPACE-AND-NGINX.sh","old-digitex-erp-bell24h","Unknown","Legacy","low","",""
3216,"FIX-DNS-APP-N8N.md","old-digitex-erp-bell24h","Infrastructure;DevOps;Automation;n8n","Legacy","medium-high (filename/path keyword match, content not read)","",""
3217,"FIX-DOCKER-BUILD-STANDALONE-ERROR.md","old-digitex-erp-bell24h","Infrastructure;DevOps","Legacy","medium-high (filename/path keyword match, content not read)","",""
3218,"fix-docker-build.sh","old-digitex-erp-bell24h","Infrastructure;DevOps","Legacy","medium-high (filename/path keyword match, content not read)","",""
3219,"fix-github-actions.ps1","old-digitex-erp-bell24h","DevOps","Legacy","medium-high (filename/path keyword match, content not read)","",""
3220,"FIX-GITHUB-PUSH-FINAL.ps1","old-digitex-erp-bell24h","Unknown","Legacy","low","",""
3221,"FIX-GITHUB-SECRET.md","old-digitex-erp-bell24h","Unknown","Legacy","low","",""
3222,"FIX-LOGIN-COOKIE.md","old-digitex-erp-bell24h","Unknown","Legacy","low","",""
3223,"fix-lucide-imports.ps1","old-digitex-erp-bell24h","Unknown","Legacy","low","",""
3224,"FIX-MERGE-CONFLICTS.ps1","old-digitex-erp-bell24h","Unknown","Legacy","low","",""
3225,"FIX-MISSING-PAGES.md","old-digitex-erp-bell24h","Unknown","Legacy","low","",""
3226,"FIX-N8N-502.sh","old-digitex-erp-bell24h","Automation;n8n","Legacy","medium-high (filename/path keyword match, content not read)","",""
3227,"FIX-NODE-MODULES-SUBMODULE.ps1","old-digitex-erp-bell24h","Unknown","Legacy","low","",""
3228,"FIX-PORT-80-CONFLICT.sh","old-digitex-erp-bell24h","Unknown","Legacy","low","",""
3229,"FIX-PORT-80-QUICK.txt","old-digitex-erp-bell24h","Unknown","Legacy","low","",""
3230,"FIX-PUSH-ERROR.ps1","old-digitex-erp-bell24h","Unknown","Legacy","low","",""
3231,"FIX-RECURSIVE-BUILD-ERROR.md","old-digitex-erp-bell24h","Unknown","Legacy","low","",""
3232,"fix-secret.sh","old-digitex-erp-bell24h","Unknown","Legacy","low","",""
3233,"FIX-SSH-KEY-ISSUE.md","old-digitex-erp-bell24h","Unknown","Legacy","low","",""
3234,"FIX-SSL-AND-N8N.md","old-digitex-erp-bell24h","Infrastructure;DevOps;Automation;n8n","Legacy","medium-high (filename/path keyword match, content not read)","",""
3235,"FIX-SUBMODULE-CLOUDFLARE.md","old-digitex-erp-bell24h","Infrastructure;Deployment","Legacy","medium-high (filename/path keyword match, content not read)","",""
3236,"FIX-SUBMODULE-ERROR-FINAL.ps1","old-digitex-erp-bell24h","Unknown","Legacy","low","",""
3237,"FIX-SUBMODULES-COMPLETE.ps1","old-digitex-erp-bell24h","Unknown","Legacy","low","",""
3238,"FIX-SUPPLIERS-PAGE-ERROR.md","old-digitex-erp-bell24h","Supplier","Legacy","medium-high (filename/path keyword match, content not read)","",""
3239,"fix-unescaped-entities.ps1","old-digitex-erp-bell24h","Unknown","Legacy","low","",""
3240,"FIXES_APPLIED.md","old-digitex-erp-bell24h","Unknown","Legacy","low","",""
3241,"fix_build_error.ps1","old-digitex-erp-bell24h","Unknown","Legacy","low","",""
3242,"fix_build_errors.ps1","old-digitex-erp-bell24h","Unknown","Legacy","low","",""
3243,"fix_build_error_final.ps1","old-digitex-erp-bell24h","Unknown","Legacy","low","",""
3244,"fix_icons.ps1","old-digitex-erp-bell24h","Unknown","Legacy","low","",""
3245,"force-push-all.ps1","old-digitex-erp-bell24h","Unknown","Legacy","low","",""
3246,"GITHUB-ACTIONS-SETUP.md","old-digitex-erp-bell24h","DevOps;Documentation","Legacy","medium-high (filename/path keyword match, content not read)","",""
3247,"GITHUB-ORACLE-AUTO-DEPLOY-GUIDE.md","old-digitex-erp-bell24h","Deployment;Infrastructure;Documentation","Legacy","medium-high (filename/path keyword match, content not read)","",""
3248,"github-setup-commands.txt","old-digitex-erp-bell24h","Documentation","Legacy","medium-high (filename/path keyword match, content not read)","",""
3249,"GIT_REPOSITORY_FIX_COMPLETE.md","old-digitex-erp-bell24h","Unknown","Legacy","low","",""
3250,"hardhat.config.cjs","old-digitex-erp-bell24h","Architecture;AI","Legacy","medium-high (filename/path keyword match, content not read)","",""
3251,"hell -ExecutionPolicy Bypass -File commit-and-push-fix.ps1","old-digitex-erp-bell24h","Unknown","Legacy","low","",""
3252,"HOMEPAGE_BUILD_COMPLETE.md","old-digitex-erp-bell24h","Unknown","Legacy","low","",""
3253,"HYBRID-APPROACH-COMPLETE-GUIDE.md","old-digitex-erp-bell24h","Documentation","Legacy","medium-high (filename/path keyword match, content not read)","",""
3254,"IMMEDIATE-502-FIX.sh","old-digitex-erp-bell24h","Unknown","Legacy","low","",""
3255,"IMMEDIATE-FIX-COMMANDS.txt","old-digitex-erp-bell24h","Unknown","Legacy","low","",""
3256,"jest.config.cjs","old-digitex-erp-bell24h","Unknown","Legacy","low","",""
3257,"jest.integration.config.cjs","old-digitex-erp-bell24h","Unknown","Legacy","low","",""
3258,"JSON-SYNTAX-ERROR-FIX-REPORT.md","old-digitex-erp-bell24h","Unknown","Legacy","low","",""
3259,"LAUNCH_DAY_SCHEDULE.md","old-digitex-erp-bell24h","Unknown","Legacy","low","",""
3260,"LAUNCH_PREPARATION_NOV_22.md","old-digitex-erp-bell24h","Unknown","Legacy","low","",""
3261,"LAUNCH_READY_SUMMARY.md","old-digitex-erp-bell24h","Unknown","Legacy","low","",""
3262,"LAUNCH_SOCIAL_MEDIA_POSTS.md","old-digitex-erp-bell24h","Unknown","Legacy","low","",""
3263,"package-lock.json","old-digitex-erp-bell24h","Testing;QA","Legacy","medium-high (filename/path keyword match, content not read)","",""
3264,"package.json","old-digitex-erp-bell24h","Testing;QA","Legacy","medium-high (filename/path keyword match, content not read)","",""
3265,"tsconfig.json","old-digitex-erp-bell24h","Testing;QA","Legacy","medium-high (filename/path keyword match, content not read)","",""
3266,"MANUAL-FIX-COMMANDS.txt","old-digitex-erp-bell24h","Unknown","Legacy","low","",""
3267,"MANUAL-SSL-SETUP-STEPS.md","old-digitex-erp-bell24h","Infrastructure;DevOps;Documentation","Legacy","medium-high (filename/path keyword match, content not read)","",""
3268,"MANUAL_GITKRAKEN_SETUP.txt","old-digitex-erp-bell24h","Documentation","Legacy","medium-high (filename/path keyword match, content not read)","",""
3269,"whatsapp-messages.txt","old-digitex-erp-bell24h","Marketing","Legacy","medium-high (filename/path keyword match, content not read)","",""
3270,"MARKETING_PLAN_COMPANY_PROFILE_CLAIMING.md","old-digitex-erp-bell24h","Marketing","Legacy","medium-high (filename/path keyword match, content not read)","",""
3271,"mcp-gitkraken.json","old-digitex-erp-bell24h","Unknown","Legacy","low","",""
3272,"mcp_config.json","old-digitex-erp-bell24h","Unknown","Legacy","low","",""
3273,"MIGRATION-CLOUDFLARE-PAGES.md","old-digitex-erp-bell24h","SQL Migration;Implementation Plan;Infrastructure;Deployment","Legacy","medium-high (filename/path keyword match, content not read)","",""
3274,"MIGRATION_ACTION_PLAN.txt","old-digitex-erp-bell24h","SQL Migration;Implementation Plan","Legacy","medium-high (filename/path keyword match, content not read)","",""
3275,"mobile-otp-only-deploy.ps1","old-digitex-erp-bell24h","Deployment;Infrastructure","Legacy","medium-high (filename/path keyword match, content not read)","",""
3276,"MOBILE_OTP_ERROR_HANDLING.md","old-digitex-erp-bell24h","Unknown","Legacy","low","",""
3277,"MOVE-TO-PORT-80.md","old-digitex-erp-bell24h","Unknown","Legacy","low","",""
3278,"MSG91_INTEGRATION_COMPLETE.md","old-digitex-erp-bell24h","Unknown","Legacy","low","",""
3279,"MSG91_QUICK_SETUP.md","old-digitex-erp-bell24h","Documentation","Legacy","medium-high (filename/path keyword match, content not read)","",""
3280,"MSG91_SETUP_COMPLETE.md","old-digitex-erp-bell24h","Documentation","Legacy","medium-high (filename/path keyword match, content not read)","",""
3281,"bell24h-integration.workflow.json","old-digitex-erp-bell24h","Automation;n8n","Legacy","medium-high (filename/path keyword match, content not read)","",""
3282,"category-analytics.workflow.json","old-digitex-erp-bell24h","Automation;n8n;Analytics","Legacy","medium-high (filename/path keyword match, content not read)","",""
3283,"category-seo-automation.workflow.json","old-digitex-erp-bell24h","Automation;n8n;SEO","Legacy","medium-high (filename/path keyword match, content not read)","",""
3284,"escrow.workflow.json","old-digitex-erp-bell24h","Automation;n8n;Escrow","Legacy","medium-high (filename/path keyword match, content not read)","",""
3285,"mock-order-generation.workflow.json","old-digitex-erp-bell24h","Automation;n8n","Legacy","medium-high (filename/path keyword match, content not read)","",""
3286,"rfq.workflow.json","old-digitex-erp-bell24h","Automation;n8n;RFQ","Legacy","medium-high (filename/path keyword match, content not read)","",""
3287,"user.onboarding.workflow.json","old-digitex-erp-bell24h","Automation;n8n","Legacy","medium-high (filename/path keyword match, content not read)","",""
3288,"N8N-RUNNING-FIX-SSL.md","old-digitex-erp-bell24h","Infrastructure;DevOps;Automation;n8n","Legacy","medium-high (filename/path keyword match, content not read)","",""
3289,"N8N-WORKFLOW-A-E-MICRO-LEVEL-GUIDE.md","old-digitex-erp-bell24h","Automation;n8n;Documentation","Legacy","medium-high (filename/path keyword match, content not read)","",""
3290,"supplier-onboarding-welcome-email.json","old-digitex-erp-bell24h","Automation;n8n;Supplier","Legacy","medium-high (filename/path keyword match, content not read)","",""
3291,"supplier-onboarding-welcome-sms.json","old-digitex-erp-bell24h","Automation;n8n;Supplier","Legacy","medium-high (filename/path keyword match, content not read)","",""
3292,"N8N_SETUP_QUICK_REFERENCE.md","old-digitex-erp-bell24h","Automation;n8n;Documentation","Legacy","medium-high (filename/path keyword match, content not read)","",""
3293,"N8N_WORKFLOWS_COMPLETE.md","old-digitex-erp-bell24h","Automation;n8n","Legacy","medium-high (filename/path keyword match, content not read)","",""
3294,"netlify.toml","old-digitex-erp-bell24h","Infrastructure;Deployment","Legacy","medium-high (filename/path keyword match, content not read)","",""
3295,"NEXT-STEPS-TODO-LIST.md","old-digitex-erp-bell24h","Unknown","Legacy","low","",""
3296,"next.config.cjs","old-digitex-erp-bell24h","Unknown","Legacy","low","",""
3297,"nixpacks.toml","old-digitex-erp-bell24h","Unknown","Legacy","low","",""
3298,"NO-Q-PREFIX-AUTOMATION.ps1","old-digitex-erp-bell24h","Automation","Legacy","medium-high (filename/path keyword match, content not read)","",""
3299,"NON-CODER-DEPLOYMENT-PRIORITY-GUIDE.md","old-digitex-erp-bell24h","Deployment;Infrastructure;Documentation","Legacy","medium-high (filename/path keyword match, content not read)","",""
3300,"NOV-20-LAUNCH-CHECKLIST.md","old-digitex-erp-bell24h","Documentation","Legacy","medium-high (filename/path keyword match, content not read)","",""
3301,"nuclear_fix.ps1","old-digitex-erp-bell24h","Unknown","Legacy","low","",""
3302,"nuclear_fix_all.ps1","old-digitex-erp-bell24h","Unknown","Legacy","low","",""
3303,"ONE-PAGE-BRUTAL-TRUTH-REVENUE-SUMMARY.md","old-digitex-erp-bell24h","Unknown","Legacy","low","",""
3304,"openapitools.json","old-digitex-erp-bell24h","Unknown","Legacy","low","",""
3305,".env.example","old-digitex-erp-bell24h","Infrastructure;Deployment","Legacy","medium-high (filename/path keyword match, content not read)","",""
3306,"default.json","old-digitex-erp-bell24h","Infrastructure;Deployment","Legacy","medium-high (filename/path keyword match, content not read)","",""
3307,"package.json","old-digitex-erp-bell24h","Infrastructure;Deployment","Legacy","medium-high (filename/path keyword match, content not read)","",""
3308,"ORACLE-CLOUD-DEPLOYMENT-GUIDE.md","old-digitex-erp-bell24h","Deployment;Infrastructure;Documentation","Legacy","medium-high (filename/path keyword match, content not read)","",""
3309,"complete-categories.sql","old-digitex-erp-bell24h","Infrastructure;Deployment;Automation;n8n","Legacy","medium-high (filename/path keyword match, content not read)","",""
3310,"missing-tables.sql","old-digitex-erp-bell24h","Infrastructure;Deployment;Automation;n8n","Legacy","medium-high (filename/path keyword match, content not read)","",""
3311,"docker-compose.yml","old-digitex-erp-bell24h","Infrastructure;DevOps;Deployment;Automation;n8n","Legacy","medium-high (filename/path keyword match, content not read)","",""
3312,"README.md","old-digitex-erp-bell24h","Infrastructure;Deployment;Automation;n8n;Documentation","Legacy","medium-high (filename/path keyword match, content not read)","",""
3313,"setup-oracle-cloud.sh","old-digitex-erp-bell24h","Infrastructure;Deployment;Automation;n8n;Documentation","Legacy","medium-high (filename/path keyword match, content not read)","",""
3314,"lead-test-data.json","old-digitex-erp-bell24h","Infrastructure;Deployment;Automation;n8n;Testing;QA","Legacy","medium-high (filename/path keyword match, content not read)","",""
3315,"rfq-test-data.json","old-digitex-erp-bell24h","Infrastructure;Deployment;Automation;n8n;RFQ;Testing;QA","Legacy","medium-high (filename/path keyword match, content not read)","",""
3316,"bell24h-ai-category-worker-complete.json","old-digitex-erp-bell24h","Infrastructure;Deployment;AI;Automation;n8n","Legacy","medium-high (filename/path keyword match, content not read)","",""
3317,"bell24h-ai-category-worker-with-db.json","old-digitex-erp-bell24h","Infrastructure;Deployment;AI;Automation;n8n","Legacy","medium-high (filename/path keyword match, content not read)","",""
3318,"bell24h-ai-category-worker.json","old-digitex-erp-bell24h","Infrastructure;Deployment;AI;Automation;n8n","Legacy","medium-high (filename/path keyword match, content not read)","",""
3319,"bell24h-ai-scraper-master-with-db.json","old-digitex-erp-bell24h","Infrastructure;Deployment;AI;Automation;n8n","Legacy","medium-high (filename/path keyword match, content not read)","",""
3320,"bell24h-ai-scraper-master.json","old-digitex-erp-bell24h","Infrastructure;Deployment;AI;Automation;n8n","Legacy","medium-high (filename/path keyword match, content not read)","",""
3321,"bell24h-lead-scoring-complete.json","old-digitex-erp-bell24h","Infrastructure;Deployment;Automation;n8n","Legacy","medium-high (filename/path keyword match, content not read)","",""
3322,"bell24h-lead-scoring-with-db.json","old-digitex-erp-bell24h","Infrastructure;Deployment;Automation;n8n","Legacy","medium-high (filename/path keyword match, content not read)","",""
3323,"bell24h-lead-scoring.json","old-digitex-erp-bell24h","Infrastructure;Deployment;Automation;n8n","Legacy","medium-high (filename/path keyword match, content not read)","",""
3324,"bell24h-rfq-notification-complete.json","old-digitex-erp-bell24h","Infrastructure;Deployment;Automation;n8n;RFQ","Legacy","medium-high (filename/path keyword match, content not read)","",""
3325,"bell24h-rfq-notification-fixed.json","old-digitex-erp-bell24h","Infrastructure;Deployment;Automation;n8n;RFQ","Legacy","medium-high (filename/path keyword match, content not read)","",""
3326,"bell24h-rfq-notification-with-db.json","old-digitex-erp-bell24h","Infrastructure;Deployment;Automation;n8n;RFQ","Legacy","medium-high (filename/path keyword match, content not read)","",""
3327,"bell24h-rfq-notification.json","old-digitex-erp-bell24h","Infrastructure;Deployment;Automation;n8n;RFQ","Legacy","medium-high (filename/path keyword match, content not read)","",""
3328,"nano-banana-enrichment.json","old-digitex-erp-bell24h","Infrastructure;Deployment;Automation;n8n","Legacy","medium-high (filename/path keyword match, content not read)","",""
3329,"ORACLE-VM-DEPLOYMENT-GUIDE.md","old-digitex-erp-bell24h","Deployment;Infrastructure;Documentation","Legacy","medium-high (filename/path keyword match, content not read)","",""
3330,"package-lock.json","old-digitex-erp-bell24h","Unknown","Legacy","low","",""
3331,"package.json","old-digitex-erp-bell24h","Unknown","Legacy","low","",""
3332,"page-test-report.json","old-digitex-erp-bell24h","Testing;QA","Legacy","medium-high (filename/path keyword match, content not read)","",""
3333,"page-verification-report.json","old-digitex-erp-bell24h","Unknown","Legacy","low","",""
3334,"PERMANENT-Q-PREFIX-FIX.sh","old-digitex-erp-bell24h","Unknown","Legacy","low","",""
3335,"postcss.config.cjs","old-digitex-erp-bell24h","Design","Legacy","medium-high (filename/path keyword match, content not read)","",""
3336,"POST_AUDIT_PROTOCOL_COMPLETE.md","old-digitex-erp-bell24h","Documentation","Legacy","medium-high (filename/path keyword match, content not read)","",""
3337,"POST_AUDIT_PROTOCOL_IMPLEMENTATION_SUMMARY.md","old-digitex-erp-bell24h","Implementation Plan;Documentation","Legacy","medium-high (filename/path keyword match, content not read)","",""
3338,"PRISMA_FIX_COMPLETE.md","old-digitex-erp-bell24h","Database","Legacy","medium-high (filename/path keyword match, content not read)","",""
3339,"production.env.template","old-digitex-erp-bell24h","Unknown","Legacy","low","",""
3340,"PRODUCTION_DEPLOYMENT_SUMMARY.md","old-digitex-erp-bell24h","Deployment;Infrastructure","Legacy","medium-high (filename/path keyword match, content not read)","",""
3341,"PROJECT-ENHANCEMENT-SUMMARY.md","old-digitex-erp-bell24h","Unknown","Legacy","low","",""
3342,"PROJECT-STATUS-CHECK.md","old-digitex-erp-bell24h","Unknown","Legacy","low","",""
3343,"common.json","old-digitex-erp-bell24h","Unknown","Legacy","low","",""
3344,"common.json","old-digitex-erp-bell24h","Unknown","Legacy","low","",""
3345,"dashboard.json","old-digitex-erp-bell24h","Unknown","Legacy","low","",""
3346,"manifest.json","old-digitex-erp-bell24h","Unknown","Legacy","low","",""
3347,"robots.txt","old-digitex-erp-bell24h","Unknown","Legacy","low","",""
3348,"temple-bell.mp3.txt","old-digitex-erp-bell24h","Unknown","Legacy","low","",""
3349,"QUICK-502-DIAGNOSIS.md","old-digitex-erp-bell24h","Unknown","Legacy","low","",""
3350,"QUICK-DEPLOY-ORACLE.md","old-digitex-erp-bell24h","Deployment;Infrastructure","Legacy","medium-high (filename/path keyword match, content not read)","",""
3351,"quick-deploy.cjs","old-digitex-erp-bell24h","Deployment;Infrastructure","Legacy","medium-high (filename/path keyword match, content not read)","",""
3352,"QUICK-DIAGNOSTIC-COMMANDS.sh","old-digitex-erp-bell24h","Unknown","Legacy","low","",""
3353,"QUICK-FIX-N8N.sh","old-digitex-erp-bell24h","Automation;n8n","Legacy","medium-high (filename/path keyword match, content not read)","",""
3354,"QUICK-FIX-TIMEOUT.md","old-digitex-erp-bell24h","Unknown","Legacy","low","",""
3355,"quick-platform-test.cjs","old-digitex-erp-bell24h","Testing;QA","Legacy","medium-high (filename/path keyword match, content not read)","",""
3356,"QUICK-ROLLBACK.sh","old-digitex-erp-bell24h","Unknown","Legacy","low","",""
3357,"QUICK-START-AUTO-DEPLOY.md","old-digitex-erp-bell24h","Deployment;Infrastructure","Legacy","medium-high (filename/path keyword match, content not read)","",""
3358,"quick-status-check.cjs","old-digitex-erp-bell24h","Unknown","Legacy","low","",""
3359,"QUICK_DEPLOYMENT_STEPS.txt","old-digitex-erp-bell24h","Deployment;Infrastructure","Legacy","medium-high (filename/path keyword match, content not read)","",""
3360,"QUICK_DEPLOYMENT_TEST.txt","old-digitex-erp-bell24h","Deployment;Infrastructure;Testing;QA","Legacy","medium-high (filename/path keyword match, content not read)","",""
3361,"QUICK_DEPLOY_COMMANDS.txt","old-digitex-erp-bell24h","Deployment;Infrastructure","Legacy","medium-high (filename/path keyword match, content not read)","",""
3362,"QUICK_DEPLOY_GUIDE.md","old-digitex-erp-bell24h","Deployment;Infrastructure;Documentation","Legacy","medium-high (filename/path keyword match, content not read)","",""
3363,"QUICK_START_PRODUCTION.md","old-digitex-erp-bell24h","Unknown","Legacy","low","",""
3364,"railway.env.example","old-digitex-erp-bell24h","Infrastructure;Deployment","Legacy","medium-high (filename/path keyword match, content not read)","",""
3365,"railway.json","old-digitex-erp-bell24h","Infrastructure;Deployment","Legacy","medium-high (filename/path keyword match, content not read)","",""
3366,"railway.toml","old-digitex-erp-bell24h","Infrastructure;Deployment","Legacy","medium-high (filename/path keyword match, content not read)","",""
3367,"RE-RUN-DEPLOYMENT.md","old-digitex-erp-bell24h","Deployment;Infrastructure","Legacy","medium-high (filename/path keyword match, content not read)","",""
3368,"README.md","old-digitex-erp-bell24h","Documentation","Legacy","medium-high (filename/path keyword match, content not read)","",""
3369,"README_DATABASE_ALTERNATIVES.md","old-digitex-erp-bell24h","Documentation","Legacy","medium-high (filename/path keyword match, content not read)","",""
3370,"REMOVE-FROM-HISTORY.ps1","old-digitex-erp-bell24h","Unknown","Legacy","low","",""
3371,"REMOVE-LARGE-FILES.ps1","old-digitex-erp-bell24h","Unknown","Legacy","low","",""
3372,"REMOVE-NETLIFY-SIMPLE.ps1","old-digitex-erp-bell24h","Infrastructure;Deployment","Legacy","medium-high (filename/path keyword match, content not read)","",""
3373,"request_body.json","old-digitex-erp-bell24h","Unknown","Legacy","low","",""
3374,"RUN-EMERGENCY-FIX-NOW.sh","old-digitex-erp-bell24h","Unknown","Legacy","low","",""
3375,"audit-pages.cjs","old-digitex-erp-bell24h","Documentation","Legacy","medium-high (filename/path keyword match, content not read)","",""
3376,"backup-vercel-production.cjs","old-digitex-erp-bell24h","Infrastructure;Deployment","Legacy","medium-high (filename/path keyword match, content not read)","",""
3377,"backup.cjs","old-digitex-erp-bell24h","Unknown","Legacy","low","",""
3378,"create-staging-environment.cjs","old-digitex-erp-bell24h","Unknown","Legacy","low","",""
3379,"deploy-escrow.cjs","old-digitex-erp-bell24h","Deployment;Infrastructure;Escrow","Legacy","medium-high (filename/path keyword match, content not read)","",""
3380,"deploy-production.sh","old-digitex-erp-bell24h","Deployment;Infrastructure","Legacy","medium-high (filename/path keyword match, content not read)","",""
3381,"deploy-safe.cjs","old-digitex-erp-bell24h","Deployment;Infrastructure","Legacy","medium-high (filename/path keyword match, content not read)","",""
3382,"dev-workflow.cjs","old-digitex-erp-bell24h","Automation","Legacy","medium-high (filename/path keyword match, content not read)","",""
3383,"migrate-missing-pages.cjs","old-digitex-erp-bell24h","Unknown","Legacy","low","",""
3384,"migration-test.cjs","old-digitex-erp-bell24h","SQL Migration;Implementation Plan;Testing;QA","Legacy","medium-high (filename/path keyword match, content not read)","",""
3385,"protect-files.cjs","old-digitex-erp-bell24h","Unknown","Legacy","low","",""
3386,"pull-vercel-source.cjs","old-digitex-erp-bell24h","Infrastructure;Deployment","Legacy","medium-high (filename/path keyword match, content not read)","",""
3387,"run-fixed-page-validation.cjs","old-digitex-erp-bell24h","Unknown","Legacy","low","",""
3388,"safe-merge.cjs","old-digitex-erp-bell24h","Unknown","Legacy","low","",""
3389,"setup-api-integrations.cjs","old-digitex-erp-bell24h","API;Documentation","Legacy","medium-high (filename/path keyword match, content not read)","",""
3390,"setup-database.cjs","old-digitex-erp-bell24h","Documentation","Legacy","medium-high (filename/path keyword match, content not read)","",""
3391,"setup-env.cjs","old-digitex-erp-bell24h","Documentation","Legacy","medium-high (filename/path keyword match, content not read)","",""
3392,"setup-production-db.sh","old-digitex-erp-bell24h","Documentation","Legacy","medium-high (filename/path keyword match, content not read)","",""
3393,"setup-vercel-env.sh","old-digitex-erp-bell24h","Infrastructure;Deployment;Documentation","Legacy","medium-high (filename/path keyword match, content not read)","",""
3394,"test-all-pages.cjs","old-digitex-erp-bell24h","Testing;QA","Legacy","medium-high (filename/path keyword match, content not read)","",""
3395,"vercel-import.cjs","old-digitex-erp-bell24h","Infrastructure;Deployment","Legacy","medium-high (filename/path keyword match, content not read)","",""
3396,"verify-pages.cjs","old-digitex-erp-bell24h","Unknown","Legacy","low","",""
3397,"scripts.json","old-digitex-erp-bell24h","Unknown","Legacy","low","",""
3398,"SEO-HERO-SECTION-UPDATE.md","old-digitex-erp-bell24h","SEO","Legacy","medium-high (filename/path keyword match, content not read)","",""
3399,".env.example","old-digitex-erp-bell24h","Unknown","Legacy","low","",""
3400,".env.test","old-digitex-erp-bell24h","Testing;QA","Legacy","medium-high (filename/path keyword match, content not read)","",""
3401,"test.spec.cjs","old-digitex-erp-bell24h","Testing;QA","Legacy","medium-high (filename/path keyword match, content not read)","",""
3402,"tsconfig.json","old-digitex-erp-bell24h","Testing;QA","Legacy","medium-high (filename/path keyword match, content not read)","",""
3403,"package-lock.json","old-digitex-erp-bell24h","Unknown","Legacy","low","",""
3404,"package.json","old-digitex-erp-bell24h","Unknown","Legacy","low","",""
3405,"tsconfig.json","old-digitex-erp-bell24h","Unknown","Legacy","low","",""
3406,"tsconfig.test.json","old-digitex-erp-bell24h","Testing;QA","Legacy","medium-high (filename/path keyword match, content not read)","",""
3407,"server-tsconfig.json","old-digitex-erp-bell24h","Unknown","Legacy","low","",""
3408,"setup-github-deploy.ps1","old-digitex-erp-bell24h","Deployment;Infrastructure;Documentation","Legacy","medium-high (filename/path keyword match, content not read)","",""
3409,"SETUP-GITHUB-SECRET.md","old-digitex-erp-bell24h","Documentation","Legacy","medium-high (filename/path keyword match, content not read)","",""
3410,"setup-ssl-automated.sh","old-digitex-erp-bell24h","Infrastructure;DevOps;Documentation","Legacy","medium-high (filename/path keyword match, content not read)","",""
3411,"setup-ssl-direct.ps1","old-digitex-erp-bell24h","Infrastructure;DevOps;Documentation","Legacy","medium-high (filename/path keyword match, content not read)","",""
3412,"setup-ssl-upload-execute.ps1","old-digitex-erp-bell24h","Infrastructure;DevOps;Documentation","Legacy","medium-high (filename/path keyword match, content not read)","",""
3413,"setup-ssl-via-ssh.ps1","old-digitex-erp-bell24h","Infrastructure;DevOps;Documentation","Legacy","medium-high (filename/path keyword match, content not read)","",""
3414,"SETUP_COMPLETE.md","old-digitex-erp-bell24h","Documentation","Legacy","medium-high (filename/path keyword match, content not read)","",""
3415,"SIMPLE-DEPLOY-STEPS.md","old-digitex-erp-bell24h","Deployment;Infrastructure","Legacy","medium-high (filename/path keyword match, content not read)","",""
3416,"SIMPLE_DEPLOY_COMMANDS.txt","old-digitex-erp-bell24h","Deployment;Infrastructure","Legacy","medium-high (filename/path keyword match, content not read)","",""
3417,"SITE-IS-LIVE-NEXT-STEPS.md","old-digitex-erp-bell24h","Unknown","Legacy","low","",""
3418,"package.json","old-digitex-erp-bell24h","Database","Legacy","medium-high (filename/path keyword match, content not read)","",""
3419,"SSL-ACTIVE-CONFIGURE-N8N-ROUTING.md","old-digitex-erp-bell24h","Infrastructure;DevOps;Automation;n8n","Legacy","medium-high (filename/path keyword match, content not read)","",""
3420,"SSL-CERTIFICATES-ALREADY-ACTIVE.md","old-digitex-erp-bell24h","Infrastructure;DevOps","Legacy","medium-high (filename/path keyword match, content not read)","",""
3421,"SSL-CONFIGURED-FIX-CONNECTION.md","old-digitex-erp-bell24h","Infrastructure;DevOps","Legacy","medium-high (filename/path keyword match, content not read)","",""
3422,"SSL-SETUP-COMMAND.txt","old-digitex-erp-bell24h","Infrastructure;DevOps;Documentation","Legacy","medium-high (filename/path keyword match, content not read)","",""
3423,"START-NGINX-VERIFY-CONFIG.md","old-digitex-erp-bell24h","Unknown","Legacy","low","",""
3424,"start_clean_dev.ps1","old-digitex-erp-bell24h","Unknown","Legacy","low","",""
3425,"SUPPLIER_PROFILE_FILES_INVENTORY.md","old-digitex-erp-bell24h","Supplier","Legacy","medium-high (filename/path keyword match, content not read)","",""
3426,"SUPPLIER_PROFILE_IMPLEMENTATION_PLAN.md","old-digitex-erp-bell24h","Implementation Plan;Supplier","Legacy","medium-high (filename/path keyword match, content not read)","",""
3427,"task-definition.json","old-digitex-erp-bell24h","Unknown","Legacy","low","",""
3428,"test-bell24h-complete.cjs","old-digitex-erp-bell24h","Testing;QA","Legacy","medium-high (filename/path keyword match, content not read)","",""
3429,"test-final-fixes.cjs","old-digitex-erp-bell24h","Testing;QA","Legacy","medium-high (filename/path keyword match, content not read)","",""
3430,"test-system-complete.cjs","old-digitex-erp-bell24h","Testing;QA","Legacy","medium-high (filename/path keyword match, content not read)","",""
3431,"TODO-21-25-IMPLEMENTATION-COMPLETE.md","old-digitex-erp-bell24h","Implementation Plan","Legacy","medium-high (filename/path keyword match, content not read)","",""
3432,"TODO-21-25-IMPLEMENTATION-PLAN.md","old-digitex-erp-bell24h","Implementation Plan","Legacy","medium-high (filename/path keyword match, content not read)","",""
3433,"TODO-ITEMS-21-25-EXTRACTED.md","old-digitex-erp-bell24h","Unknown","Legacy","low","",""
3434,"train_supplier_model.py","old-digitex-erp-bell24h","Supplier","Legacy","medium-high (filename/path keyword match, content not read)","",""
3435,"tsconfig.e2e.json","old-digitex-erp-bell24h","Testing;QA","Legacy","medium-high (filename/path keyword match, content not read)","",""
3436,"tsconfig.json","old-digitex-erp-bell24h","Unknown","Legacy","low","",""
3437,"tsconfig.server.json","old-digitex-erp-bell24h","Unknown","Legacy","low","",""
3438,"ULTRA-FAST-MCP-WORKING-REPORT.md","old-digitex-erp-bell24h","Unknown","Legacy","low","",""
3439,"update-env.sh","old-digitex-erp-bell24h","Unknown","Legacy","low","",""
3440,"USER-DASHBOARD-FEATURES-LIST.md","old-digitex-erp-bell24h","Unknown","Legacy","low","",""
3441,"package-lock.json","old-digitex-erp-bell24h","Deployment;Infrastructure","Legacy","medium-high (filename/path keyword match, content not read)","",""
3442,"package.json","old-digitex-erp-bell24h","Deployment;Infrastructure","Legacy","medium-high (filename/path keyword match, content not read)","",""
3443,"common.json","old-digitex-erp-bell24h","Deployment;Infrastructure","Legacy","medium-high (filename/path keyword match, content not read)","",""
3444,"temple-bell.mp3.txt","old-digitex-erp-bell24h","Deployment;Infrastructure","Legacy","medium-high (filename/path keyword match, content not read)","",""
3445,"tsconfig.json","old-digitex-erp-bell24h","Deployment;Infrastructure","Legacy","medium-high (filename/path keyword match, content not read)","",""
3446,"vercel.json","old-digitex-erp-bell24h","Deployment;Infrastructure","Legacy","medium-high (filename/path keyword match, content not read)","",""
3447,"vercel.json","old-digitex-erp-bell24h","Infrastructure;Deployment","Legacy","medium-high (filename/path keyword match, content not read)","",""
3448,"vercel.local.json","old-digitex-erp-bell24h","Infrastructure;Deployment","Legacy","medium-high (filename/path keyword match, content not read)","",""
3449,"vercel.production.json","old-digitex-erp-bell24h","Infrastructure;Deployment","Legacy","medium-high (filename/path keyword match, content not read)","",""
3450,"VERIFY-SITE-STATUS.md","old-digitex-erp-bell24h","Unknown","Legacy","low","",""
3451,"WHAT-IS-NEXT.md","old-digitex-erp-bell24h","Unknown","Legacy","low","",""
3452,"wrangler.toml","old-digitex-erp-bell24h","Unknown","Legacy","low","",""
3453,"🔥 BELL24h_ One-Page Brutal Truth.pdf","old-digitex-erp-bell24h","Unknown","Legacy","low","",""
3454,"🔥 BRUTAL TRUTH_ BELL24h Revenue Reality Check.pdf","old-digitex-erp-bell24h","Unknown","Legacy","low","",""
3455,"bell24h_audit_20250726_123214.txt","old-digitex-erp-bell24h","Documentation","Legacy","medium-high (filename/path keyword match, content not read)","",""
3456,"BELL24H_BLOCKCHAIN_DEPLOYMENT_GUIDE.md","old-digitex-erp-bell24h","Deployment;Infrastructure;Documentation;Architecture;AI","Legacy","medium-high (filename/path keyword match, content not read)","",""
3457,"BELL24H_BLOCKCHAIN_IMPLEMENTATION_COMPLETE.md","old-digitex-erp-bell24h","Implementation Plan;Architecture;AI","Legacy","medium-high (filename/path keyword match, content not read)","",""
3458,"BELL24H_BLOCKCHAIN_IMPLEMENTATION_PLAN.md","old-digitex-erp-bell24h","Implementation Plan;Architecture;AI","Legacy","medium-high (filename/path keyword match, content not read)","",""
3459,"BELL24H_COMPLETE_EVOLUTION_ROADMAP.md.pdf","old-digitex-erp-bell24h","Roadmap","Legacy","medium-high (filename/path keyword match, content not read)","",""
3460,"BELL24H_COMPREHENSIVE_AUDIT.md","old-digitex-erp-bell24h","Documentation","Legacy","medium-high (filename/path keyword match, content not read)","",""
3461,"BELL24H_COMPREHENSIVE_AUDIT_REPORT.md","old-digitex-erp-bell24h","Documentation","Legacy","medium-high (filename/path keyword match, content not read)","",""
3462,"BELL24H_CURRENT_STATUS.md","old-digitex-erp-bell24h","Unknown","Legacy","low","",""
3463,"BELL24H_DEPLOYMENT_SUCCESS_SUMMARY.md","old-digitex-erp-bell24h","Deployment;Infrastructure","Legacy","medium-high (filename/path keyword match, content not read)","",""
3464,"BELL24H_EMPIRE_100_PERCENT_COMPLETE.md","old-digitex-erp-bell24h","Unknown","Legacy","low","",""
3465,"BELL24H_FEATURES_COMPLETION_TABLE.md","old-digitex-erp-bell24h","Feature Specification","Legacy","medium-high (filename/path keyword match, content not read)","",""
3466,"BELL24H_LAUNCH_READY_COMPLETE.md","old-digitex-erp-bell24h","Unknown","Legacy","low","",""
3467,"BELL24H_MARKETING_CAMPAIGN_LAUNCH.md","old-digitex-erp-bell24h","Marketing","Legacy","medium-high (filename/path keyword match, content not read)","",""
3468,"BELL24H_PLANNED_VS_IMPLEMENTED_FEATURES.md","old-digitex-erp-bell24h","Feature Specification","Legacy","medium-high (filename/path keyword match, content not read)","",""
3469,"BELL24H_PLATFORM_RECOMMENDATION_REVISED.md.pdf","old-digitex-erp-bell24h","Unknown","Legacy","low","",""
3470,"BRANDING-NAVIGATION-AUDIT-REPORT.md","old-digitex-erp-bell24h","Branding;Documentation","Legacy","medium-high (filename/path keyword match, content not read)","",""
3471,"BRUTAL_FIX_SETUP.md","old-digitex-erp-bell24h","Documentation","Legacy","medium-high (filename/path keyword match, content not read)","",""
3472,"build_spec.yaml","old-digitex-erp-bell24h","Unknown","Legacy","low","",""
3473,"BUILD_STABILIZATION_TODO.md","old-digitex-erp-bell24h","Unknown","Legacy","low","",""
3474,"CATEGORIES_SOLUTION.md","old-digitex-erp-bell24h","Unknown","Legacy","low","",""
3475,"CHECK-BUILD-ON-VM.md","old-digitex-erp-bell24h","Unknown","Legacy","low","",""
3476,"check-build-via-ssh.ps1","old-digitex-erp-bell24h","Unknown","Legacy","low","",""
3477,"CHECK-DOCKER-BUILD-PROGRESS.sh","old-digitex-erp-bell24h","Infrastructure;DevOps","Legacy","medium-high (filename/path keyword match, content not read)","",""
3478,".env","old-digitex-erp-bell24h","Unknown","Legacy","low","",""
3479,".env.local.txt","old-digitex-erp-bell24h","Unknown","Legacy","low","",""
3480,".env.production","old-digitex-erp-bell24h","Unknown","Legacy","low","",""
3481,".eslintrc.json","old-digitex-erp-bell24h","Unknown","Legacy","low","",""
3482,"auto-categories.yml","old-digitex-erp-bell24h","DevOps;Automation","Legacy","medium-high (filename/path keyword match, content not read)","",""
3483,"auto-deploy.yml","old-digitex-erp-bell24h","Deployment;Infrastructure;DevOps;Automation","Legacy","medium-high (filename/path keyword match, content not read)","",""
3484,"ci.yml","old-digitex-erp-bell24h","DevOps;Automation","Legacy","medium-high (filename/path keyword match, content not read)","",""
3485,"deploy-bell24h.yml","old-digitex-erp-bell24h","Deployment;Infrastructure;DevOps;Automation","Legacy","medium-high (filename/path keyword match, content not read)","",""
3486,"AI_FEATURES_ANALYSIS.md","old-digitex-erp-bell24h","AI","Legacy","medium-high (filename/path keyword match, content not read)","",""
3487,"API_TESTING_GUIDE.md","old-digitex-erp-bell24h","Testing;QA;Documentation","Legacy","medium-high (filename/path keyword match, content not read)","",""
3488,"ARCHITECTURE_ANALYSIS.md","old-digitex-erp-bell24h","Architecture","Legacy","medium-high (filename/path keyword match, content not read)","",""
3489,"AUTOMATED_DEPLOYMENT_GUIDE.md","old-digitex-erp-bell24h","Deployment;Infrastructure;Documentation","Legacy","medium-high (filename/path keyword match, content not read)","",""
3490,"package-lock.json","old-digitex-erp-bell24h","Architecture;AI","Legacy","medium-high (filename/path keyword match, content not read)","",""
3491,"package.json","old-digitex-erp-bell24h","Architecture;AI","Legacy","medium-high (filename/path keyword match, content not read)","",""
3492,"check-tables.sql","old-digitex-erp-bell24h","Unknown","Legacy","low","",""
3493,"CLOUDFLARE_NAMESERVERS.txt","old-digitex-erp-bell24h","Infrastructure;Deployment","Legacy","medium-high (filename/path keyword match, content not read)","",""
3494,"COMPREHENSIVE_AUDIT.md","old-digitex-erp-bell24h","Documentation","Legacy","medium-high (filename/path keyword match, content not read)","",""
3495,"COMPREHENSIVE_SETUP_README.md","old-digitex-erp-bell24h","Documentation","Legacy","medium-high (filename/path keyword match, content not read)","",""
3496,"README.md","old-digitex-erp-bell24h","Testing;QA;Documentation","Legacy","medium-high (filename/path keyword match, content not read)","",""
3497,"deploy-fly.ps1","old-digitex-erp-bell24h","Deployment;Infrastructure","Legacy","medium-high (filename/path keyword match, content not read)","",""
3498,"deploy-to-vercel.ps1","old-digitex-erp-bell24h","Deployment;Infrastructure","Legacy","medium-high (filename/path keyword match, content not read)","",""
3499,"deploy.ps1","old-digitex-erp-bell24h","Deployment;Infrastructure","Legacy","medium-high (filename/path keyword match, content not read)","",""
3500,"deploy.sh","old-digitex-erp-bell24h","Deployment;Infrastructure","Legacy","medium-high (filename/path keyword match, content not read)","",""
3501,"docker-compose.production.yml","old-digitex-erp-bell24h","Infrastructure;DevOps;Deployment","Legacy","medium-high (filename/path keyword match, content not read)","",""
3502,"deployment-sepolia-1750821000242.json","old-digitex-erp-bell24h","Deployment;Infrastructure","Legacy","medium-high (filename/path keyword match, content not read)","",""
3503,"deployment-sepolia-1750821000382.json","old-digitex-erp-bell24h","Deployment;Infrastructure","Legacy","medium-high (filename/path keyword match, content not read)","",""
3504,"deployment-sepolia-1750821063711.json","old-digitex-erp-bell24h","Deployment;Infrastructure","Legacy","medium-high (filename/path keyword match, content not read)","",""
3505,"deployment-sepolia-1750821063886.json","old-digitex-erp-bell24h","Deployment;Infrastructure","Legacy","medium-high (filename/path keyword match, content not read)","",""
3506,"deployment-sepolia-1750873878414.json","old-digitex-erp-bell24h","Deployment;Infrastructure","Legacy","medium-high (filename/path keyword match, content not read)","",""
3507,"deployment-sepolia-1750873878506.json","old-digitex-erp-bell24h","Deployment;Infrastructure","Legacy","medium-high (filename/path keyword match, content not read)","",""
3508,"deployment-sepolia-1750874902251.json","old-digitex-erp-bell24h","Deployment;Infrastructure","Legacy","medium-high (filename/path keyword match, content not read)","",""
3509,"deployment-sepolia-1750874902415.json","old-digitex-erp-bell24h","Deployment;Infrastructure","Legacy","medium-high (filename/path keyword match, content not read)","",""
3510,"deployment-sepolia-1751339466284.json","old-digitex-erp-bell24h","Deployment;Infrastructure","Legacy","medium-high (filename/path keyword match, content not read)","",""
3511,"deployment-sepolia-1751339466399.json","old-digitex-erp-bell24h","Deployment;Infrastructure","Legacy","medium-high (filename/path keyword match, content not read)","",""
3512,"deployment-sepolia-1754075911920.json","old-digitex-erp-bell24h","Deployment;Infrastructure","Legacy","medium-high (filename/path keyword match, content not read)","",""
3513,"deployment-sepolia-1754075912202.json","old-digitex-erp-bell24h","Deployment;Infrastructure","Legacy","medium-high (filename/path keyword match, content not read)","",""
3514,"deployment-sepolia-1754076005060.json","old-digitex-erp-bell24h","Deployment;Infrastructure","Legacy","medium-high (filename/path keyword match, content not read)","",""
3515,"deployment-sepolia-1754076005378.json","old-digitex-erp-bell24h","Deployment;Infrastructure","Legacy","medium-high (filename/path keyword match, content not read)","",""
3516,"DEPLOYMENT_GUIDE.md","old-digitex-erp-bell24h","Deployment;Infrastructure;Documentation","Legacy","medium-high (filename/path keyword match, content not read)","",""
3517,"DEPLOYMENT_STATUS_UPDATE.md","old-digitex-erp-bell24h","Deployment;Infrastructure","Legacy","medium-high (filename/path keyword match, content not read)","",""
3518,"DEPLOYMENT_VERIFICATION_REPORT.md","old-digitex-erp-bell24h","Deployment;Infrastructure","Legacy","medium-high (filename/path keyword match, content not read)","",""
3519,"DNS_SETUP_GUIDE.txt","old-digitex-erp-bell24h","Infrastructure;DevOps;Documentation","Legacy","medium-high (filename/path keyword match, content not read)","",""
3520,"docker-compose.n8n.yml","old-digitex-erp-bell24h","Infrastructure;DevOps;Automation;n8n","Legacy","medium-high (filename/path keyword match, content not read)","",""
3521,"docker-compose.yml","old-digitex-erp-bell24h","Infrastructure;DevOps","Legacy","medium-high (filename/path keyword match, content not read)","",""
3522,"Dockerfile","old-digitex-erp-bell24h","Infrastructure;DevOps","Legacy","medium-high (filename/path keyword match, content not read)","",""
3523,"Dockerfile.n8n","old-digitex-erp-bell24h","Infrastructure;DevOps;Automation;n8n","Legacy","medium-high (filename/path keyword match, content not read)","",""
3524,"EMERGENCY_VERCEL_FIX.md","old-digitex-erp-bell24h","Infrastructure;Deployment","Legacy","medium-high (filename/path keyword match, content not read)","",""
3525,"env-example.txt","old-digitex-erp-bell24h","Unknown","Legacy","low","",""
3526,"FINAL_DOMAIN_SETUP.txt","old-digitex-erp-bell24h","Documentation","Legacy","medium-high (filename/path keyword match, content not read)","",""
3527,"FINAL_LAUNCH_SQL.sql","old-digitex-erp-bell24h","Unknown","Legacy","low","",""
3528,"FINAL_STATUS_REPORT.md","old-digitex-erp-bell24h","Unknown","Legacy","low","",""
3529,"FIXES_COMPLETE.md","old-digitex-erp-bell24h","Unknown","Legacy","low","",""
3530,"FLY-DEPLOYMENT-GUIDE.md","old-digitex-erp-bell24h","Deployment;Infrastructure;Documentation","Legacy","medium-high (filename/path keyword match, content not read)","",""
3531,"fly.toml","old-digitex-erp-bell24h","Unknown","Legacy","low","",""
3532,"HOMEPAGE_COMPLETE_STATUS.md","old-digitex-erp-bell24h","Unknown","Legacy","low","",""
3533,"HOW_TO_RUN.txt","old-digitex-erp-bell24h","Documentation","Legacy","medium-high (filename/path keyword match, content not read)","",""
3534,"lighthouse-mobile-baseline.json","old-digitex-erp-bell24h","Unknown","Legacy","low","",""
3535,"lighthouse-report.json","old-digitex-erp-bell24h","Unknown","Legacy","low","",""
3536,"LIVE_WEBSITE_VERIFICATION.md","old-digitex-erp-bell24h","Unknown","Legacy","low","",""
3537,"MIGRATION_PLAN.md","old-digitex-erp-bell24h","SQL Migration;Implementation Plan","Legacy","medium-high (filename/path keyword match, content not read)","",""
3538,"neon-config.json","old-digitex-erp-bell24h","Unknown","Legacy","low","",""
3539,"ONBOARDING_FIX_GUIDE.md","old-digitex-erp-bell24h","Documentation","Legacy","medium-high (filename/path keyword match, content not read)","",""
3540,"openai_key.txt","old-digitex-erp-bell24h","AI","Legacy","medium-high (filename/path keyword match, content not read)","",""
3541,"deploy.sh","old-digitex-erp-bell24h","API;Deployment;Infrastructure","Legacy","medium-high (filename/path keyword match, content not read)","",""
3542,"package.json","old-digitex-erp-bell24h","API;Deployment;Infrastructure","Legacy","medium-high (filename/path keyword match, content not read)","",""
3543,"deploy-all.sh","old-digitex-erp-bell24h","Deployment;Infrastructure","Legacy","medium-high (filename/path keyword match, content not read)","",""
3544,"deploy.sh","old-digitex-erp-bell24h","Deployment;Infrastructure","Legacy","medium-high (filename/path keyword match, content not read)","",""
3545,"main.py","old-digitex-erp-bell24h","Deployment;Infrastructure","Legacy","medium-high (filename/path keyword match, content not read)","",""
3546,"requirements.txt","old-digitex-erp-bell24h","Deployment;Infrastructure","Legacy","medium-high (filename/path keyword match, content not read)","",""
3547,"README.md","old-digitex-erp-bell24h","Deployment;Infrastructure;Documentation","Legacy","medium-high (filename/path keyword match, content not read)","",""
3548,"package-lock.json","old-digitex-erp-bell24h","Unknown","Legacy","low","",""
3549,"package.json","old-digitex-erp-bell24h","Unknown","Legacy","low","",""
3550,"PERFORMANCE_OPTIMIZATION.md","old-digitex-erp-bell24h","Unknown","Legacy","low","",""
3551,"PERFORMANCE_ROUTE_FIX_SUMMARY.md","old-digitex-erp-bell24h","Unknown","Legacy","low","",""
3552,"PRISMA_CASING_FIX_SUMMARY.md","old-digitex-erp-bell24h","Database","Legacy","medium-high (filename/path keyword match, content not read)","",""
3553,"production.env.template","old-digitex-erp-bell24h","Unknown","Legacy","low","",""
3554,"common.json","old-digitex-erp-bell24h","Unknown","Legacy","low","",""
3555,"dashboard.json","old-digitex-erp-bell24h","Unknown","Legacy","low","",""
3556,"manifest.json","old-digitex-erp-bell24h","Unknown","Legacy","low","",""
3557,"robots.txt","old-digitex-erp-bell24h","Unknown","Legacy","low","",""
3558,"QUICK_FIX_SUMMARY.md","old-digitex-erp-bell24h","Unknown","Legacy","low","",""
3559,"railway.env.example","old-digitex-erp-bell24h","Infrastructure;Deployment","Legacy","medium-high (filename/path keyword match, content not read)","",""
3560,"railway.json","old-digitex-erp-bell24h","Infrastructure;Deployment","Legacy","medium-high (filename/path keyword match, content not read)","",""
3561,"RETURNS_ARRAY_FIX_SUMMARY.md","old-digitex-erp-bell24h","Unknown","Legacy","low","",""
3562,"RISKMETRICS_FIX_SUMMARY.md","old-digitex-erp-bell24h","Unknown","Legacy","low","",""
3563,"run-comprehensive-setup.ps1","old-digitex-erp-bell24h","Documentation","Legacy","medium-high (filename/path keyword match, content not read)","",""
3564,"bulk-directory-submit.py","old-digitex-erp-bell24h","Unknown","Legacy","low","",""
3565,"deploy-n8n-cloud.sh","old-digitex-erp-bell24h","Deployment;Infrastructure;Automation;n8n","Legacy","medium-high (filename/path keyword match, content not read)","",""
3566,"deploy-n8n-production.sh","old-digitex-erp-bell24h","Deployment;Infrastructure;Automation;n8n","Legacy","medium-high (filename/path keyword match, content not read)","",""
3567,"generate_categories.py","old-digitex-erp-bell24h","Unknown","Legacy","low","",""
3568,"security-audit.json","old-digitex-erp-bell24h","Security;Authentication;Documentation","Legacy","medium-high (filename/path keyword match, content not read)","",""
3569,"SENTIMENT_FIX_SUMMARY.md","old-digitex-erp-bell24h","Unknown","Legacy","low","",""
3570,"STATUS_REPORT.md","old-digitex-erp-bell24h","Unknown","Legacy","low","",""
3571,"STOCK_DATA_FIX_SUMMARY.md","old-digitex-erp-bell24h","Unknown","Legacy","low","",""
3572,"supabase-schema.sql","old-digitex-erp-bell24h","Unknown","Legacy","low","",""
3573,"test-apis.ps1","old-digitex-erp-bell24h","Testing;QA","Legacy","medium-high (filename/path keyword match, content not read)","",""
3574,"test-build.ps1","old-digitex-erp-bell24h","Testing;QA","Legacy","medium-high (filename/path keyword match, content not read)","",""
3575,"test-website.ps1","old-digitex-erp-bell24h","Testing;QA","Legacy","medium-high (filename/path keyword match, content not read)","",""
3576,"THEME_UPDATE_COMPLETE.md","old-digitex-erp-bell24h","Unknown","Legacy","low","",""
3577,"tsconfig.json","old-digitex-erp-bell24h","Unknown","Legacy","low","",""
3578,"TYPESCRIPT_FIXES_SUMMARY.md","old-digitex-erp-bell24h","Unknown","Legacy","low","",""
3579,"TYPE_MISMATCH_FIX_SUMMARY.md","old-digitex-erp-bell24h","Unknown","Legacy","low","",""
3580,"UPDATE_NAMESERVERS.txt","old-digitex-erp-bell24h","Unknown","Legacy","low","",""
3581,"user_profiles_schema.sql","old-digitex-erp-bell24h","Unknown","Legacy","low","",""
3582,"VERCEL-ENVIRONMENT-SETUP.md","old-digitex-erp-bell24h","Infrastructure;Deployment;Documentation","Legacy","medium-high (filename/path keyword match, content not read)","",""
3583,"vercel.json","old-digitex-erp-bell24h","Infrastructure;Deployment","Legacy","medium-high (filename/path keyword match, content not read)","",""
3584,"VERCEL_BUILD_FIX_SUMMARY.md","old-digitex-erp-bell24h","Infrastructure;Deployment","Legacy","medium-high (filename/path keyword match, content not read)","",""
3585,"VIDEO_RFQ_FIXED.txt","old-digitex-erp-bell24h","RFQ","Legacy","medium-high (filename/path keyword match, content not read)","",""
3586,"VOICE_RFQ_FIXED.txt","old-digitex-erp-bell24h","RFQ","Legacy","medium-high (filename/path keyword match, content not read)","",""
3587,"client-tsconfig.json","old-digitex-erp-bell24h","Unknown","Legacy","low","",""
3588,"client_secret_2_1044360968417-avn6r7navbtelcvocsauv7j6ck6egvnl.apps.googleusercontent.com.json","old-digitex-erp-bell24h","Unknown","Legacy","low","",""
3589,"CLOUDFLARE-BUILD-COMMAND-CLARIFICATION.md","old-digitex-erp-bell24h","Infrastructure;Deployment","Legacy","medium-high (filename/path keyword match, content not read)","",""
3590,"CLOUDFLARE-DNS-QUICK-FIX.md","old-digitex-erp-bell24h","Infrastructure;Deployment;DevOps","Legacy","medium-high (filename/path keyword match, content not read)","",""
3591,"CLOUDFLARE-PAGES-BUILD-FIX.md","old-digitex-erp-bell24h","Infrastructure;Deployment","Legacy","medium-high (filename/path keyword match, content not read)","",""
3592,"cloudflare-pages-config.json","old-digitex-erp-bell24h","Infrastructure;Deployment","Legacy","medium-high (filename/path keyword match, content not read)","",""
3593,"CLOUDFLARE-PAGES-FINAL-FIX.md","old-digitex-erp-bell24h","Infrastructure;Deployment","Legacy","medium-high (filename/path keyword match, content not read)","",""
3594,"CLOUDFLARE-PAGES-NEXT-STEPS.md","old-digitex-erp-bell24h","Infrastructure;Deployment","Legacy","medium-high (filename/path keyword match, content not read)","",""
3595,"CLOUDFLARE-PAGES-SETTINGS-FIX.md","old-digitex-erp-bell24h","Infrastructure;Deployment","Legacy","medium-high (filename/path keyword match, content not read)","",""
3596,"CLOUDFLARE-PAGES-SETUP.md","old-digitex-erp-bell24h","Infrastructure;Deployment;Documentation","Legacy","medium-high (filename/path keyword match, content not read)","",""
3597,"CLOUDFLARE-PAGES-TEST.md","old-digitex-erp-bell24h","Infrastructure;Deployment;Testing;QA","Legacy","medium-high (filename/path keyword match, content not read)","",""
3598,"CLOUDFLARE-SETUP-STEP-BY-STEP.md","old-digitex-erp-bell24h","Infrastructure;Deployment;Documentation","Legacy","medium-high (filename/path keyword match, content not read)","",""
3599,"commit-and-push-fix.ps1","old-digitex-erp-bell24h","Unknown","Legacy","low","",""
3600,"COMPANY_PROFILE_CLAIMING_IMPLEMENTATION_COMPLETE.md","old-digitex-erp-bell24h","Implementation Plan","Legacy","medium-high (filename/path keyword match, content not read)","",""
3601,"COMPANY_PROFILE_CLAIMING_SUMMARY.md","old-digitex-erp-bell24h","Unknown","Legacy","low","",""
3602,"COMPLETE-AUTOMATIC-DEPLOY.ps1","old-digitex-erp-bell24h","Deployment;Infrastructure","Legacy","medium-high (filename/path keyword match, content not read)","",""
3603,"complete-database-setup-400-categories.sql","old-digitex-erp-bell24h","Documentation","Legacy","medium-high (filename/path keyword match, content not read)","",""
3604,"complete-database-setup.sql","old-digitex-erp-bell24h","Documentation","Legacy","medium-high (filename/path keyword match, content not read)","",""
3605,"COMPLETE-DEPLOYMENT.ps1","old-digitex-erp-bell24h","Deployment;Infrastructure","Legacy","medium-high (filename/path keyword match, content not read)","",""
3606,"COMPLETE-FEATURE-INVENTORY.md","old-digitex-erp-bell24h","Feature Specification","Legacy","medium-high (filename/path keyword match, content not read)","",""
3607,"COMPLETE_AUTOMATED_FIX_SUMMARY.md","old-digitex-erp-bell24h","Unknown","Legacy","low","",""
3608,"COMPLETE_DEPLOYMENT_ANALYSIS.md","old-digitex-erp-bell24h","Deployment;Infrastructure","Legacy","medium-high (filename/path keyword match, content not read)","",""
3609,"COMPLETE_PROJECT_REBUILD.cjs","old-digitex-erp-bell24h","Unknown","Legacy","low","",""
3610,"COMPLETE_SETUP_SUMMARY.md","old-digitex-erp-bell24h","Documentation","Legacy","medium-high (filename/path keyword match, content not read)","",""
3611,"composer.json","old-digitex-erp-bell24h","Unknown","Legacy","low","",""
3612,"COMPREHENSIVE-AUDIT-REPORT.md","old-digitex-erp-bell24h","Documentation","Legacy","medium-high (filename/path keyword match, content not read)","",""
3613,"COMPREHENSIVE-FIX.ps1","old-digitex-erp-bell24h","Unknown","Legacy","low","",""
3614,"COMPREHENSIVE-PROJECT-AUDIT-2025.md","old-digitex-erp-bell24h","Documentation","Legacy","medium-high (filename/path keyword match, content not read)","",""
3615,"COMPREHENSIVE-PROJECT-AUDIT-AND-ASSESSMENT.md","old-digitex-erp-bell24h","Documentation","Legacy","medium-high (filename/path keyword match, content not read)","",""
3616,"COMPREHENSIVE_AUDIT_REPORT.md","old-digitex-erp-bell24h","Documentation","Legacy","medium-high (filename/path keyword match, content not read)","",""
3617,"COMPREHENSIVE_MCP_AUDIT_REPORT.md","old-digitex-erp-bell24h","Documentation","Legacy","medium-high (filename/path keyword match, content not read)","",""
3618,"COMPREHENSIVE_MCP_AUDIT_REPORT_FINAL.md","old-digitex-erp-bell24h","Documentation","Legacy","medium-high (filename/path keyword match, content not read)","",""
3619,"COPY-PASTE-COMMANDS.txt","old-digitex-erp-bell24h","Unknown","Legacy","low","",""
3620,"COPY_PASTE_DEPLOYMENT.txt","old-digitex-erp-bell24h","Deployment;Infrastructure","Legacy","medium-high (filename/path keyword match, content not read)","",""
3621,"CURRENT-STATUS-AND-NEXT-STEPS.md","old-digitex-erp-bell24h","Unknown","Legacy","low","",""
3622,"cursor-mcp-config.json","old-digitex-erp-bell24h","Unknown","Legacy","low","",""
3623,"CURSOR-MCP-HYBRID-INTEGRATION.md","old-digitex-erp-bell24h","Unknown","Legacy","low","",""
3624,"CURSOR-MCP-INTEGRATION-COMPLETE-REPORT.md","old-digitex-erp-bell24h","Unknown","Legacy","low","",""
3625,"CURSOR-MCP-INTEGRATION-GUIDE.md","old-digitex-erp-bell24h","Documentation","Legacy","medium-high (filename/path keyword match, content not read)","",""
3626,"CURSOR-MCP-USAGE.md","old-digitex-erp-bell24h","Unknown","Legacy","low","",""
3627,"cursor_settings.json","old-digitex-erp-bell24h","Unknown","Legacy","low","",""
3628,"CYPRESS_FIX_SUMMARY.md","old-digitex-erp-bell24h","Testing;QA","Legacy","medium-high (filename/path keyword match, content not read)","",""
3629,"DASHBOARD-AUDIT-COMPLETE.md","old-digitex-erp-bell24h","Documentation","Legacy","medium-high (filename/path keyword match, content not read)","",""
3630,"DASHBOARD-FIX-COMPLETE.md","old-digitex-erp-bell24h","Unknown","Legacy","low","",""
3631,"DASHBOARD-QUICK-ACCESS-GUIDE.md","old-digitex-erp-bell24h","Documentation","Legacy","medium-high (filename/path keyword match, content not read)","",""
3632,"DAY2_COMPLETION_SUMMARY.md","old-digitex-erp-bell24h","Unknown","Legacy","low","",""
3633,"DAY2_SETUP_INSTRUCTIONS.md","old-digitex-erp-bell24h","Documentation","Legacy","medium-high (filename/path keyword match, content not read)","",""
3634,"DELETE-CNAME-ADD-A-RECORD.md","old-digitex-erp-bell24h","Unknown","Legacy","low","",""
3635,"DEMO-LOGIN-GUIDE.md","old-digitex-erp-bell24h","Documentation","Legacy","medium-high (filename/path keyword match, content not read)","",""
3636,"deploy-2step-verification.ps1","old-digitex-erp-bell24h","Deployment;Infrastructure","Legacy","medium-high (filename/path keyword match, content not read)","",""
3637,"DEPLOY-CLOUDFLARE-PAGES.md","old-digitex-erp-bell24h","Deployment;Infrastructure","Legacy","medium-high (filename/path keyword match, content not read)","",""
3638,"deploy-fast-html-site.ps1","old-digitex-erp-bell24h","Deployment;Infrastructure","Legacy","medium-high (filename/path keyword match, content not read)","",""
3639,"deploy-html-clean.ps1","old-digitex-erp-bell24h","Deployment;Infrastructure","Legacy","medium-high (filename/path keyword match, content not read)","",""
3640,"deploy-html-fast-site-fixed.ps1","old-digitex-erp-bell24h","Deployment;Infrastructure","Legacy","medium-high (filename/path keyword match, content not read)","",""
3641,"deploy-html-fast-site.ps1","old-digitex-erp-bell24h","Deployment;Infrastructure","Legacy","medium-high (filename/path keyword match, content not read)","",""
3642,"deploy-mobile-otp-registration-flow.ps1","old-digitex-erp-bell24h","Deployment;Infrastructure","Legacy","medium-high (filename/path keyword match, content not read)","",""
3643,"deploy-now.ps1","old-digitex-erp-bell24h","Deployment;Infrastructure","Legacy","medium-high (filename/path keyword match, content not read)","",""
3644,"DEPLOY-NOW.txt","old-digitex-erp-bell24h","Deployment;Infrastructure","Legacy","medium-high (filename/path keyword match, content not read)","",""
3645,"deploy-oracle-vm.sh","old-digitex-erp-bell24h","Deployment;Infrastructure","Legacy","medium-high (filename/path keyword match, content not read)","",""
3646,"deploy-script.sh","old-digitex-erp-bell24h","Deployment;Infrastructure","Legacy","medium-high (filename/path keyword match, content not read)","",""
3647,"deployment-config.json","old-digitex-erp-bell24h","Deployment;Infrastructure","Legacy","medium-high (filename/path keyword match, content not read)","",""
3648,"DEPLOYMENT-CRASH-AUDIT-AND-FIX.md","old-digitex-erp-bell24h","Deployment;Infrastructure;Documentation","Legacy","medium-high (filename/path keyword match, content not read)","",""
3649,"deployment-protection.cjs","old-digitex-erp-bell24h","Deployment;Infrastructure","Legacy","medium-high (filename/path keyword match, content not read)","",""
3650,"DEPLOYMENT-STATUS-AND-FIX.md","old-digitex-erp-bell24h","Deployment;Infrastructure","Legacy","medium-high (filename/path keyword match, content not read)","",""
3651,"DEPLOYMENT-STATUS.md","old-digitex-erp-bell24h","Deployment;Infrastructure","Legacy","medium-high (filename/path keyword match, content not read)","",""
3652,"DEPLOYMENT.md","old-digitex-erp-bell24h","Deployment;Infrastructure","Legacy","medium-high (filename/path keyword match, content not read)","",""
3653,"DEPLOYMENT_ACTION_PLAN.txt","old-digitex-erp-bell24h","Deployment;Infrastructure","Legacy","medium-high (filename/path keyword match, content not read)","",""
3654,"DEPLOYMENT_CHECKLIST.md","old-digitex-erp-bell24h","Deployment;Infrastructure;Documentation","Legacy","medium-high (filename/path keyword match, content not read)","",""
3655,"DEPLOYMENT_FIX_COMPLETE.md","old-digitex-erp-bell24h","Deployment;Infrastructure","Legacy","medium-high (filename/path keyword match, content not read)","",""
3656,"DEPLOYMENT_VERIFICATION_GUIDE.md","old-digitex-erp-bell24h","Deployment;Infrastructure;Documentation","Legacy","medium-high (filename/path keyword match, content not read)","",""
3657,"deploy_existing_500_pages.ps1","old-digitex-erp-bell24h","Deployment;Infrastructure","Legacy","medium-high (filename/path keyword match, content not read)","",""
3658,"deploy_hero_fix.ps1","old-digitex-erp-bell24h","Deployment;Infrastructure","Legacy","medium-high (filename/path keyword match, content not read)","",""
3659,"deploy_homepage_fix.ps1","old-digitex-erp-bell24h","Deployment;Infrastructure","Legacy","medium-high (filename/path keyword match, content not read)","",""
3660,"DETAILED-FILE-INVENTORY-2025.md","old-digitex-erp-bell24h","Unknown","Legacy","low","",""
3661,"DIAGNOSE-502-ERROR.sh","old-digitex-erp-bell24h","Unknown","Legacy","low","",""
3662,"disable-all-failing-workflows.ps1","old-digitex-erp-bell24h","Automation","Legacy","medium-high (filename/path keyword match, content not read)","",""
3663,"disable-webthinker.ps1","old-digitex-erp-bell24h","Unknown","Legacy","low","",""
3664,"DNS-COMPLETE-NEXT-STEPS.md","old-digitex-erp-bell24h","Infrastructure;DevOps","Legacy","medium-high (filename/path keyword match, content not read)","",""
3665,"DOCKER-BUILD-NOT-FROZEN-GUIDE.md","old-digitex-erp-bell24h","Infrastructure;DevOps;Documentation","Legacy","medium-high (filename/path keyword match, content not read)","",""
3666,"docker-compose.debug.yml","old-digitex-erp-bell24h","Infrastructure;DevOps","Legacy","medium-high (filename/path keyword match, content not read)","",""
3667,"docker-compose.perplexity.yml","old-digitex-erp-bell24h","Infrastructure;DevOps","Legacy","medium-high (filename/path keyword match, content not read)","",""
3668,"docker-compose.yml","old-digitex-erp-bell24h","Infrastructure;DevOps","Legacy","medium-high (filename/path keyword match, content not read)","",""
3669,"Dockerfile","old-digitex-erp-bell24h","Infrastructure;DevOps","Legacy","medium-high (filename/path keyword match, content not read)","",""
3670,"Dockerfile.client","old-digitex-erp-bell24h","Infrastructure;DevOps","Legacy","medium-high (filename/path keyword match, content not read)","",""
3671,"Dockerfile.final","old-digitex-erp-bell24h","Infrastructure;DevOps","Legacy","medium-high (filename/path keyword match, content not read)","",""
3672,"Dockerfile.fixed","old-digitex-erp-bell24h","Infrastructure;DevOps","Legacy","medium-high (filename/path keyword match, content not read)","",""
3673,"Dockerfile.oracle","old-digitex-erp-bell24h","Infrastructure;DevOps;Deployment","Legacy","medium-high (filename/path keyword match, content not read)","",""
3674,"Dockerfile.oracle-fixed","old-digitex-erp-bell24h","Infrastructure;DevOps;Deployment","Legacy","medium-high (filename/path keyword match, content not read)","",""
3675,"swagger.json","old-digitex-erp-bell24h","API","Legacy","medium-high (filename/path keyword match, content not read)","",""
3676,"BELL24H_SUPPLIER_ACQUISITION_ENGINE_V2.md","old-digitex-erp-bell24h","Supplier","Legacy","medium-high (filename/path keyword match, content not read)","",""
3677,"openapi.yaml","old-digitex-erp-bell24h","Unknown","Legacy","low","",""
3678,"PRODUCTION_SETUP.md","old-digitex-erp-bell24h","Documentation","Legacy","medium-high (filename/path keyword match, content not read)","",""
3679,"README_EXPORT_SUMMARY.txt","old-digitex-erp-bell24h","Documentation","Legacy","medium-high (filename/path keyword match, content not read)","",""
3680,"package.json","old-digitex-erp-bell24h","Unknown","Legacy","low","",""
3681,"e2e-test-mobile-otp.ps1","old-digitex-erp-bell24h","Testing;QA","Legacy","medium-high (filename/path keyword match, content not read)","",""
3682,"E2E_TESTING_CHECKLIST.md","old-digitex-erp-bell24h","Testing;QA;Documentation","Legacy","medium-high (filename/path keyword match, content not read)","",""
3683,"ECG-MARKETING-IMPLEMENTATION-PLAN.md","old-digitex-erp-bell24h","Implementation Plan;Marketing","Legacy","medium-high (filename/path keyword match, content not read)","",""
3684,"EMERGENCY-502-FIX-SCRIPT.sh","old-digitex-erp-bell24h","Unknown","Legacy","low","",""
3685,"ENABLE-HTTPS-CLOUDFLARE.md","old-digitex-erp-bell24h","Infrastructure;Deployment;DevOps","Legacy","medium-high (filename/path keyword match, content not read)","",""
3686,"env-list.txt","old-digitex-erp-bell24h","Unknown","Legacy","low","",""
3687,"EVERYTHING-WORKING-WAIT-FOR-SSL.md","old-digitex-erp-bell24h","Infrastructure;DevOps","Legacy","medium-high (filename/path keyword match, content not read)","",""
3688,"explain_api.py","old-digitex-erp-bell24h","Unknown","Legacy","low","",""
3689,"FEATURE-COMPARISON-TABLE.md","old-digitex-erp-bell24h","Feature Specification","Legacy","medium-high (filename/path keyword match, content not read)","",""
3690,"FEATURE-COMPLETENESS-ANALYSIS.md","old-digitex-erp-bell24h","Unknown","Legacy","low","",""
3691,"features_list.txt","old-digitex-erp-bell24h","Unknown","Legacy","low","",""
3692,"FINAL-521-FIX.md","old-digitex-erp-bell24h","Unknown","Legacy","low","",""
3693,"FINAL-AUDIT-SUMMARY-2025.md","old-digitex-erp-bell24h","Documentation","Legacy","medium-high (filename/path keyword match, content not read)","",""
3694,"FINAL-FEATURE-COMPARISON.md","old-digitex-erp-bell24h","Feature Specification","Legacy","medium-high (filename/path keyword match, content not read)","",""
3695,"FINAL-STATUS-REPORT.md","old-digitex-erp-bell24h","Unknown","Legacy","low","",""
3696,"FINAL_DEPLOYMENT_ORDER.md","old-digitex-erp-bell24h","Deployment;Infrastructure","Legacy","medium-high (filename/path keyword match, content not read)","",""
3697,"FINAL_DEPLOYMENT_STATUS_REPORT.md","old-digitex-erp-bell24h","Deployment;Infrastructure","Legacy","medium-high (filename/path keyword match, content not read)","",""
3698,"find-server-port.cjs","old-digitex-erp-bell24h","Unknown","Legacy","low","",""
3699,"FIX-404-DNS-GUIDE.md","old-digitex-erp-bell24h","Infrastructure;DevOps;Documentation","Legacy","medium-high (filename/path keyword match, content not read)","",""
3700,"FIX-502-ERROR.sh","old-digitex-erp-bell24h","Unknown","Legacy","low","",""
3701,"FIX-521-ERROR.sh","old-digitex-erp-bell24h","Unknown","Legacy","low","",""
3702,"FIX-521-QUICK-FIX.md","old-digitex-erp-bell24h","Unknown","Legacy","low","",""
3703,"fix-build-error.sh","old-digitex-erp-bell24h","Unknown","Legacy","low","",""
3704,"FIX-BUILD-NOW.md","old-digitex-erp-bell24h","Unknown","Legacy","low","",""
3705,"FIX-CLOUDFLARE-521-ERROR.md","old-digitex-erp-bell24h","Infrastructure;Deployment","Legacy","medium-high (filename/path keyword match, content not read)","",""
3706,"FIX-CLOUDFLARE-AUTO.ps1","old-digitex-erp-bell24h","Infrastructure;Deployment","Legacy","medium-high (filename/path keyword match, content not read)","",""
3707,"FIX-CLOUDFLARE-BUILD-FAILURE.md","old-digitex-erp-bell24h","Infrastructure;Deployment","Legacy","medium-high (filename/path keyword match, content not read)","",""
3708,"FIX-CLOUDFLARE-DNS-CONFLICT.md","old-digitex-erp-bell24h","Infrastructure;Deployment;DevOps","Legacy","medium-high (filename/path keyword match, content not read)","",""
3709,"FIX-CLOUDFLARE-FINAL.ps1","old-digitex-erp-bell24h","Infrastructure;Deployment","Legacy","medium-high (filename/path keyword match, content not read)","",""
3710,"FIX-CLOUDFLARE-MANUAL.txt","old-digitex-erp-bell24h","Infrastructure;Deployment","Legacy","medium-high (filename/path keyword match, content not read)","",""
3711,"FIX-CLOUDFLARE-PAGES-404.md","old-digitex-erp-bell24h","Infrastructure;Deployment","Legacy","medium-high (filename/path keyword match, content not read)","",""
3712,"FIX-CLOUDFLARE-SUBMODULES.ps1","old-digitex-erp-bell24h","Infrastructure;Deployment","Legacy","medium-high (filename/path keyword match, content not read)","",""
3713,"fix-cloudflare.ps1","old-digitex-erp-bell24h","Infrastructure;Deployment","Legacy","medium-high (filename/path keyword match, content not read)","",""
3714,"FIX-CONNECTION-TIMEOUT.md","old-digitex-erp-bell24h","Unknown","Legacy","low","",""
3715,"FIX-DASHBOARD-COMPLETE-GUIDE.md","old-digitex-erp-bell24h","Documentation","Legacy","medium-high (filename/path keyword match, content not read)","",""
3716,"FIX-DISK-SPACE-AND-NGINX.sh","old-digitex-erp-bell24h","Unknown","Legacy","low","",""
3717,"FIX-DNS-APP-N8N.md","old-digitex-erp-bell24h","Infrastructure;DevOps;Automation;n8n","Legacy","medium-high (filename/path keyword match, content not read)","",""
3718,"FIX-DOCKER-BUILD-STANDALONE-ERROR.md","old-digitex-erp-bell24h","Infrastructure;DevOps","Legacy","medium-high (filename/path keyword match, content not read)","",""
3719,"fix-docker-build.sh","old-digitex-erp-bell24h","Infrastructure;DevOps","Legacy","medium-high (filename/path keyword match, content not read)","",""
3720,"fix-github-actions.ps1","old-digitex-erp-bell24h","DevOps","Legacy","medium-high (filename/path keyword match, content not read)","",""
3721,"FIX-GITHUB-PUSH-FINAL.ps1","old-digitex-erp-bell24h","Unknown","Legacy","low","",""
3722,"FIX-GITHUB-SECRET.md","old-digitex-erp-bell24h","Unknown","Legacy","low","",""
3723,"FIX-LOGIN-COOKIE.md","old-digitex-erp-bell24h","Unknown","Legacy","low","",""
3724,"fix-lucide-imports.ps1","old-digitex-erp-bell24h","Unknown","Legacy","low","",""
3725,"FIX-MERGE-CONFLICTS.ps1","old-digitex-erp-bell24h","Unknown","Legacy","low","",""
3726,"FIX-MISSING-PAGES.md","old-digitex-erp-bell24h","Unknown","Legacy","low","",""
3727,"FIX-N8N-502.sh","old-digitex-erp-bell24h","Automation;n8n","Legacy","medium-high (filename/path keyword match, content not read)","",""
3728,"FIX-NODE-MODULES-SUBMODULE.ps1","old-digitex-erp-bell24h","Unknown","Legacy","low","",""
3729,"FIX-PORT-80-CONFLICT.sh","old-digitex-erp-bell24h","Unknown","Legacy","low","",""
3730,"FIX-PORT-80-QUICK.txt","old-digitex-erp-bell24h","Unknown","Legacy","low","",""
3731,"FIX-PUSH-ERROR.ps1","old-digitex-erp-bell24h","Unknown","Legacy","low","",""
3732,"FIX-RECURSIVE-BUILD-ERROR.md","old-digitex-erp-bell24h","Unknown","Legacy","low","",""
3733,"fix-secret.sh","old-digitex-erp-bell24h","Unknown","Legacy","low","",""
3734,"FIX-SSH-KEY-ISSUE.md","old-digitex-erp-bell24h","Unknown","Legacy","low","",""
3735,"FIX-SSL-AND-N8N.md","old-digitex-erp-bell24h","Infrastructure;DevOps;Automation;n8n","Legacy","medium-high (filename/path keyword match, content not read)","",""
3736,"FIX-SUBMODULE-CLOUDFLARE.md","old-digitex-erp-bell24h","Infrastructure;Deployment","Legacy","medium-high (filename/path keyword match, content not read)","",""
3737,"FIX-SUBMODULE-ERROR-FINAL.ps1","old-digitex-erp-bell24h","Unknown","Legacy","low","",""
3738,"FIX-SUBMODULES-COMPLETE.ps1","old-digitex-erp-bell24h","Unknown","Legacy","low","",""
3739,"FIX-SUPPLIERS-PAGE-ERROR.md","old-digitex-erp-bell24h","Supplier","Legacy","medium-high (filename/path keyword match, content not read)","",""
3740,"fix-unescaped-entities.ps1","old-digitex-erp-bell24h","Unknown","Legacy","low","",""
3741,"FIXES_APPLIED.md","old-digitex-erp-bell24h","Unknown","Legacy","low","",""
3742,"fix_build_error.ps1","old-digitex-erp-bell24h","Unknown","Legacy","low","",""
3743,"fix_build_errors.ps1","old-digitex-erp-bell24h","Unknown","Legacy","low","",""
3744,"fix_build_error_final.ps1","old-digitex-erp-bell24h","Unknown","Legacy","low","",""
3745,"fix_icons.ps1","old-digitex-erp-bell24h","Unknown","Legacy","low","",""
3746,"force-push-all.ps1","old-digitex-erp-bell24h","Unknown","Legacy","low","",""
3747,"GITHUB-ACTIONS-SETUP.md","old-digitex-erp-bell24h","DevOps;Documentation","Legacy","medium-high (filename/path keyword match, content not read)","",""
3748,"GITHUB-ORACLE-AUTO-DEPLOY-GUIDE.md","old-digitex-erp-bell24h","Deployment;Infrastructure;Documentation","Legacy","medium-high (filename/path keyword match, content not read)","",""
3749,"github-setup-commands.txt","old-digitex-erp-bell24h","Documentation","Legacy","medium-high (filename/path keyword match, content not read)","",""
3750,"gitkraken.env","old-digitex-erp-bell24h","Unknown","Legacy","low","",""
3751,"GIT_REPOSITORY_FIX_COMPLETE.md","old-digitex-erp-bell24h","Unknown","Legacy","low","",""
3752,"hardhat.config.cjs","old-digitex-erp-bell24h","Architecture;AI","Legacy","medium-high (filename/path keyword match, content not read)","",""
3753,"hell -ExecutionPolicy Bypass -File commit-and-push-fix.ps1","old-digitex-erp-bell24h","Unknown","Legacy","low","",""
3754,"HOMEPAGE_BUILD_COMPLETE.md","old-digitex-erp-bell24h","Unknown","Legacy","low","",""
3755,"HYBRID-APPROACH-COMPLETE-GUIDE.md","old-digitex-erp-bell24h","Documentation","Legacy","medium-high (filename/path keyword match, content not read)","",""
3756,"IMMEDIATE-502-FIX.sh","old-digitex-erp-bell24h","Unknown","Legacy","low","",""
3757,"IMMEDIATE-FIX-COMMANDS.txt","old-digitex-erp-bell24h","Unknown","Legacy","low","",""
3758,"jest.config.cjs","old-digitex-erp-bell24h","Unknown","Legacy","low","",""
3759,"jest.integration.config.cjs","old-digitex-erp-bell24h","Unknown","Legacy","low","",""
3760,"JSON-SYNTAX-ERROR-FIX-REPORT.md","old-digitex-erp-bell24h","Unknown","Legacy","low","",""
3761,"LAUNCH_DAY_SCHEDULE.md","old-digitex-erp-bell24h","Unknown","Legacy","low","",""
3762,"LAUNCH_PREPARATION_NOV_22.md","old-digitex-erp-bell24h","Unknown","Legacy","low","",""
3763,"LAUNCH_READY_SUMMARY.md","old-digitex-erp-bell24h","Unknown","Legacy","low","",""
3764,"LAUNCH_SOCIAL_MEDIA_POSTS.md","old-digitex-erp-bell24h","Unknown","Legacy","low","",""
3765,"package-lock.json","old-digitex-erp-bell24h","Testing;QA","Legacy","medium-high (filename/path keyword match, content not read)","",""
3766,"package.json","old-digitex-erp-bell24h","Testing;QA","Legacy","medium-high (filename/path keyword match, content not read)","",""
3767,"tsconfig.json","old-digitex-erp-bell24h","Testing;QA","Legacy","medium-high (filename/path keyword match, content not read)","",""
3768,"LOCAL_SETUP_GUIDE.md","old-digitex-erp-bell24h","Documentation","Legacy","medium-high (filename/path keyword match, content not read)","",""
3769,"MANUAL-FIX-COMMANDS.txt","old-digitex-erp-bell24h","Unknown","Legacy","low","",""
3770,"MANUAL-SSL-SETUP-STEPS.md","old-digitex-erp-bell24h","Infrastructure;DevOps;Documentation","Legacy","medium-high (filename/path keyword match, content not read)","",""
3771,"MANUAL_GITKRAKEN_SETUP.txt","old-digitex-erp-bell24h","Documentation","Legacy","medium-high (filename/path keyword match, content not read)","",""
3772,"whatsapp-messages.txt","old-digitex-erp-bell24h","Marketing","Legacy","medium-high (filename/path keyword match, content not read)","",""
3773,"MARKETING_PLAN_COMPANY_PROFILE_CLAIMING.md","old-digitex-erp-bell24h","Marketing","Legacy","medium-high (filename/path keyword match, content not read)","",""
3774,"mcp-gitkraken.json","old-digitex-erp-bell24h","Unknown","Legacy","low","",""
3775,"mcp_config.json","old-digitex-erp-bell24h","Unknown","Legacy","low","",""
3776,"MIGRATION-CLOUDFLARE-PAGES.md","old-digitex-erp-bell24h","SQL Migration;Implementation Plan;Infrastructure;Deployment","Legacy","medium-high (filename/path keyword match, content not read)","",""
3777,"MIGRATION_ACTION_PLAN.txt","old-digitex-erp-bell24h","SQL Migration;Implementation Plan","Legacy","medium-high (filename/path keyword match, content not read)","",""
3778,"MINIMAX_SETUP.md","old-digitex-erp-bell24h","AI;Documentation","Legacy","medium-high (filename/path keyword match, content not read)","",""
3779,"mobile-otp-only-deploy.ps1","old-digitex-erp-bell24h","Deployment;Infrastructure","Legacy","medium-high (filename/path keyword match, content not read)","",""
3780,"MOBILE_OTP_ERROR_HANDLING.md","old-digitex-erp-bell24h","Unknown","Legacy","low","",""
3781,"MOVE-TO-PORT-80.md","old-digitex-erp-bell24h","Unknown","Legacy","low","",""
3782,"MSG91_INTEGRATION_COMPLETE.md","old-digitex-erp-bell24h","Unknown","Legacy","low","",""
3783,"MSG91_QUICK_SETUP.md","old-digitex-erp-bell24h","Documentation","Legacy","medium-high (filename/path keyword match, content not read)","",""
3784,"MSG91_SETUP_COMPLETE.md","old-digitex-erp-bell24h","Documentation","Legacy","medium-high (filename/path keyword match, content not read)","",""
3785,"MSG91_VIDEO_IMPLEMENTATION_COMPLETE.md","old-digitex-erp-bell24h","Implementation Plan","Legacy","medium-high (filename/path keyword match, content not read)","",""
3786,"bell24h-integration.workflow.json","old-digitex-erp-bell24h","Automation;n8n","Legacy","medium-high (filename/path keyword match, content not read)","",""
3787,"category-analytics.workflow.json","old-digitex-erp-bell24h","Automation;n8n;Analytics","Legacy","medium-high (filename/path keyword match, content not read)","",""
3788,"category-seo-automation.workflow.json","old-digitex-erp-bell24h","Automation;n8n;SEO","Legacy","medium-high (filename/path keyword match, content not read)","",""
3789,"escrow.workflow.json","old-digitex-erp-bell24h","Automation;n8n;Escrow","Legacy","medium-high (filename/path keyword match, content not read)","",""
3790,"mock-order-generation.workflow.json","old-digitex-erp-bell24h","Automation;n8n","Legacy","medium-high (filename/path keyword match, content not read)","",""
3791,"rfq.workflow.json","old-digitex-erp-bell24h","Automation;n8n;RFQ","Legacy","medium-high (filename/path keyword match, content not read)","",""
3792,"user.onboarding.workflow.json","old-digitex-erp-bell24h","Automation;n8n","Legacy","medium-high (filename/path keyword match, content not read)","",""
3793,"N8N-RUNNING-FIX-SSL.md","old-digitex-erp-bell24h","Infrastructure;DevOps;Automation;n8n","Legacy","medium-high (filename/path keyword match, content not read)","",""
3794,"N8N-WORKFLOW-A-E-MICRO-LEVEL-GUIDE.md","old-digitex-erp-bell24h","Automation;n8n;Documentation","Legacy","medium-high (filename/path keyword match, content not read)","",""
3795,"supplier-onboarding-welcome-email.json","old-digitex-erp-bell24h","Automation;n8n;Supplier","Legacy","medium-high (filename/path keyword match, content not read)","",""
3796,"supplier-onboarding-welcome-sms.json","old-digitex-erp-bell24h","Automation;n8n;Supplier","Legacy","medium-high (filename/path keyword match, content not read)","",""
3797,"N8N_IMPORT_CONFIGURATION_GUIDE.md","old-digitex-erp-bell24h","Automation;n8n;Documentation","Legacy","medium-high (filename/path keyword match, content not read)","",""
3798,"N8N_SETUP_QUICK_REFERENCE.md","old-digitex-erp-bell24h","Automation;n8n;Documentation","Legacy","medium-high (filename/path keyword match, content not read)","",""
3799,"N8N_WORKFLOWS_COMPLETE.md","old-digitex-erp-bell24h","Automation;n8n","Legacy","medium-high (filename/path keyword match, content not read)","",""
3800,"N8N_WORKFLOW_AUDIT_GUIDE.md","old-digitex-erp-bell24h","Automation;n8n;Documentation","Legacy","medium-high (filename/path keyword match, content not read)","",""
3801,"netlify.toml","old-digitex-erp-bell24h","Infrastructure;Deployment","Legacy","medium-high (filename/path keyword match, content not read)","",""
3802,"NEXT-STEPS-TODO-LIST.md","old-digitex-erp-bell24h","Unknown","Legacy","low","",""
3803,"next.config.cjs","old-digitex-erp-bell24h","Unknown","Legacy","low","",""
3804,"nixpacks.toml","old-digitex-erp-bell24h","Unknown","Legacy","low","",""
3805,"NO-Q-PREFIX-AUTOMATION.ps1","old-digitex-erp-bell24h","Automation","Legacy","medium-high (filename/path keyword match, content not read)","",""
3806,"NON-CODER-DEPLOYMENT-PRIORITY-GUIDE.md","old-digitex-erp-bell24h","Deployment;Infrastructure;Documentation","Legacy","medium-high (filename/path keyword match, content not read)","",""
3807,"NOV-20-LAUNCH-CHECKLIST.md","old-digitex-erp-bell24h","Documentation","Legacy","medium-high (filename/path keyword match, content not read)","",""
3808,"nuclear_fix.ps1","old-digitex-erp-bell24h","Unknown","Legacy","low","",""
3809,"nuclear_fix_all.ps1","old-digitex-erp-bell24h","Unknown","Legacy","low","",""
3810,"ONE-PAGE-BRUTAL-TRUTH-REVENUE-SUMMARY.md","old-digitex-erp-bell24h","Unknown","Legacy","low","",""
3811,"openapitools.json","old-digitex-erp-bell24h","Unknown","Legacy","low","",""
3812,".env.example","old-digitex-erp-bell24h","Infrastructure;Deployment","Legacy","medium-high (filename/path keyword match, content not read)","",""
3813,"default.json","old-digitex-erp-bell24h","Infrastructure;Deployment","Legacy","medium-high (filename/path keyword match, content not read)","",""
3814,"package.json","old-digitex-erp-bell24h","Infrastructure;Deployment","Legacy","medium-high (filename/path keyword match, content not read)","",""
3815,"ORACLE-CLOUD-DEPLOYMENT-GUIDE.md","old-digitex-erp-bell24h","Deployment;Infrastructure;Documentation","Legacy","medium-high (filename/path keyword match, content not read)","",""
3816,"complete-categories.sql","old-digitex-erp-bell24h","Infrastructure;Deployment;Automation;n8n","Legacy","medium-high (filename/path keyword match, content not read)","",""
3817,"missing-tables.sql","old-digitex-erp-bell24h","Infrastructure;Deployment;Automation;n8n","Legacy","medium-high (filename/path keyword match, content not read)","",""
3818,"docker-compose.yml","old-digitex-erp-bell24h","Infrastructure;DevOps;Deployment;Automation;n8n","Legacy","medium-high (filename/path keyword match, content not read)","",""
3819,"README.md","old-digitex-erp-bell24h","Infrastructure;Deployment;Automation;n8n;Documentation","Legacy","medium-high (filename/path keyword match, content not read)","",""
3820,"setup-oracle-cloud.sh","old-digitex-erp-bell24h","Infrastructure;Deployment;Automation;n8n;Documentation","Legacy","medium-high (filename/path keyword match, content not read)","",""
3821,"lead-test-data.json","old-digitex-erp-bell24h","Infrastructure;Deployment;Automation;n8n;Testing;QA","Legacy","medium-high (filename/path keyword match, content not read)","",""
3822,"rfq-test-data.json","old-digitex-erp-bell24h","Infrastructure;Deployment;Automation;n8n;RFQ;Testing;QA","Legacy","medium-high (filename/path keyword match, content not read)","",""
3823,"bell24h-ai-category-worker-complete.json","old-digitex-erp-bell24h","Infrastructure;Deployment;AI;Automation;n8n","Legacy","medium-high (filename/path keyword match, content not read)","",""
3824,"bell24h-ai-category-worker-with-db.json","old-digitex-erp-bell24h","Infrastructure;Deployment;AI;Automation;n8n","Legacy","medium-high (filename/path keyword match, content not read)","",""
3825,"bell24h-ai-category-worker.json","old-digitex-erp-bell24h","Infrastructure;Deployment;AI;Automation;n8n","Legacy","medium-high (filename/path keyword match, content not read)","",""
3826,"bell24h-ai-scraper-master-with-db.json","old-digitex-erp-bell24h","Infrastructure;Deployment;AI;Automation;n8n","Legacy","medium-high (filename/path keyword match, content not read)","",""
3827,"bell24h-ai-scraper-master.json","old-digitex-erp-bell24h","Infrastructure;Deployment;AI;Automation;n8n","Legacy","medium-high (filename/path keyword match, content not read)","",""
3828,"bell24h-lead-scoring-complete.json","old-digitex-erp-bell24h","Infrastructure;Deployment;Automation;n8n","Legacy","medium-high (filename/path keyword match, content not read)","",""
3829,"bell24h-lead-scoring-with-db.json","old-digitex-erp-bell24h","Infrastructure;Deployment;Automation;n8n","Legacy","medium-high (filename/path keyword match, content not read)","",""
3830,"bell24h-lead-scoring.json","old-digitex-erp-bell24h","Infrastructure;Deployment;Automation;n8n","Legacy","medium-high (filename/path keyword match, content not read)","",""
3831,"bell24h-rfq-notification-complete.json","old-digitex-erp-bell24h","Infrastructure;Deployment;Automation;n8n;RFQ","Legacy","medium-high (filename/path keyword match, content not read)","",""
3832,"bell24h-rfq-notification-fixed.json","old-digitex-erp-bell24h","Infrastructure;Deployment;Automation;n8n;RFQ","Legacy","medium-high (filename/path keyword match, content not read)","",""
3833,"bell24h-rfq-notification-with-db.json","old-digitex-erp-bell24h","Infrastructure;Deployment;Automation;n8n;RFQ","Legacy","medium-high (filename/path keyword match, content not read)","",""
3834,"bell24h-rfq-notification.json","old-digitex-erp-bell24h","Infrastructure;Deployment;Automation;n8n;RFQ","Legacy","medium-high (filename/path keyword match, content not read)","",""
3835,"nano-banana-enrichment.json","old-digitex-erp-bell24h","Infrastructure;Deployment;Automation;n8n","Legacy","medium-high (filename/path keyword match, content not read)","",""
3836,"ORACLE-VM-DEPLOYMENT-GUIDE.md","old-digitex-erp-bell24h","Deployment;Infrastructure;Documentation","Legacy","medium-high (filename/path keyword match, content not read)","",""
3837,"package-lock.json","old-digitex-erp-bell24h","Unknown","Legacy","low","",""
3838,"package.json","old-digitex-erp-bell24h","Unknown","Legacy","low","",""
3839,"page-test-report.json","old-digitex-erp-bell24h","Testing;QA","Legacy","medium-high (filename/path keyword match, content not read)","",""
3840,"page-verification-report.json","old-digitex-erp-bell24h","Unknown","Legacy","low","",""
3841,"PAYMENT_DEPLOYMENT_CHECKLIST.md","old-digitex-erp-bell24h","Deployment;Infrastructure;Payments;Documentation","Legacy","medium-high (filename/path keyword match, content not read)","",""
3842,"PAYMENT_FLOW_TEST_RESULTS.md","old-digitex-erp-bell24h","Payments;Testing;QA","Legacy","medium-high (filename/path keyword match, content not read)","",""
3843,"PAYMENT_INTEGRATION_GUIDE.md","old-digitex-erp-bell24h","Payments;Documentation","Legacy","medium-high (filename/path keyword match, content not read)","",""
3844,"PAYMENT_INTEGRATION_REPORT.md","old-digitex-erp-bell24h","Payments","Legacy","medium-high (filename/path keyword match, content not read)","",""
3845,"PERMANENT-Q-PREFIX-FIX.sh","old-digitex-erp-bell24h","Unknown","Legacy","low","",""
3846,"postcss.config.cjs","old-digitex-erp-bell24h","Design","Legacy","medium-high (filename/path keyword match, content not read)","",""
3847,"POST_AUDIT_PROTOCOL_COMPLETE.md","old-digitex-erp-bell24h","Documentation","Legacy","medium-high (filename/path keyword match, content not read)","",""
3848,"POST_AUDIT_PROTOCOL_IMPLEMENTATION_SUMMARY.md","old-digitex-erp-bell24h","Implementation Plan;Documentation","Legacy","medium-high (filename/path keyword match, content not read)","",""
3849,"migration.sql","old-digitex-erp-bell24h","Database;SQL Migration;Implementation Plan","Legacy","medium-high (filename/path keyword match, content not read)","",""
3850,"migration_lock.toml","old-digitex-erp-bell24h","Database;SQL Migration;Implementation Plan","Legacy","medium-high (filename/path keyword match, content not read)","",""
3851,"PRISMA_FIX_COMPLETE.md","old-digitex-erp-bell24h","Database","Legacy","medium-high (filename/path keyword match, content not read)","",""
3852,"production.env.template","old-digitex-erp-bell24h","Unknown","Legacy","low","",""
3853,"PRODUCTION_DEPLOYMENT_SUMMARY.md","old-digitex-erp-bell24h","Deployment;Infrastructure","Legacy","medium-high (filename/path keyword match, content not read)","",""
3854,"PROJECT-ENHANCEMENT-SUMMARY.md","old-digitex-erp-bell24h","Unknown","Legacy","low","",""
3855,"PROJECT-STATUS-CHECK.md","old-digitex-erp-bell24h","Unknown","Legacy","low","",""
3856,"project_structure.txt","old-digitex-erp-bell24h","Unknown","Legacy","low","",""
3857,"common.json","old-digitex-erp-bell24h","Unknown","Legacy","low","",""
3858,"common.json","old-digitex-erp-bell24h","Unknown","Legacy","low","",""
3859,"dashboard.json","old-digitex-erp-bell24h","Unknown","Legacy","low","",""
3860,"manifest.json","old-digitex-erp-bell24h","Unknown","Legacy","low","",""
3861,"robots.txt","old-digitex-erp-bell24h","Unknown","Legacy","low","",""
3862,"temple-bell.mp3.txt","old-digitex-erp-bell24h","Unknown","Legacy","low","",""
3863,"QUICK-502-DIAGNOSIS.md","old-digitex-erp-bell24h","Unknown","Legacy","low","",""
3864,"QUICK-DEPLOY-ORACLE.md","old-digitex-erp-bell24h","Deployment;Infrastructure","Legacy","medium-high (filename/path keyword match, content not read)","",""
3865,"quick-deploy.cjs","old-digitex-erp-bell24h","Deployment;Infrastructure","Legacy","medium-high (filename/path keyword match, content not read)","",""
3866,"QUICK-DIAGNOSTIC-COMMANDS.sh","old-digitex-erp-bell24h","Unknown","Legacy","low","",""
3867,"QUICK-FIX-N8N.sh","old-digitex-erp-bell24h","Automation;n8n","Legacy","medium-high (filename/path keyword match, content not read)","",""
3868,"QUICK-FIX-TIMEOUT.md","old-digitex-erp-bell24h","Unknown","Legacy","low","",""
3869,"quick-platform-test.cjs","old-digitex-erp-bell24h","Testing;QA","Legacy","medium-high (filename/path keyword match, content not read)","",""
3870,"QUICK-ROLLBACK.sh","old-digitex-erp-bell24h","Unknown","Legacy","low","",""
3871,"QUICK-START-AUTO-DEPLOY.md","old-digitex-erp-bell24h","Deployment;Infrastructure","Legacy","medium-high (filename/path keyword match, content not read)","",""
3872,"quick-status-check.cjs","old-digitex-erp-bell24h","Unknown","Legacy","low","",""
3873,"QUICK_DEPLOYMENT_STEPS.txt","old-digitex-erp-bell24h","Deployment;Infrastructure","Legacy","medium-high (filename/path keyword match, content not read)","",""
3874,"QUICK_DEPLOYMENT_TEST.txt","old-digitex-erp-bell24h","Deployment;Infrastructure;Testing;QA","Legacy","medium-high (filename/path keyword match, content not read)","",""
3875,"QUICK_DEPLOY_COMMANDS.txt","old-digitex-erp-bell24h","Deployment;Infrastructure","Legacy","medium-high (filename/path keyword match, content not read)","",""
3876,"QUICK_DEPLOY_GUIDE.md","old-digitex-erp-bell24h","Deployment;Infrastructure;Documentation","Legacy","medium-high (filename/path keyword match, content not read)","",""
3877,"QUICK_START_PRODUCTION.md","old-digitex-erp-bell24h","Unknown","Legacy","low","",""
3878,"railway.env.example","old-digitex-erp-bell24h","Infrastructure;Deployment","Legacy","medium-high (filename/path keyword match, content not read)","",""
3879,"railway.json","old-digitex-erp-bell24h","Infrastructure;Deployment","Legacy","medium-high (filename/path keyword match, content not read)","",""
3880,"railway.toml","old-digitex-erp-bell24h","Infrastructure;Deployment","Legacy","medium-high (filename/path keyword match, content not read)","",""
3881,"RE-RUN-DEPLOYMENT.md","old-digitex-erp-bell24h","Deployment;Infrastructure","Legacy","medium-high (filename/path keyword match, content not read)","",""
3882,"README.md","old-digitex-erp-bell24h","Documentation","Legacy","medium-high (filename/path keyword match, content not read)","",""
3883,"README_DATABASE_ALTERNATIVES.md","old-digitex-erp-bell24h","Documentation","Legacy","medium-high (filename/path keyword match, content not read)","",""
3884,"REMOVE-FROM-HISTORY.ps1","old-digitex-erp-bell24h","Unknown","Legacy","low","",""
3885,"REMOVE-LARGE-FILES.ps1","old-digitex-erp-bell24h","Unknown","Legacy","low","",""
3886,"REMOVE-NETLIFY-SIMPLE.ps1","old-digitex-erp-bell24h","Infrastructure;Deployment","Legacy","medium-high (filename/path keyword match, content not read)","",""
3887,"request_body.json","old-digitex-erp-bell24h","Unknown","Legacy","low","",""
3888,"REVENUECAT_INTEGRATION_TEST_RESULTS.md","old-digitex-erp-bell24h","Testing;QA","Legacy","medium-high (filename/path keyword match, content not read)","",""
3889,"RUN-EMERGENCY-FIX-NOW.sh","old-digitex-erp-bell24h","Unknown","Legacy","low","",""
3890,"run-seed.sh","old-digitex-erp-bell24h","Unknown","Legacy","low","",""
3891,"audit-pages.cjs","old-digitex-erp-bell24h","Documentation","Legacy","medium-high (filename/path keyword match, content not read)","",""
3892,"backup-vercel-production.cjs","old-digitex-erp-bell24h","Infrastructure;Deployment","Legacy","medium-high (filename/path keyword match, content not read)","",""
3893,"backup.cjs","old-digitex-erp-bell24h","Unknown","Legacy","low","",""
3894,"create-staging-environment.cjs","old-digitex-erp-bell24h","Unknown","Legacy","low","",""
3895,"deploy-escrow.cjs","old-digitex-erp-bell24h","Deployment;Infrastructure;Escrow","Legacy","medium-high (filename/path keyword match, content not read)","",""
3896,"deploy-production.sh","old-digitex-erp-bell24h","Deployment;Infrastructure","Legacy","medium-high (filename/path keyword match, content not read)","",""
3897,"deploy-safe.cjs","old-digitex-erp-bell24h","Deployment;Infrastructure","Legacy","medium-high (filename/path keyword match, content not read)","",""
3898,"dev-workflow.cjs","old-digitex-erp-bell24h","Automation","Legacy","medium-high (filename/path keyword match, content not read)","",""
3899,"migrate-missing-pages.cjs","old-digitex-erp-bell24h","Unknown","Legacy","low","",""
3900,"migration-test.cjs","old-digitex-erp-bell24h","SQL Migration;Implementation Plan;Testing;QA","Legacy","medium-high (filename/path keyword match, content not read)","",""
3901,"protect-files.cjs","old-digitex-erp-bell24h","Unknown","Legacy","low","",""
3902,"pull-vercel-source.cjs","old-digitex-erp-bell24h","Infrastructure;Deployment","Legacy","medium-high (filename/path keyword match, content not read)","",""
3903,"run-fixed-page-validation.cjs","old-digitex-erp-bell24h","Unknown","Legacy","low","",""
3904,"safe-merge.cjs","old-digitex-erp-bell24h","Unknown","Legacy","low","",""
3905,"setup-api-integrations.cjs","old-digitex-erp-bell24h","API;Documentation","Legacy","medium-high (filename/path keyword match, content not read)","",""
3906,"setup-database.cjs","old-digitex-erp-bell24h","Documentation","Legacy","medium-high (filename/path keyword match, content not read)","",""
3907,"setup-env.cjs","old-digitex-erp-bell24h","Documentation","Legacy","medium-high (filename/path keyword match, content not read)","",""
3908,"setup-production-db.sh","old-digitex-erp-bell24h","Documentation","Legacy","medium-high (filename/path keyword match, content not read)","",""
3909,"setup-vercel-env.sh","old-digitex-erp-bell24h","Infrastructure;Deployment;Documentation","Legacy","medium-high (filename/path keyword match, content not read)","",""
3910,"test-all-pages.cjs","old-digitex-erp-bell24h","Testing;QA","Legacy","medium-high (filename/path keyword match, content not read)","",""
3911,"vercel-import.cjs","old-digitex-erp-bell24h","Infrastructure;Deployment","Legacy","medium-high (filename/path keyword match, content not read)","",""
3912,"verify-pages.cjs","old-digitex-erp-bell24h","Unknown","Legacy","low","",""
3913,"scripts.json","old-digitex-erp-bell24h","Unknown","Legacy","low","",""
3914,"seed-database.ps1","old-digitex-erp-bell24h","Unknown","Legacy","low","",""
3915,"SEEDING_GUIDE.md","old-digitex-erp-bell24h","Documentation","Legacy","medium-high (filename/path keyword match, content not read)","",""
3916,"SEEDING_SUCCESS.md","old-digitex-erp-bell24h","Unknown","Legacy","low","",""
3917,"SEO-HERO-SECTION-UPDATE.md","old-digitex-erp-bell24h","SEO","Legacy","medium-high (filename/path keyword match, content not read)","",""
3918,"SEPARATION_OF_CONCERNS.md","old-digitex-erp-bell24h","Unknown","Legacy","low","",""
3919,".env","old-digitex-erp-bell24h","Unknown","Legacy","low","",""
3920,".env.example","old-digitex-erp-bell24h","Unknown","Legacy","low","",""
3921,".env.test","old-digitex-erp-bell24h","Testing;QA","Legacy","medium-high (filename/path keyword match, content not read)","",""
3922,"test.spec.cjs","old-digitex-erp-bell24h","Testing;QA","Legacy","medium-high (filename/path keyword match, content not read)","",""
3923,"tsconfig.json","old-digitex-erp-bell24h","Testing;QA","Legacy","medium-high (filename/path keyword match, content not read)","",""
3924,"package-lock.json","old-digitex-erp-bell24h","Unknown","Legacy","low","",""
3925,"package.json","old-digitex-erp-bell24h","Unknown","Legacy","low","",""
3926,"tsconfig.json","old-digitex-erp-bell24h","Unknown","Legacy","low","",""
3927,"tsconfig.test.json","old-digitex-erp-bell24h","Testing;QA","Legacy","medium-high (filename/path keyword match, content not read)","",""
3928,"server-tsconfig.json","old-digitex-erp-bell24h","Unknown","Legacy","low","",""
3929,"setup-github-deploy.ps1","old-digitex-erp-bell24h","Deployment;Infrastructure;Documentation","Legacy","medium-high (filename/path keyword match, content not read)","",""
3930,"SETUP-GITHUB-SECRET.md","old-digitex-erp-bell24h","Documentation","Legacy","medium-high (filename/path keyword match, content not read)","",""
3931,"setup-ssl-automated.sh","old-digitex-erp-bell24h","Infrastructure;DevOps;Documentation","Legacy","medium-high (filename/path keyword match, content not read)","",""
3932,"setup-ssl-direct.ps1","old-digitex-erp-bell24h","Infrastructure;DevOps;Documentation","Legacy","medium-high (filename/path keyword match, content not read)","",""
3933,"setup-ssl-upload-execute.ps1","old-digitex-erp-bell24h","Infrastructure;DevOps;Documentation","Legacy","medium-high (filename/path keyword match, content not read)","",""
3934,"setup-ssl-via-ssh.ps1","old-digitex-erp-bell24h","Infrastructure;DevOps;Documentation","Legacy","medium-high (filename/path keyword match, content not read)","",""
3935,"SETUP_COMPLETE.md","old-digitex-erp-bell24h","Documentation","Legacy","medium-high (filename/path keyword match, content not read)","",""
3936,"SIMPLE-DEPLOY-STEPS.md","old-digitex-erp-bell24h","Deployment;Infrastructure","Legacy","medium-high (filename/path keyword match, content not read)","",""
3937,"SIMPLE_DEPLOY_COMMANDS.txt","old-digitex-erp-bell24h","Deployment;Infrastructure","Legacy","medium-high (filename/path keyword match, content not read)","",""
3938,"SITE-IS-LIVE-NEXT-STEPS.md","old-digitex-erp-bell24h","Unknown","Legacy","low","",""
3939,"package.json","old-digitex-erp-bell24h","Database","Legacy","medium-high (filename/path keyword match, content not read)","",""
3940,"verify-seed.sql","old-digitex-erp-bell24h","Unknown","Legacy","low","",""
3941,"001_create_supplier_schema.sql","old-digitex-erp-bell24h","SQL Migration;Implementation Plan;Supplier","Legacy","medium-high (filename/path keyword match, content not read)","",""
3942,"SSL-ACTIVE-CONFIGURE-N8N-ROUTING.md","old-digitex-erp-bell24h","Infrastructure;DevOps;Automation;n8n","Legacy","medium-high (filename/path keyword match, content not read)","",""
3943,"SSL-CERTIFICATES-ALREADY-ACTIVE.md","old-digitex-erp-bell24h","Infrastructure;DevOps","Legacy","medium-high (filename/path keyword match, content not read)","",""
3944,"SSL-CONFIGURED-FIX-CONNECTION.md","old-digitex-erp-bell24h","Infrastructure;DevOps","Legacy","medium-high (filename/path keyword match, content not read)","",""
3945,"SSL-SETUP-COMMAND.txt","old-digitex-erp-bell24h","Infrastructure;DevOps;Documentation","Legacy","medium-high (filename/path keyword match, content not read)","",""
3946,"START-NGINX-VERIFY-CONFIG.md","old-digitex-erp-bell24h","Unknown","Legacy","low","",""
3947,"start_clean_dev.ps1","old-digitex-erp-bell24h","Unknown","Legacy","low","",""
3948,"20251109_leaderboard.sql","old-digitex-erp-bell24h","SQL Migration;Implementation Plan","Legacy","medium-high (filename/path keyword match, content not read)","",""
3949,"SUPPLIER_PROFILE_FILES_INVENTORY.md","old-digitex-erp-bell24h","Supplier","Legacy","medium-high (filename/path keyword match, content not read)","",""
3950,"SUPPLIER_PROFILE_IMPLEMENTATION_PLAN.md","old-digitex-erp-bell24h","Implementation Plan;Supplier","Legacy","medium-high (filename/path keyword match, content not read)","",""
3951,"switch-schema.sh","old-digitex-erp-bell24h","Unknown","Legacy","low","",""
3952,"task-definition.json","old-digitex-erp-bell24h","Unknown","Legacy","low","",""
3953,"test-bell24h-complete.cjs","old-digitex-erp-bell24h","Testing;QA","Legacy","medium-high (filename/path keyword match, content not read)","",""
3954,"test-final-fixes.cjs","old-digitex-erp-bell24h","Testing;QA","Legacy","medium-high (filename/path keyword match, content not read)","",""
3955,"test-system-complete.cjs","old-digitex-erp-bell24h","Testing;QA","Legacy","medium-high (filename/path keyword match, content not read)","",""
3956,"TODO-21-25-IMPLEMENTATION-COMPLETE.md","old-digitex-erp-bell24h","Implementation Plan","Legacy","medium-high (filename/path keyword match, content not read)","",""
3957,"TODO-21-25-IMPLEMENTATION-PLAN.md","old-digitex-erp-bell24h","Implementation Plan","Legacy","medium-high (filename/path keyword match, content not read)","",""
3958,"TODO-ITEMS-21-25-EXTRACTED.md","old-digitex-erp-bell24h","Unknown","Legacy","low","",""
3959,"train_supplier_model.py","old-digitex-erp-bell24h","Supplier","Legacy","medium-high (filename/path keyword match, content not read)","",""
3960,"tsconfig.e2e.json","old-digitex-erp-bell24h","Testing;QA","Legacy","medium-high (filename/path keyword match, content not read)","",""
3961,"tsconfig.json","old-digitex-erp-bell24h","Unknown","Legacy","low","",""
3962,"tsconfig.server.json","old-digitex-erp-bell24h","Unknown","Legacy","low","",""
3963,"ULTRA-FAST-MCP-WORKING-REPORT.md","old-digitex-erp-bell24h","Unknown","Legacy","low","",""
3964,"update-env.sh","old-digitex-erp-bell24h","Unknown","Legacy","low","",""
3965,"USER-DASHBOARD-FEATURES-LIST.md","old-digitex-erp-bell24h","Unknown","Legacy","low","",""
3966,"package-lock.json","old-digitex-erp-bell24h","Deployment;Infrastructure","Legacy","medium-high (filename/path keyword match, content not read)","",""
3967,"package.json","old-digitex-erp-bell24h","Deployment;Infrastructure","Legacy","medium-high (filename/path keyword match, content not read)","",""
3968,"common.json","old-digitex-erp-bell24h","Deployment;Infrastructure","Legacy","medium-high (filename/path keyword match, content not read)","",""
3969,"temple-bell.mp3.txt","old-digitex-erp-bell24h","Deployment;Infrastructure","Legacy","medium-high (filename/path keyword match, content not read)","",""
3970,"tsconfig.json","old-digitex-erp-bell24h","Deployment;Infrastructure","Legacy","medium-high (filename/path keyword match, content not read)","",""
3971,"vercel.json","old-digitex-erp-bell24h","Deployment;Infrastructure","Legacy","medium-high (filename/path keyword match, content not read)","",""
3972,"vercel.json","old-digitex-erp-bell24h","Infrastructure;Deployment","Legacy","medium-high (filename/path keyword match, content not read)","",""
3973,"vercel.local.json","old-digitex-erp-bell24h","Infrastructure;Deployment","Legacy","medium-high (filename/path keyword match, content not read)","",""
3974,"vercel.production.json","old-digitex-erp-bell24h","Infrastructure;Deployment","Legacy","medium-high (filename/path keyword match, content not read)","",""
3975,"VERIFY-SITE-STATUS.md","old-digitex-erp-bell24h","Unknown","Legacy","low","",""
3976,"VIDEO_RFQ_COMPLETE.md","old-digitex-erp-bell24h","RFQ","Legacy","medium-high (filename/path keyword match, content not read)","",""
3977,"VOICE_RFQ_COMPLETE.md","old-digitex-erp-bell24h","RFQ","Legacy","medium-high (filename/path keyword match, content not read)","",""
3978,"VOICE_VIDEO_RFQ_DEPLOYMENT_COMPLETE.md","old-digitex-erp-bell24h","Deployment;Infrastructure;RFQ","Legacy","medium-high (filename/path keyword match, content not read)","",""
3979,"Webhook.json","old-digitex-erp-bell24h","Unknown","Legacy","low","",""
3980,"WHAT-IS-NEXT.md","old-digitex-erp-bell24h","Unknown","Legacy","low","",""
3981,"wrangler.toml","old-digitex-erp-bell24h","Unknown","Legacy","low","",""
3982,"🔥 BELL24h_ One-Page Brutal Truth.pdf","old-digitex-erp-bell24h","Unknown","Legacy","low","",""
3983,"🔥 BRUTAL TRUTH_ BELL24h Revenue Reality Check.pdf","old-digitex-erp-bell24h","Unknown","Legacy","low","",""
3984,"package-lock.json","sibling-bell24h-clean","Unknown","Archived","low","",""
3985,"package.json","sibling-bell24h-clean","Unknown","Archived","low","",""
3986,"migration.sql","sibling-bell24h-clean","Database;SQL Migration;Implementation Plan;Security;Authentication","Archived","medium-high (filename/path keyword match, content not read)","",""
3987,"migration.sql","sibling-bell24h-clean","Database;SQL Migration;Implementation Plan","Archived","medium-high (filename/path keyword match, content not read)","",""
3988,"migration.sql","sibling-bell24h-clean","Database;SQL Migration;Implementation Plan","Archived","medium-high (filename/path keyword match, content not read)","",""
3989,"20250125_add_supplier_categories.sql","sibling-bell24h-clean","Database;SQL Migration;Implementation Plan;Supplier","Archived","medium-high (filename/path keyword match, content not read)","",""
3990,"migration.sql","sibling-bell24h-clean","Database;SQL Migration;Implementation Plan","Archived","medium-high (filename/path keyword match, content not read)","",""
3991,"migration.sql","sibling-bell24h-clean","Database;SQL Migration;Implementation Plan","Archived","medium-high (filename/path keyword match, content not read)","",""
3992,"migration.sql","sibling-bell24h-clean","Database;SQL Migration;Implementation Plan","Archived","medium-high (filename/path keyword match, content not read)","",""
3993,"migration_lock.toml","sibling-bell24h-clean","Database;SQL Migration;Implementation Plan","Archived","medium-high (filename/path keyword match, content not read)","",""
3994,"common.json","sibling-bell24h-clean","Unknown","Archived","low","",""
3995,"common.json","sibling-bell24h-clean","Unknown","Archived","low","",""
3996,"dashboard.json","sibling-bell24h-clean","Unknown","Archived","low","",""
3997,"manifest.json","sibling-bell24h-clean","Unknown","Archived","low","",""
3998,"robots.txt","sibling-bell24h-clean","Unknown","Archived","low","",""
3999,"temple-bell.mp3.txt","sibling-bell24h-clean","Unknown","Archived","low","",""
4000,"README.md","sibling-bell24h-clean","Documentation","Archived","medium-high (filename/path keyword match, content not read)","",""
4001,"HOMEPAGE_LOCKED.md","sibling-bell24h-clean","Unknown","Archived","low","",""
4002,"README.md","sibling-bell24h-clean","Documentation","Archived","medium-high (filename/path keyword match, content not read)","",""
4003,"rfq-system-demo.md","sibling-bell24h-clean","RFQ","Archived","medium-high (filename/path keyword match, content not read)","",""
4004,"package.json","sibling-bell24h-clean","Database","Archived","medium-high (filename/path keyword match, content not read)","",""
4005,"README.md","sibling-bell24h-clean","Security;Authentication;Documentation","Archived","medium-high (filename/path keyword match, content not read)","",""
4006,"tsconfig.json","sibling-bell24h-clean","Unknown","Archived","low","",""
4007,"vercel.json","sibling-bell24h-clean","Infrastructure;Deployment","Archived","medium-high (filename/path keyword match, content not read)","",""
4008,"package-lock.json","sibling-bell24h-final","Unknown","Archived","low","",""
4009,"package.json","sibling-bell24h-final","Unknown","Archived","low","",""
4010,"README.md","sibling-bell24h-final","Documentation","Archived","medium-high (filename/path keyword match, content not read)","",""
4011,"tsconfig.json","sibling-bell24h-final","Unknown","Archived","low","",""
4012,"project.json","sibling-bell24h-live","Infrastructure;Deployment","Archived","medium-high (filename/path keyword match, content not read)","",""
4013,"README.txt","sibling-bell24h-live","Infrastructure;Deployment;Documentation","Archived","medium-high (filename/path keyword match, content not read)","",""
4014,"package-lock.json","sibling-bell24h-live","Unknown","Archived","low","",""
4015,"package.json","sibling-bell24h-live","Unknown","Archived","low","",""
4016,"README.md","sibling-bell24h-live","Documentation","Archived","medium-high (filename/path keyword match, content not read)","",""
4017,"tsconfig.json","sibling-bell24h-live","Unknown","Archived","low","",""
4018,".env","sibling-bell24h-main","Unknown","Archived","low","",""
4019,"package-lock.json","sibling-bell24h-main","Unknown","Archived","low","",""
4020,"package.json","sibling-bell24h-main","Unknown","Archived","low","",""
4021,"README.md","sibling-bell24h-main","Documentation","Archived","medium-high (filename/path keyword match, content not read)","",""
4022,"tsconfig.json","sibling-bell24h-main","Unknown","Archived","low","",""
4023,"LAUNCH_PLAN.md","sibling-bell24h-main","Unknown","Archived","low","",""
4024,"package-lock.json","sibling-bell24h-main","Unknown","Archived","low","",""
4025,"package.json","sibling-bell24h-main","Unknown","Archived","low","",""
4026,"README.md","sibling-bell24h-main","Documentation","Archived","medium-high (filename/path keyword match, content not read)","",""
4027,"package-lock.json","sibling-bell24h-main","Unknown","Archived","low","",""
4028,"package.json","sibling-bell24h-main","Unknown","Archived","low","",""
4029,"tsconfig.json","sibling-bell24h-main","Unknown","Archived","low","",""
4030,"tsconfig.json","sibling-bell24h-main","Unknown","Archived","low","",""
4031,"tsconfig.node.json","sibling-bell24h-main","Unknown","Archived","low","",""
4032,"MIGRATION_COMPLETE_SUMMARY.md","sibling-bell24h-migration-package","SQL Migration;Implementation Plan","Archived","medium-high (filename/path keyword match, content not read)","",""
4033,"schema.sql","sibling-bell24h-migration-package","Unknown","Archived","low","",""
4034,"MVP_DEPLOYMENT_GUIDE.md","sibling-bell24h-migration-package","Deployment;Infrastructure;Documentation","Archived","medium-high (filename/path keyword match, content not read)","",""
4035,"NEON_DATABASE_MIGRATION.md","sibling-bell24h-migration-package","SQL Migration;Implementation Plan","Archived","medium-high (filename/path keyword match, content not read)","",""
4036,"ZERO_DOWNTIME_DEPLOYMENT.md","sibling-bell24h-migration-package","Deployment;Infrastructure","Archived","medium-high (filename/path keyword match, content not read)","",""
4037,"package-lock.json","sibling-bell24h-working","Unknown","Archived","low","",""
4038,"package.json","sibling-bell24h-working","Unknown","Archived","low","",""
4039,"README.md","sibling-bell24h-working","Documentation","Archived","medium-high (filename/path keyword match, content not read)","",""
4040,"tsconfig.json","sibling-bell24h-working","Unknown","Archived","low","",""
4041,"package-lock.json","sibling-bell24x-clean","Unknown","Archived","low","",""
4042,"package.json","sibling-bell24x-clean","Unknown","Archived","low","",""
4043,"README.md","sibling-bell24x-clean","Documentation","Archived","medium-high (filename/path keyword match, content not read)","",""
4044,"tsconfig.json","sibling-bell24x-clean","Unknown","Archived","low","",""
4045,"project.json","sibling-bell24x-complete","Infrastructure;Deployment","Archived","medium-high (filename/path keyword match, content not read)","",""
4046,"README.txt","sibling-bell24x-complete","Infrastructure;Deployment;Documentation","Archived","medium-high (filename/path keyword match, content not read)","",""
4047,"package-lock.json","sibling-bell24x-complete","Unknown","Archived","low","",""
4048,"package.json","sibling-bell24x-complete","Unknown","Archived","low","",""
4049,"README.md","sibling-bell24x-complete","Documentation","Archived","medium-high (filename/path keyword match, content not read)","",""
4050,"tsconfig.json","sibling-bell24x-complete","Unknown","Archived","low","",""
4051,"product-marketing.md","sibling-web-agency","Agents;Marketing","Archived","medium-high (filename/path keyword match, content not read)","",""
4052,".env.example","sibling-web-agency","Agents","Archived","medium-high (filename/path keyword match, content not read)","",""
4053,".env.example","sibling-web-agency","Agents","Archived","medium-high (filename/path keyword match, content not read)","",""
4054,"personas.py","sibling-web-agency","Agents","Archived","medium-high (filename/path keyword match, content not read)","",""
4055,"README.md","sibling-web-agency","Agents;Documentation","Archived","medium-high (filename/path keyword match, content not read)","",""
4056,"requirements.txt","sibling-web-agency","Agents","Archived","medium-high (filename/path keyword match, content not read)","",""
4057,"server.py","sibling-web-agency","Agents","Archived","medium-high (filename/path keyword match, content not read)","",""
4058,"DEPLOYMENT.md","sibling-web-agency","Deployment;Infrastructure;Agents","Archived","medium-high (filename/path keyword match, content not read)","",""
4059,"INVOICING.md","sibling-web-agency","Agents","Archived","medium-high (filename/path keyword match, content not read)","",""
4060,"metadata.json","sibling-web-agency","Agents","Archived","medium-high (filename/path keyword match, content not read)","",""
4061,"package-lock.json","sibling-web-agency","Agents","Archived","medium-high (filename/path keyword match, content not read)","",""
4062,"package.json","sibling-web-agency","Agents","Archived","medium-high (filename/path keyword match, content not read)","",""
4063,"PLAN.md","sibling-web-agency","Agents","Archived","medium-high (filename/path keyword match, content not read)","",""
4064,"PROJECT-CONCEPT.md","sibling-web-agency","Agents","Archived","medium-high (filename/path keyword match, content not read)","",""
4065,"README.md","sibling-web-agency","Agents;Documentation","Archived","medium-high (filename/path keyword match, content not read)","",""
4066,"001_leads.sql","sibling-web-agency","SQL Migration;Implementation Plan;Agents","Archived","medium-high (filename/path keyword match, content not read)","",""
4067,"002_audits.sql","sibling-web-agency","SQL Migration;Implementation Plan;Agents;Documentation","Archived","medium-high (filename/path keyword match, content not read)","",""
4068,"README.md","sibling-web-agency","Agents;Documentation","Archived","medium-high (filename/path keyword match, content not read)","",""
4069,"TODO.md","sibling-web-agency","Agents","Archived","medium-high (filename/path keyword match, content not read)","",""
4070,"tsconfig.json","sibling-web-agency","Agents","Archived","medium-high (filename/path keyword match, content not read)","",""
4071,"Claude-4.1.txt","sibling-web-agency","AI;Agents","Archived","medium-high (filename/path keyword match, content not read)","",""
4072,"Claude-4.5-Opus.txt","sibling-web-agency","AI;Agents","Archived","medium-high (filename/path keyword match, content not read)","",""
4073,"Claude-Design-Sys-Prompt.txt","sibling-web-agency","AI;Prompt Engineering;Agents;Design","Archived","medium-high (filename/path keyword match, content not read)","",""
4074,"CLAUDE-FABLE-5.md","sibling-web-agency","AI;Agents","Archived","medium-high (filename/path keyword match, content not read)","",""
4075,"Claude-Opus-4.7.txt","sibling-web-agency","AI;Agents","Archived","medium-high (filename/path keyword match, content not read)","",""
4076,"Claude_4.txt","sibling-web-agency","AI;Agents","Archived","medium-high (filename/path keyword match, content not read)","",""
4077,"Claude_Code_03-04-24.md","sibling-web-agency","AI;Agents","Archived","medium-high (filename/path keyword match, content not read)","",""
4078,"Claude_Opus_4.6.txt","sibling-web-agency","AI;Agents","Archived","medium-high (filename/path keyword match, content not read)","",""
4079,"Claude_Sonnet-4.5_Sep-29-2025.txt","sibling-web-agency","AI;Agents","Archived","medium-high (filename/path keyword match, content not read)","",""
4080,"Claude_Sonnet_3.5.md","sibling-web-agency","AI;Agents","Archived","medium-high (filename/path keyword match, content not read)","",""
4081,"Claude_Sonnet_3.7_New.txt","sibling-web-agency","AI;Agents","Archived","medium-high (filename/path keyword match, content not read)","",""
4082,"UserStyle_Modes.md","sibling-web-agency","AI;Agents","Archived","medium-high (filename/path keyword match, content not read)","",""
4083,"Bolt.txt","sibling-web-agency","Agents","Archived","medium-high (filename/path keyword match, content not read)","",""
4084,"Cline.md","sibling-web-agency","Agents","Archived","medium-high (filename/path keyword match, content not read)","",""
4085,"Cursor_2.0_Sys_Prompt.txt","sibling-web-agency","Prompt Engineering;Agents","Archived","medium-high (filename/path keyword match, content not read)","",""
4086,"Cursor_Prompt.md","sibling-web-agency","Prompt Engineering;Agents","Archived","medium-high (filename/path keyword match, content not read)","",""
4087,"Cursor_Tools.md","sibling-web-agency","Agents","Archived","medium-high (filename/path keyword match, content not read)","",""
4088,"Devin2_09-08-2025.md","sibling-web-agency","Agents","Archived","medium-high (filename/path keyword match, content not read)","",""
4089,"Devin_2.0.md","sibling-web-agency","Agents","Archived","medium-high (filename/path keyword match, content not read)","",""
4090,"Devin_2.0_Commands.md","sibling-web-agency","Agents","Archived","medium-high (filename/path keyword match, content not read)","",""
4091,"Dia_CodingSkill.txt","sibling-web-agency","Agents","Archived","medium-high (filename/path keyword match, content not read)","",""
4092,"Dia_DraftSkill.txt","sibling-web-agency","Agents","Archived","medium-high (filename/path keyword match, content not read)","",""
4093,"DROID.txt","sibling-web-agency","Agents","Archived","medium-high (filename/path keyword match, content not read)","",""
4094,"Gemini-2.5-Pro-04-18-2025.md","sibling-web-agency","AI;Agents","Archived","medium-high (filename/path keyword match, content not read)","",""
4095,"Gemini_Diffusion.md","sibling-web-agency","AI;Agents","Archived","medium-high (filename/path keyword match, content not read)","",""
4096,"Gemini_Gmail_Assistant.txt","sibling-web-agency","AI;Agents","Archived","medium-high (filename/path keyword match, content not read)","",""
4097,"Hume_Voice_AI.md","sibling-web-agency","AI;Agents","Archived","medium-high (filename/path keyword match, content not read)","",""
4098,"Lovable_2.0.txt","sibling-web-agency","Agents","Archived","medium-high (filename/path keyword match, content not read)","",""
4099,"Manus_Functions.txt","sibling-web-agency","Agents","Archived","medium-high (filename/path keyword match, content not read)","",""
4100,"Manus_Prompt.txt","sibling-web-agency","Prompt Engineering;Agents","Archived","medium-high (filename/path keyword match, content not read)","",""
4101,"Llama4_WhatsApp.txt","sibling-web-agency","Agents","Archived","medium-high (filename/path keyword match, content not read)","",""
4102,"Muse_Spark_Apr-08-26.txt","sibling-web-agency","Agents","Archived","medium-high (filename/path keyword match, content not read)","",""
4103,"MiniMax.txt","sibling-web-agency","AI;Agents","Archived","medium-high (filename/path keyword match, content not read)","",""
4104,"LeChat.md","sibling-web-agency","Agents","Archived","medium-high (filename/path keyword match, content not read)","",""
4105,"Kimi_2_July-11-2025.txt","sibling-web-agency","Agents","Archived","medium-high (filename/path keyword match, content not read)","",""
4106,"Kimi_K2_Thinking.txt","sibling-web-agency","Agents","Archived","medium-high (filename/path keyword match, content not read)","",""
4107,"MultiOn.md","sibling-web-agency","Agents","Archived","medium-high (filename/path keyword match, content not read)","",""
4108,"Atlas_10-21-25.txt","sibling-web-agency","AI;Agents","Archived","medium-high (filename/path keyword match, content not read)","",""
4109,"ChatGPT-4o_Sep-27-25.txt","sibling-web-agency","AI;Agents","Archived","medium-high (filename/path keyword match, content not read)","",""
4110,"ChatGPT_4.1_05-15-2025.txt","sibling-web-agency","AI;Agents","Archived","medium-high (filename/path keyword match, content not read)","",""
4111,"ChatGPT_4o_04-25-2025.txt","sibling-web-agency","AI;Agents","Archived","medium-high (filename/path keyword match, content not read)","",""
4112,"ChatGPT_Personality_v2_Change.md","sibling-web-agency","AI;Agents","Archived","medium-high (filename/path keyword match, content not read)","",""
4113,"ChatKit_Docs__Oct-6-25.txt","sibling-web-agency","AI;Agents","Archived","medium-high (filename/path keyword match, content not read)","",""
4114,"Codex.md","sibling-web-agency","AI;Agents","Archived","medium-high (filename/path keyword match, content not read)","",""
4115,"Codex_Sep-15-2025.md","sibling-web-agency","AI;Agents","Archived","medium-high (filename/path keyword match, content not read)","",""
4116,"GPT-4.5_02-27-25.md","sibling-web-agency","AI;Agents","Archived","medium-high (filename/path keyword match, content not read)","",""
4117,"GPT-4o_Image_Gen_Postfill.txt","sibling-web-agency","AI;Agents","Archived","medium-high (filename/path keyword match, content not read)","",""
4118,"Perplexity_Deep_Research.txt","sibling-web-agency","Agents;Research","Archived","medium-high (filename/path keyword match, content not read)","",""
4119,"README.md","sibling-web-agency","Agents;Documentation","Archived","medium-high (filename/path keyword match, content not read)","",""
4120,"Replit_Agent.md","sibling-web-agency","Agents","Archived","medium-high (filename/path keyword match, content not read)","",""
4121,"Replit_Functions.md","sibling-web-agency","Agents","Archived","medium-high (filename/path keyword match, content not read)","",""
4122,"Replit_Initial_Code_Generation_Prompt.md","sibling-web-agency","Prompt Engineering;Agents","Archived","medium-high (filename/path keyword match, content not read)","",""
4123,"Same_Dev.txt","sibling-web-agency","Agents","Archived","medium-high (filename/path keyword match, content not read)","",""
4124,"Vercel_v0.txt","sibling-web-agency","Infrastructure;Deployment;Agents","Archived","medium-high (filename/path keyword match, content not read)","",""
4125,"Windsurf_Prompt.md","sibling-web-agency","Prompt Engineering;Agents","Archived","medium-high (filename/path keyword match, content not read)","",""
4126,"Windsurf_Tools.md","sibling-web-agency","Agents","Archived","medium-high (filename/path keyword match, content not read)","",""
4127,"GROK-4.1_Nov-17-2025.txt","sibling-web-agency","Agents","Archived","medium-high (filename/path keyword match, content not read)","",""
4128,"Grok-Code-Fast-1_Aug-26-2025.txt","sibling-web-agency","Agents","Archived","medium-high (filename/path keyword match, content not read)","",""
4129,"Grok3.md","sibling-web-agency","Agents","Archived","medium-high (filename/path keyword match, content not read)","",""
4130,"Grok3_updated_07-08-2025.md","sibling-web-agency","Agents","Archived","medium-high (filename/path keyword match, content not read)","",""
4131,"Grok4-July-10-2025.md","sibling-web-agency","Agents","Archived","medium-high (filename/path keyword match, content not read)","",""
4132,"marketplace.json","sibling-web-agency","Agents;Marketplace;Marketing","Archived","medium-high (filename/path keyword match, content not read)","",""
4133,"plugin.json","sibling-web-agency","Agents;Marketing","Archived","medium-high (filename/path keyword match, content not read)","",""
4134,"FUNDING.yml","sibling-web-agency","Agents;Marketing","Archived","medium-high (filename/path keyword match, content not read)","",""
4135,"config.yml","sibling-web-agency","Agents;Marketing","Archived","medium-high (filename/path keyword match, content not read)","",""
4136,"skill-request.yml","sibling-web-agency","Agents;Marketing","Archived","medium-high (filename/path keyword match, content not read)","",""
4137,"documentation.md","sibling-web-agency","Agents;Marketing","Archived","medium-high (filename/path keyword match, content not read)","",""
4138,"new-skill.md","sibling-web-agency","Agents;Marketing","Archived","medium-high (filename/path keyword match, content not read)","",""
4139,"skill-update.md","sibling-web-agency","Agents;Marketing","Archived","medium-high (filename/path keyword match, content not read)","",""
4140,"sync-skills.yml","sibling-web-agency","DevOps;Automation;Agents;Marketing","Archived","medium-high (filename/path keyword match, content not read)","",""
4141,"validate-skill.yml","sibling-web-agency","DevOps;Automation;Agents;Marketing","Archived","medium-high (filename/path keyword match, content not read)","",""
4142,"AGENTS.md","sibling-web-agency","Agents;Marketing","Archived","medium-high (filename/path keyword match, content not read)","",""
4143,"CLAUDE.md","sibling-web-agency","Agents;Marketing","Archived","medium-high (filename/path keyword match, content not read)","",""
4144,"CONTRIBUTING.md","sibling-web-agency","Agents;Marketing","Archived","medium-high (filename/path keyword match, content not read)","",""
4145,"README.md","sibling-web-agency","Agents;Marketing;Documentation","Archived","medium-high (filename/path keyword match, content not read)","",""
4146,"evals.json","sibling-web-agency","Agents;Marketing;Testing;QA","Archived","medium-high (filename/path keyword match, content not read)","",""
4147,"sample-size-guide.md","sibling-web-agency","Agents;Marketing;Testing;QA;Documentation","Archived","medium-high (filename/path keyword match, content not read)","",""
4148,"test-templates.md","sibling-web-agency","Agents;Marketing;Testing;QA","Archived","medium-high (filename/path keyword match, content not read)","",""
4149,"SKILL.md","sibling-web-agency","Agents;Marketing;Testing;QA","Archived","medium-high (filename/path keyword match, content not read)","",""
4150,"evals.json","sibling-web-agency","Agents;Marketing","Archived","medium-high (filename/path keyword match, content not read)","",""
4151,"generative-tools.md","sibling-web-agency","Agents;Marketing","Archived","medium-high (filename/path keyword match, content not read)","",""
4152,"platform-specs.md","sibling-web-agency","Agents;Marketing","Archived","medium-high (filename/path keyword match, content not read)","",""
4153,"SKILL.md","sibling-web-agency","Agents;Marketing","Archived","medium-high (filename/path keyword match, content not read)","",""
4154,"evals.json","sibling-web-agency","Agents;Marketing","Archived","medium-high (filename/path keyword match, content not read)","",""
4155,"ad-copy-templates.md","sibling-web-agency","Agents;Marketing","Archived","medium-high (filename/path keyword match, content not read)","",""
4156,"audience-targeting.md","sibling-web-agency","Agents;Marketing","Archived","medium-high (filename/path keyword match, content not read)","",""
4157,"conversion-tracking.md","sibling-web-agency","Agents;Marketing","Archived","medium-high (filename/path keyword match, content not read)","",""
4158,"platform-setup-checklists.md","sibling-web-agency","Agents;Marketing;Documentation","Archived","medium-high (filename/path keyword match, content not read)","",""
4159,"SKILL.md","sibling-web-agency","Agents;Marketing","Archived","medium-high (filename/path keyword match, content not read)","",""
4160,"evals.json","sibling-web-agency","AI;Agents;Marketing;SEO","Archived","medium-high (filename/path keyword match, content not read)","",""
4161,"content-patterns.md","sibling-web-agency","AI;Agents;Marketing;SEO","Archived","medium-high (filename/path keyword match, content not read)","",""
4162,"content-types.md","sibling-web-agency","AI;Agents;Marketing;SEO","Archived","medium-high (filename/path keyword match, content not read)","",""
4163,"okf.md","sibling-web-agency","AI;Agents;Marketing;SEO","Archived","medium-high (filename/path keyword match, content not read)","",""
4164,"platform-ranking-factors.md","sibling-web-agency","AI;Agents;Marketing;SEO","Archived","medium-high (filename/path keyword match, content not read)","",""
4165,"SKILL.md","sibling-web-agency","AI;Agents;Marketing;SEO","Archived","medium-high (filename/path keyword match, content not read)","",""
4166,"evals.json","sibling-web-agency","Agents;Marketing;Analytics","Archived","medium-high (filename/path keyword match, content not read)","",""
4167,"event-library.md","sibling-web-agency","Agents;Marketing;Analytics","Archived","medium-high (filename/path keyword match, content not read)","",""
4168,"ga4-implementation.md","sibling-web-agency","Agents;Marketing;Analytics","Archived","medium-high (filename/path keyword match, content not read)","",""
4169,"gtm-implementation.md","sibling-web-agency","Agents;Marketing;Analytics","Archived","medium-high (filename/path keyword match, content not read)","",""
4170,"SKILL.md","sibling-web-agency","Agents;Marketing;Analytics","Archived","medium-high (filename/path keyword match, content not read)","",""
4171,"evals.json","sibling-web-agency","Agents;Marketing","Archived","medium-high (filename/path keyword match, content not read)","",""
4172,"apple-specs.md","sibling-web-agency","Agents;Marketing","Archived","medium-high (filename/path keyword match, content not read)","",""
4173,"benchmarks.md","sibling-web-agency","Agents;Marketing","Archived","medium-high (filename/path keyword match, content not read)","",""
4174,"google-play-specs.md","sibling-web-agency","Agents;Marketing","Archived","medium-high (filename/path keyword match, content not read)","",""
4175,"report-template.md","sibling-web-agency","Agents;Marketing","Archived","medium-high (filename/path keyword match, content not read)","",""
4176,"scoring-criteria.md","sibling-web-agency","Agents;Marketing","Archived","medium-high (filename/path keyword match, content not read)","",""
4177,"SKILL.md","sibling-web-agency","Agents;Marketing","Archived","medium-high (filename/path keyword match, content not read)","",""
4178,"evals.json","sibling-web-agency","Agents;Marketing","Archived","medium-high (filename/path keyword match, content not read)","",""
4179,"cancel-flow-patterns.md","sibling-web-agency","Agents;Marketing","Archived","medium-high (filename/path keyword match, content not read)","",""
4180,"dunning-playbook.md","sibling-web-agency","Agents;Marketing","Archived","medium-high (filename/path keyword match, content not read)","",""
4181,"SKILL.md","sibling-web-agency","Agents;Marketing","Archived","medium-high (filename/path keyword match, content not read)","",""
4182,"evals.json","sibling-web-agency","Agents;Marketing","Archived","medium-high (filename/path keyword match, content not read)","",""
4183,"SKILL.md","sibling-web-agency","Agents;Marketing","Archived","medium-high (filename/path keyword match, content not read)","",""
4184,"evals.json","sibling-web-agency","Agents;Marketing","Archived","medium-high (filename/path keyword match, content not read)","",""
4185,"benchmarks.md","sibling-web-agency","Agents;Marketing","Archived","medium-high (filename/path keyword match, content not read)","",""
4186,"follow-up-sequences.md","sibling-web-agency","Agents;Marketing","Archived","medium-high (filename/path keyword match, content not read)","",""
4187,"frameworks.md","sibling-web-agency","Agents;Marketing","Archived","medium-high (filename/path keyword match, content not read)","",""
4188,"personalization.md","sibling-web-agency","Agents;Marketing","Archived","medium-high (filename/path keyword match, content not read)","",""
4189,"subject-lines.md","sibling-web-agency","Agents;Marketing","Archived","medium-high (filename/path keyword match, content not read)","",""
4190,"SKILL.md","sibling-web-agency","Agents;Marketing","Archived","medium-high (filename/path keyword match, content not read)","",""
4191,"evals.json","sibling-web-agency","Agents;Marketing","Archived","medium-high (filename/path keyword match, content not read)","",""
4192,"SKILL.md","sibling-web-agency","Agents;Marketing","Archived","medium-high (filename/path keyword match, content not read)","",""
4193,"evals.json","sibling-web-agency","Agents;Marketing","Archived","medium-high (filename/path keyword match, content not read)","",""
4194,"templates.md","sibling-web-agency","Agents;Marketing","Archived","medium-high (filename/path keyword match, content not read)","",""
4195,"tool-reference.md","sibling-web-agency","Agents;Marketing","Archived","medium-high (filename/path keyword match, content not read)","",""
4196,"SKILL.md","sibling-web-agency","Agents;Marketing","Archived","medium-high (filename/path keyword match, content not read)","",""
4197,"evals.json","sibling-web-agency","Agents;Marketing","Archived","medium-high (filename/path keyword match, content not read)","",""
4198,"content-architecture.md","sibling-web-agency","Architecture;Agents;Marketing","Archived","medium-high (filename/path keyword match, content not read)","",""
4199,"templates.md","sibling-web-agency","Agents;Marketing","Archived","medium-high (filename/path keyword match, content not read)","",""
4200,"SKILL.md","sibling-web-agency","Agents;Marketing","Archived","medium-high (filename/path keyword match, content not read)","",""
4201,"evals.json","sibling-web-agency","Agents;Marketing","Archived","medium-high (filename/path keyword match, content not read)","",""
4202,"headless-cms.md","sibling-web-agency","Agents;Marketing","Archived","medium-high (filename/path keyword match, content not read)","",""
4203,"SKILL.md","sibling-web-agency","Agents;Marketing","Archived","medium-high (filename/path keyword match, content not read)","",""
4204,"evals.json","sibling-web-agency","Agents;Marketing","Archived","medium-high (filename/path keyword match, content not read)","",""
4205,"checklist.md","sibling-web-agency","Agents;Marketing;Documentation","Archived","medium-high (filename/path keyword match, content not read)","",""
4206,"content-refresh.md","sibling-web-agency","Agents;Marketing","Archived","medium-high (filename/path keyword match, content not read)","",""
4207,"plain-english-alternatives.md","sibling-web-agency","Agents;Marketing","Archived","medium-high (filename/path keyword match, content not read)","",""
4208,"SKILL.md","sibling-web-agency","Agents;Marketing","Archived","medium-high (filename/path keyword match, content not read)","",""
4209,"evals.json","sibling-web-agency","Agents;Marketing","Archived","medium-high (filename/path keyword match, content not read)","",""
4210,"copy-frameworks.md","sibling-web-agency","Agents;Marketing","Archived","medium-high (filename/path keyword match, content not read)","",""
4211,"natural-transitions.md","sibling-web-agency","Agents;Marketing","Archived","medium-high (filename/path keyword match, content not read)","",""
4212,"SKILL.md","sibling-web-agency","Agents;Marketing","Archived","medium-high (filename/path keyword match, content not read)","",""
4213,"evals.json","sibling-web-agency","Agents;Marketing","Archived","medium-high (filename/path keyword match, content not read)","",""
4214,"experiments.md","sibling-web-agency","Agents;Marketing","Archived","medium-high (filename/path keyword match, content not read)","",""
4215,"form.md","sibling-web-agency","Agents;Marketing","Archived","medium-high (filename/path keyword match, content not read)","",""
4216,"SKILL.md","sibling-web-agency","Agents;Marketing","Archived","medium-high (filename/path keyword match, content not read)","",""
4217,"evals.json","sibling-web-agency","Agents;Marketing;Research","Archived","medium-high (filename/path keyword match, content not read)","",""
4218,"source-guides.md","sibling-web-agency","Agents;Marketing;Research;Documentation","Archived","medium-high (filename/path keyword match, content not read)","",""
4219,"SKILL.md","sibling-web-agency","Agents;Marketing;Research","Archived","medium-high (filename/path keyword match, content not read)","",""
4220,"evals.json","sibling-web-agency","Agents;Marketing","Archived","medium-high (filename/path keyword match, content not read)","",""
4221,"directory-list.md","sibling-web-agency","Agents;Marketing","Archived","medium-high (filename/path keyword match, content not read)","",""
4222,"positioning-variations.md","sibling-web-agency","Agents;Marketing","Archived","medium-high (filename/path keyword match, content not read)","",""
4223,"submission-tracker-template.csv","sibling-web-agency","Agents;Marketing","Archived","medium-high (filename/path keyword match, content not read)","",""
4224,"SKILL.md","sibling-web-agency","Agents;Marketing","Archived","medium-high (filename/path keyword match, content not read)","",""
4225,"evals.json","sibling-web-agency","Agents;Marketing","Archived","medium-high (filename/path keyword match, content not read)","",""
4226,"copy-guidelines.md","sibling-web-agency","Agents;Marketing;Documentation","Archived","medium-high (filename/path keyword match, content not read)","",""
4227,"email-types.md","sibling-web-agency","Agents;Marketing","Archived","medium-high (filename/path keyword match, content not read)","",""
4228,"sequence-templates.md","sibling-web-agency","Agents;Marketing","Archived","medium-high (filename/path keyword match, content not read)","",""
4229,"SKILL.md","sibling-web-agency","Agents;Marketing","Archived","medium-high (filename/path keyword match, content not read)","",""
4230,"evals.json","sibling-web-agency","Agents;Marketing","Archived","medium-high (filename/path keyword match, content not read)","",""
4231,"tool-types.md","sibling-web-agency","Agents;Marketing","Archived","medium-high (filename/path keyword match, content not read)","",""
4232,"SKILL.md","sibling-web-agency","Agents;Marketing","Archived","medium-high (filename/path keyword match, content not read)","",""
4233,"evals.json","sibling-web-agency","Agents;Marketing","Archived","medium-high (filename/path keyword match, content not read)","",""
4234,"ai-image-prompting.md","sibling-web-agency","AI;Prompt Engineering;Agents;Marketing","Archived","medium-high (filename/path keyword match, content not read)","",""
4235,"SKILL.md","sibling-web-agency","Agents;Marketing","Archived","medium-high (filename/path keyword match, content not read)","",""
4236,"evals.json","sibling-web-agency","Agents;Marketing","Archived","medium-high (filename/path keyword match, content not read)","",""
4237,"SKILL.md","sibling-web-agency","Agents;Marketing","Archived","medium-high (filename/path keyword match, content not read)","",""
4238,"evals.json","sibling-web-agency","Agents;Marketing","Archived","medium-high (filename/path keyword match, content not read)","",""
4239,"benchmarks.md","sibling-web-agency","Agents;Marketing","Archived","medium-high (filename/path keyword match, content not read)","",""
4240,"format-guide.md","sibling-web-agency","Agents;Marketing;Documentation","Archived","medium-high (filename/path keyword match, content not read)","",""
4241,"SKILL.md","sibling-web-agency","Agents;Marketing","Archived","medium-high (filename/path keyword match, content not read)","",""
4242,"evals.json","sibling-web-agency","Agents;Marketing","Archived","medium-high (filename/path keyword match, content not read)","",""
4243,"ideas-by-category.md","sibling-web-agency","Agents;Marketing","Archived","medium-high (filename/path keyword match, content not read)","",""
4244,"SKILL.md","sibling-web-agency","Agents;Marketing","Archived","medium-high (filename/path keyword match, content not read)","",""
4245,"evals.json","sibling-web-agency","Agents;Marketing","Archived","medium-high (filename/path keyword match, content not read)","",""
4246,"aarrr-framework.md","sibling-web-agency","Agents;Marketing","Archived","medium-high (filename/path keyword match, content not read)","",""
4247,"budget-planning.md","sibling-web-agency","Agents;Marketing","Archived","medium-high (filename/path keyword match, content not read)","",""
4248,"client-types.md","sibling-web-agency","Agents;Marketing","Archived","medium-high (filename/path keyword match, content not read)","",""
4249,"current-state-rubric.md","sibling-web-agency","Agents;Marketing","Archived","medium-high (filename/path keyword match, content not read)","",""
4250,"example-quietude.md","sibling-web-agency","Agents;Marketing","Archived","medium-high (filename/path keyword match, content not read)","",""
4251,"funding-stage-unlocks.md","sibling-web-agency","Agents;Marketing","Archived","medium-high (filename/path keyword match, content not read)","",""
4252,"growth-patterns.md","sibling-web-agency","Agents;Marketing","Archived","medium-high (filename/path keyword match, content not read)","",""
4253,"idea-cross-reference.md","sibling-web-agency","Agents;Marketing","Archived","medium-high (filename/path keyword match, content not read)","",""
4254,"measurement-framework.md","sibling-web-agency","Agents;Marketing","Archived","medium-high (filename/path keyword match, content not read)","",""
4255,"methodology.md","sibling-web-agency","Agents;Marketing","Archived","medium-high (filename/path keyword match, content not read)","",""
4256,"ops-stack-mapping.md","sibling-web-agency","Agents;Marketing","Archived","medium-high (filename/path keyword match, content not read)","",""
4257,"plan-template.md","sibling-web-agency","Agents;Marketing","Archived","medium-high (filename/path keyword match, content not read)","",""
4258,"team-and-agency-model.md","sibling-web-agency","Agents;Marketing","Archived","medium-high (filename/path keyword match, content not read)","",""
4259,"SKILL.md","sibling-web-agency","Agents;Marketing","Archived","medium-high (filename/path keyword match, content not read)","",""
4260,"evals.json","sibling-web-agency","Agents;Marketing","Archived","medium-high (filename/path keyword match, content not read)","",""
4261,"SKILL.md","sibling-web-agency","Agents;Marketing","Archived","medium-high (filename/path keyword match, content not read)","",""
4262,"evals.json","sibling-web-agency","Agents;Marketing","Archived","medium-high (filename/path keyword match, content not read)","",""
4263,"experiments.md","sibling-web-agency","Agents;Marketing","Archived","medium-high (filename/path keyword match, content not read)","",""
4264,"SKILL.md","sibling-web-agency","Agents;Marketing","Archived","medium-high (filename/path keyword match, content not read)","",""
4265,"evals.json","sibling-web-agency","Agents;Marketing","Archived","medium-high (filename/path keyword match, content not read)","",""
4266,"experiments.md","sibling-web-agency","Agents;Marketing","Archived","medium-high (filename/path keyword match, content not read)","",""
4267,"SKILL.md","sibling-web-agency","Agents;Marketing","Archived","medium-high (filename/path keyword match, content not read)","",""
4268,"evals.json","sibling-web-agency","Agents;Marketing","Archived","medium-high (filename/path keyword match, content not read)","",""
4269,"SKILL.md","sibling-web-agency","Agents;Marketing","Archived","medium-high (filename/path keyword match, content not read)","",""
4270,"evals.json","sibling-web-agency","Agents;Marketing","Archived","medium-high (filename/path keyword match, content not read)","",""
4271,"research-methods.md","sibling-web-agency","Agents;Marketing;Research","Archived","medium-high (filename/path keyword match, content not read)","",""
4272,"tier-structure.md","sibling-web-agency","Agents;Marketing","Archived","medium-high (filename/path keyword match, content not read)","",""
4273,"SKILL.md","sibling-web-agency","Agents;Marketing","Archived","medium-high (filename/path keyword match, content not read)","",""
4274,"evals.json","sibling-web-agency","Agents;Marketing","Archived","medium-high (filename/path keyword match, content not read)","",""
4275,"SKILL.md","sibling-web-agency","Agents;Marketing","Archived","medium-high (filename/path keyword match, content not read)","",""
4276,"evals.json","sibling-web-agency","Agents;Marketing;SEO","Archived","medium-high (filename/path keyword match, content not read)","",""
4277,"playbooks.md","sibling-web-agency","Agents;Marketing;SEO","Archived","medium-high (filename/path keyword match, content not read)","",""
4278,"SKILL.md","sibling-web-agency","Agents;Marketing;SEO","Archived","medium-high (filename/path keyword match, content not read)","",""
4279,"evals.json","sibling-web-agency","Agents;Marketing","Archived","medium-high (filename/path keyword match, content not read)","",""
4280,"b2b-prospecting.md","sibling-web-agency","Agents;Marketing","Archived","medium-high (filename/path keyword match, content not read)","",""
4281,"compliance.md","sibling-web-agency","Agents;Marketing;Compliance","Archived","medium-high (filename/path keyword match, content not read)","",""
4282,"data-sources.md","sibling-web-agency","Agents;Marketing","Archived","medium-high (filename/path keyword match, content not read)","",""
4283,"local-prospecting.md","sibling-web-agency","Agents;Marketing","Archived","medium-high (filename/path keyword match, content not read)","",""
4284,"saas-prospecting.md","sibling-web-agency","Agents;Marketing","Archived","medium-high (filename/path keyword match, content not read)","",""
4285,"SKILL.md","sibling-web-agency","Agents;Marketing","Archived","medium-high (filename/path keyword match, content not read)","",""
4286,"journalist-pitching.md","sibling-web-agency","Agents;Marketing","Archived","medium-high (filename/path keyword match, content not read)","",""
4287,"media-outlets.md","sibling-web-agency","Agents;Marketing","Archived","medium-high (filename/path keyword match, content not read)","",""
4288,"newsjacking.md","sibling-web-agency","Agents;Marketing","Archived","medium-high (filename/path keyword match, content not read)","",""
4289,"press-platforms.md","sibling-web-agency","Agents;Marketing","Archived","medium-high (filename/path keyword match, content not read)","",""
4290,"SKILL.md","sibling-web-agency","Agents;Marketing","Archived","medium-high (filename/path keyword match, content not read)","",""
4291,"evals.json","sibling-web-agency","Agents;Marketing","Archived","medium-high (filename/path keyword match, content not read)","",""
4292,"affiliate-programs.md","sibling-web-agency","Agents;Marketing","Archived","medium-high (filename/path keyword match, content not read)","",""
4293,"program-examples.md","sibling-web-agency","Agents;Marketing","Archived","medium-high (filename/path keyword match, content not read)","",""
4294,"SKILL.md","sibling-web-agency","Agents;Marketing","Archived","medium-high (filename/path keyword match, content not read)","",""
4295,"evals.json","sibling-web-agency","Agents;Marketing","Archived","medium-high (filename/path keyword match, content not read)","",""
4296,"automation-playbooks.md","sibling-web-agency","Automation;Agents;Marketing","Archived","medium-high (filename/path keyword match, content not read)","",""
4297,"lifecycle-definitions.md","sibling-web-agency","Agents;Marketing","Archived","medium-high (filename/path keyword match, content not read)","",""
4298,"routing-rules.md","sibling-web-agency","Agents;Marketing","Archived","medium-high (filename/path keyword match, content not read)","",""
4299,"scoring-models.md","sibling-web-agency","Agents;Marketing","Archived","medium-high (filename/path keyword match, content not read)","",""
4300,"SKILL.md","sibling-web-agency","Agents;Marketing","Archived","medium-high (filename/path keyword match, content not read)","",""
4301,"evals.json","sibling-web-agency","Agents;Marketing","Archived","medium-high (filename/path keyword match, content not read)","",""
4302,"deck-frameworks.md","sibling-web-agency","Agents;Marketing","Archived","medium-high (filename/path keyword match, content not read)","",""
4303,"demo-scripts.md","sibling-web-agency","Agents;Marketing","Archived","medium-high (filename/path keyword match, content not read)","",""
4304,"objection-library.md","sibling-web-agency","Agents;Marketing","Archived","medium-high (filename/path keyword match, content not read)","",""
4305,"one-pager-templates.md","sibling-web-agency","Agents;Marketing","Archived","medium-high (filename/path keyword match, content not read)","",""
4306,"SKILL.md","sibling-web-agency","Agents;Marketing","Archived","medium-high (filename/path keyword match, content not read)","",""
4307,"evals.json","sibling-web-agency","Agents;Marketing","Archived","medium-high (filename/path keyword match, content not read)","",""
4308,"schema-examples.md","sibling-web-agency","Agents;Marketing","Archived","medium-high (filename/path keyword match, content not read)","",""
4309,"SKILL.md","sibling-web-agency","Agents;Marketing","Archived","medium-high (filename/path keyword match, content not read)","",""
4310,"evals.json","sibling-web-agency","Agents;Marketing;SEO;Documentation","Archived","medium-high (filename/path keyword match, content not read)","",""
4311,"ai-writing-detection.md","sibling-web-agency","AI;Agents;Marketing;SEO;Documentation","Archived","medium-high (filename/path keyword match, content not read)","",""
4312,"international-seo.md","sibling-web-agency","Agents;Marketing;SEO;Documentation","Archived","medium-high (filename/path keyword match, content not read)","",""
4313,"SKILL.md","sibling-web-agency","Agents;Marketing;SEO;Documentation","Archived","medium-high (filename/path keyword match, content not read)","",""
4314,"evals.json","sibling-web-agency","Agents;Marketing","Archived","medium-high (filename/path keyword match, content not read)","",""
4315,"SKILL.md","sibling-web-agency","Agents;Marketing","Archived","medium-high (filename/path keyword match, content not read)","",""
4316,"evals.json","sibling-web-agency","Architecture;Agents;Marketing","Archived","medium-high (filename/path keyword match, content not read)","",""
4317,"mermaid-templates.md","sibling-web-agency","Architecture;Agents;Marketing","Archived","medium-high (filename/path keyword match, content not read)","",""
4318,"navigation-patterns.md","sibling-web-agency","Architecture;Agents;Marketing","Archived","medium-high (filename/path keyword match, content not read)","",""
4319,"site-type-templates.md","sibling-web-agency","Architecture;Agents;Marketing","Archived","medium-high (filename/path keyword match, content not read)","",""
4320,"SKILL.md","sibling-web-agency","Architecture;Agents;Marketing","Archived","medium-high (filename/path keyword match, content not read)","",""
4321,"evals.json","sibling-web-agency","Agents;Marketing","Archived","medium-high (filename/path keyword match, content not read)","",""
4322,"compliance.md","sibling-web-agency","Agents;Marketing;Compliance","Archived","medium-high (filename/path keyword match, content not read)","",""
4323,"platforms.md","sibling-web-agency","Agents;Marketing","Archived","medium-high (filename/path keyword match, content not read)","",""
4324,"sequence-templates.md","sibling-web-agency","Agents;Marketing","Archived","medium-high (filename/path keyword match, content not read)","",""
4325,"SKILL.md","sibling-web-agency","Agents;Marketing","Archived","medium-high (filename/path keyword match, content not read)","",""
4326,"evals.json","sibling-web-agency","Agents;Marketing","Archived","medium-high (filename/path keyword match, content not read)","",""
4327,"listening-sources-template.md","sibling-web-agency","Agents;Marketing","Archived","medium-high (filename/path keyword match, content not read)","",""
4328,"listening.md","sibling-web-agency","Agents;Marketing","Archived","medium-high (filename/path keyword match, content not read)","",""
4329,"platform-limits.md","sibling-web-agency","Agents;Marketing","Archived","medium-high (filename/path keyword match, content not read)","",""
4330,"platforms.md","sibling-web-agency","Agents;Marketing","Archived","medium-high (filename/path keyword match, content not read)","",""
4331,"post-templates.md","sibling-web-agency","Agents;Marketing","Archived","medium-high (filename/path keyword match, content not read)","",""
4332,"reverse-engineering.md","sibling-web-agency","Agents;Marketing","Archived","medium-high (filename/path keyword match, content not read)","",""
4333,"short-form-video.md","sibling-web-agency","Agents;Marketing","Archived","medium-high (filename/path keyword match, content not read)","",""
4334,"SKILL.md","sibling-web-agency","Agents;Marketing","Archived","medium-high (filename/path keyword match, content not read)","",""
4335,"evals.json","sibling-web-agency","Agents;Marketing","Archived","medium-high (filename/path keyword match, content not read)","",""
4336,"ai-video-prompting.md","sibling-web-agency","AI;Prompt Engineering;Agents;Marketing","Archived","medium-high (filename/path keyword match, content not read)","",""
4337,"SKILL.md","sibling-web-agency","Agents;Marketing","Archived","medium-high (filename/path keyword match, content not read)","",""
4338,"README.md","sibling-web-agency","Agents;Marketing;Documentation","Archived","medium-high (filename/path keyword match, content not read)","",""
4339,"marketing-tools.md","sibling-web-agency","Agents;Marketing","Archived","medium-high (filename/path keyword match, content not read)","",""
4340,"README.md","sibling-web-agency","Agents;Marketing;Documentation","Archived","medium-high (filename/path keyword match, content not read)","",""
4341,"activecampaign.md","sibling-web-agency","Agents;Marketing","Archived","medium-high (filename/path keyword match, content not read)","",""
4342,"adobe-analytics.md","sibling-web-agency","Agents;Marketing;Analytics","Archived","medium-high (filename/path keyword match, content not read)","",""
4343,"ahrefs.md","sibling-web-agency","Agents;Marketing","Archived","medium-high (filename/path keyword match, content not read)","",""
4344,"airops.md","sibling-web-agency","Agents;Marketing","Archived","medium-high (filename/path keyword match, content not read)","",""
4345,"amplitude.md","sibling-web-agency","Agents;Marketing","Archived","medium-high (filename/path keyword match, content not read)","",""
4346,"apollo.md","sibling-web-agency","Agents;Marketing","Archived","medium-high (filename/path keyword match, content not read)","",""
4347,"attentive.md","sibling-web-agency","Agents;Marketing","Archived","medium-high (filename/path keyword match, content not read)","",""
4348,"audiencetap.md","sibling-web-agency","Agents;Marketing","Archived","medium-high (filename/path keyword match, content not read)","",""
4349,"beehiiv.md","sibling-web-agency","Agents;Marketing","Archived","medium-high (filename/path keyword match, content not read)","",""
4350,"brevo.md","sibling-web-agency","Agents;Marketing","Archived","medium-high (filename/path keyword match, content not read)","",""
4351,"browserbase.md","sibling-web-agency","Agents;Marketing","Archived","medium-high (filename/path keyword match, content not read)","",""
4352,"buffer.md","sibling-web-agency","Agents;Marketing","Archived","medium-high (filename/path keyword match, content not read)","",""
4353,"calendly.md","sibling-web-agency","Agents;Marketing","Archived","medium-high (filename/path keyword match, content not read)","",""
4354,"clay.md","sibling-web-agency","Agents;Marketing","Archived","medium-high (filename/path keyword match, content not read)","",""
4355,"clearbit.md","sibling-web-agency","Agents;Marketing","Archived","medium-high (filename/path keyword match, content not read)","",""
4356,"close.md","sibling-web-agency","Agents;Marketing","Archived","medium-high (filename/path keyword match, content not read)","",""
4357,"cogny.md","sibling-web-agency","Agents;Marketing","Archived","medium-high (filename/path keyword match, content not read)","",""
4358,"composio.md","sibling-web-agency","Agents;Marketing","Archived","medium-high (filename/path keyword match, content not read)","",""
4359,"contentful.md","sibling-web-agency","Agents;Marketing","Archived","medium-high (filename/path keyword match, content not read)","",""
4360,"coupler.md","sibling-web-agency","Agents;Marketing","Archived","medium-high (filename/path keyword match, content not read)","",""
4361,"crossbeam.md","sibling-web-agency","Agents;Marketing","Archived","medium-high (filename/path keyword match, content not read)","",""
4362,"customer-io.md","sibling-web-agency","Agents;Marketing","Archived","medium-high (filename/path keyword match, content not read)","",""
4363,"dataforseo.md","sibling-web-agency","Agents;Marketing","Archived","medium-high (filename/path keyword match, content not read)","",""
4364,"demio.md","sibling-web-agency","Agents;Marketing","Archived","medium-high (filename/path keyword match, content not read)","",""
4365,"dub-co.md","sibling-web-agency","Agents;Marketing","Archived","medium-high (filename/path keyword match, content not read)","",""
4366,"exa.md","sibling-web-agency","Agents;Marketing","Archived","medium-high (filename/path keyword match, content not read)","",""
4367,"firecrawl.md","sibling-web-agency","Agents;Marketing","Archived","medium-high (filename/path keyword match, content not read)","",""
4368,"firehose.md","sibling-web-agency","Agents;Marketing","Archived","medium-high (filename/path keyword match, content not read)","",""
4369,"g2.md","sibling-web-agency","Agents;Marketing","Archived","medium-high (filename/path keyword match, content not read)","",""
4370,"ga4.md","sibling-web-agency","Agents;Marketing","Archived","medium-high (filename/path keyword match, content not read)","",""
4371,"github.md","sibling-web-agency","Agents;Marketing","Archived","medium-high (filename/path keyword match, content not read)","",""
4372,"gong.md","sibling-web-agency","Agents;Marketing","Archived","medium-high (filename/path keyword match, content not read)","",""
4373,"google-ads.md","sibling-web-agency","Agents;Marketing","Archived","medium-high (filename/path keyword match, content not read)","",""
4374,"google-search-console.md","sibling-web-agency","Agents;Marketing","Archived","medium-high (filename/path keyword match, content not read)","",""
4375,"heygen.md","sibling-web-agency","Agents;Marketing","Archived","medium-high (filename/path keyword match, content not read)","",""
4376,"hotjar.md","sibling-web-agency","Agents;Marketing","Archived","medium-high (filename/path keyword match, content not read)","",""
4377,"hubspot.md","sibling-web-agency","Agents;Marketing","Archived","medium-high (filename/path keyword match, content not read)","",""
4378,"hunter.md","sibling-web-agency","Agents;Marketing","Archived","medium-high (filename/path keyword match, content not read)","",""
4379,"hyperframes.md","sibling-web-agency","Agents;Marketing","Archived","medium-high (filename/path keyword match, content not read)","",""
4380,"instantly.md","sibling-web-agency","Agents;Marketing","Archived","medium-high (filename/path keyword match, content not read)","",""
4381,"intercom.md","sibling-web-agency","Agents;Marketing","Archived","medium-high (filename/path keyword match, content not read)","",""
4382,"introw.md","sibling-web-agency","Agents;Marketing","Archived","medium-high (filename/path keyword match, content not read)","",""
4383,"keywords-everywhere.md","sibling-web-agency","Agents;Marketing","Archived","medium-high (filename/path keyword match, content not read)","",""
4384,"kit.md","sibling-web-agency","Agents;Marketing","Archived","medium-high (filename/path keyword match, content not read)","",""
4385,"klaviyo.md","sibling-web-agency","Agents;Marketing","Archived","medium-high (filename/path keyword match, content not read)","",""
4386,"lemlist.md","sibling-web-agency","Agents;Marketing","Archived","medium-high (filename/path keyword match, content not read)","",""
4387,"linkedin-ads.md","sibling-web-agency","Agents;Marketing","Archived","medium-high (filename/path keyword match, content not read)","",""
4388,"livestorm.md","sibling-web-agency","Agents;Marketing","Archived","medium-high (filename/path keyword match, content not read)","",""
4389,"mailchimp.md","sibling-web-agency","Agents;Marketing","Archived","medium-high (filename/path keyword match, content not read)","",""
4390,"mention-me.md","sibling-web-agency","Agents;Marketing","Archived","medium-high (filename/path keyword match, content not read)","",""
4391,"meta-ads.md","sibling-web-agency","Agents;Marketing","Archived","medium-high (filename/path keyword match, content not read)","",""
4392,"mixpanel.md","sibling-web-agency","Agents;Marketing","Archived","medium-high (filename/path keyword match, content not read)","",""
4393,"nitrosend.md","sibling-web-agency","Agents;Marketing","Archived","medium-high (filename/path keyword match, content not read)","",""
4394,"onesignal.md","sibling-web-agency","Agents;Marketing","Archived","medium-high (filename/path keyword match, content not read)","",""
4395,"optimizely.md","sibling-web-agency","Agents;Marketing","Archived","medium-high (filename/path keyword match, content not read)","",""
4396,"outreach.md","sibling-web-agency","Agents;Marketing","Archived","medium-high (filename/path keyword match, content not read)","",""
4397,"paddle.md","sibling-web-agency","Agents;Marketing","Archived","medium-high (filename/path keyword match, content not read)","",""
4398,"partnerstack.md","sibling-web-agency","Agents;Marketing","Archived","medium-high (filename/path keyword match, content not read)","",""
4399,"pendo.md","sibling-web-agency","Agents;Marketing","Archived","medium-high (filename/path keyword match, content not read)","",""
4400,"plausible.md","sibling-web-agency","Agents;Marketing","Archived","medium-high (filename/path keyword match, content not read)","",""
4401,"plivo.md","sibling-web-agency","Agents;Marketing","Archived","medium-high (filename/path keyword match, content not read)","",""
4402,"posthog.md","sibling-web-agency","Agents;Marketing","Archived","medium-high (filename/path keyword match, content not read)","",""
4403,"postmark.md","sibling-web-agency","Agents;Marketing","Archived","medium-high (filename/path keyword match, content not read)","",""
4404,"postscript.md","sibling-web-agency","Agents;Marketing","Archived","medium-high (filename/path keyword match, content not read)","",""
4405,"rankparse.md","sibling-web-agency","Agents;Marketing","Archived","medium-high (filename/path keyword match, content not read)","",""
4406,"rb2b.md","sibling-web-agency","Agents;Marketing","Archived","medium-high (filename/path keyword match, content not read)","",""
4407,"resend.md","sibling-web-agency","Agents;Marketing","Archived","medium-high (filename/path keyword match, content not read)","",""
4408,"rewardful.md","sibling-web-agency","Agents;Marketing","Archived","medium-high (filename/path keyword match, content not read)","",""
4409,"salesforce.md","sibling-web-agency","Agents;Marketing","Archived","medium-high (filename/path keyword match, content not read)","",""
4410,"sanity.md","sibling-web-agency","Agents;Marketing","Archived","medium-high (filename/path keyword match, content not read)","",""
4411,"savvycal.md","sibling-web-agency","Agents;Marketing","Archived","medium-high (filename/path keyword match, content not read)","",""
4412,"segment.md","sibling-web-agency","Agents;Marketing","Archived","medium-high (filename/path keyword match, content not read)","",""
4413,"semrush.md","sibling-web-agency","Agents;Marketing","Archived","medium-high (filename/path keyword match, content not read)","",""
4414,"sendgrid.md","sibling-web-agency","Agents;Marketing","Archived","medium-high (filename/path keyword match, content not read)","",""
4415,"sequenzy.md","sibling-web-agency","Agents;Marketing","Archived","medium-high (filename/path keyword match, content not read)","",""
4416,"shopify.md","sibling-web-agency","Agents;Marketing","Archived","medium-high (filename/path keyword match, content not read)","",""
4417,"similarweb.md","sibling-web-agency","Agents;Marketing","Archived","medium-high (filename/path keyword match, content not read)","",""
4418,"snov.md","sibling-web-agency","Agents;Marketing","Archived","medium-high (filename/path keyword match, content not read)","",""
4419,"sparktoro.md","sibling-web-agency","Agents;Marketing","Archived","medium-high (filename/path keyword match, content not read)","",""
4420,"strapi.md","sibling-web-agency","Agents;Marketing","Archived","medium-high (filename/path keyword match, content not read)","",""
4421,"stripe.md","sibling-web-agency","Agents;Marketing","Archived","medium-high (filename/path keyword match, content not read)","",""
4422,"supermetrics.md","sibling-web-agency","Agents;Marketing","Archived","medium-high (filename/path keyword match, content not read)","",""
4423,"tiktok-ads.md","sibling-web-agency","Agents;Marketing","Archived","medium-high (filename/path keyword match, content not read)","",""
4424,"tolt.md","sibling-web-agency","Agents;Marketing","Archived","medium-high (filename/path keyword match, content not read)","",""
4425,"truelist.md","sibling-web-agency","Agents;Marketing","Archived","medium-high (filename/path keyword match, content not read)","",""
4426,"trustpilot.md","sibling-web-agency","Agents;Marketing","Archived","medium-high (filename/path keyword match, content not read)","",""
4427,"twilio.md","sibling-web-agency","Agents;Marketing","Archived","medium-high (filename/path keyword match, content not read)","",""
4428,"typeform.md","sibling-web-agency","Agents;Marketing","Archived","medium-high (filename/path keyword match, content not read)","",""
4429,"webflow.md","sibling-web-agency","Agents;Marketing","Archived","medium-high (filename/path keyword match, content not read)","",""
4430,"wistia.md","sibling-web-agency","Agents;Marketing","Archived","medium-high (filename/path keyword match, content not read)","",""
4431,"wordpress.md","sibling-web-agency","Agents;Marketing","Archived","medium-high (filename/path keyword match, content not read)","",""
4432,"zapier.md","sibling-web-agency","Agents;Marketing","Archived","medium-high (filename/path keyword match, content not read)","",""
4433,"zoominfo.md","sibling-web-agency","Agents;Marketing","Archived","medium-high (filename/path keyword match, content not read)","",""
4434,"REGISTRY.md","sibling-web-agency","Agents;Marketing","Archived","medium-high (filename/path keyword match, content not read)","",""
4435,"validate-skills-official.sh","sibling-web-agency","Agents;Marketing","Archived","medium-high (filename/path keyword match, content not read)","",""
4436,"validate-skills.sh","sibling-web-agency","Agents;Marketing","Archived","medium-high (filename/path keyword match, content not read)","",""
4437,"VERSIONS.md","sibling-web-agency","Agents;Marketing","Archived","medium-high (filename/path keyword match, content not read)","",""
4438,"vercel.json","sibling-web-agency","Infrastructure;Deployment;Agents","Archived","medium-high (filename/path keyword match, content not read)","",""
4439,"bell24h-deploy.zip","projects-root","Deployment;Infrastructure","Legacy","medium-high (filename/path keyword match, content not read)","",""
4440,"bell_final logo.jpeg","projects-root","Branding","Legacy","medium-high (filename/path keyword match, content not read)","",""
4441,"BRUTAL REALITY CHECK - YOUR SUPPLIE.txt","projects-root","Conversation Archive","Legacy","medium-high (filename/path keyword match, content not read)","",""
4442,"BRUTAL REALITY CHECK YES, THIS IS A.txt","projects-root","Conversation Archive","Legacy","medium-high (filename/path keyword match, content not read)","",""
4443,"chromewebdata_2025-06-19_10-18-54.report.html","projects-root","Unknown","Legacy","low","",""
4444,"CONTINUING COMPLETE FIX - EXECUTING.txt","projects-root","Conversation Archive","Legacy","medium-high (filename/path keyword match, content not read)","",""
4445,"dashboard.html","projects-root","Unknown","Legacy","low","",""
4446,"Deadline exceeded Encountered retry.txt","projects-root","Conversation Archive","Legacy","medium-high (filename/path keyword match, content not read)","",""
4447,"landing.html","projects-root","Unknown","Legacy","low","",""
4448,"login.html","projects-root","Unknown","Legacy","low","",""
4449,"Multi-Agent-Web-Agency-main.zip","projects-root","Agents","Legacy","medium-high (filename/path keyword match, content not read)","",""