id,filename,relative_path,repository,size_bytes,modified_date,file_type,source,parent_folder
1,"product-marketing.md",".agents/product-marketing.md","current-repo","8456","2026-06-26","md","current-repo-filesystem",".agents"
2,"evals.json",".agents/skills/ab-testing/evals/evals.json","current-repo","8027","2026-06-16","json","current-repo-filesystem",".agents/skills/ab-testing/evals"
3,"sample-size-guide.md",".agents/skills/ab-testing/references/sample-size-guide.md","current-repo","7716","2026-06-16","md","current-repo-filesystem",".agents/skills/ab-testing/references"
4,"test-templates.md",".agents/skills/ab-testing/references/test-templates.md","current-repo","6750","2026-06-16","md","current-repo-filesystem",".agents/skills/ab-testing/references"
5,"SKILL.md",".agents/skills/ab-testing/SKILL.md","current-repo","11515","2026-06-16","md","current-repo-filesystem",".agents/skills/ab-testing"
6,"evals.json",".agents/skills/ad-creative/evals/evals.json","current-repo","6940","2026-06-16","json","current-repo-filesystem",".agents/skills/ad-creative/evals"
7,"generative-tools.md",".agents/skills/ad-creative/references/generative-tools.md","current-repo","24741","2026-06-16","md","current-repo-filesystem",".agents/skills/ad-creative/references"
8,"platform-specs.md",".agents/skills/ad-creative/references/platform-specs.md","current-repo","6738","2026-06-16","md","current-repo-filesystem",".agents/skills/ad-creative/references"
9,"SKILL.md",".agents/skills/ad-creative/SKILL.md","current-repo","13968","2026-06-16","md","current-repo-filesystem",".agents/skills/ad-creative"
10,"evals.json",".agents/skills/ads/evals/evals.json","current-repo","6554","2026-06-16","json","current-repo-filesystem",".agents/skills/ads/evals"
11,"ad-copy-templates.md",".agents/skills/ads/references/ad-copy-templates.md","current-repo","5028","2026-06-16","md","current-repo-filesystem",".agents/skills/ads/references"
12,"audience-targeting.md",".agents/skills/ads/references/audience-targeting.md","current-repo","6310","2026-06-16","md","current-repo-filesystem",".agents/skills/ads/references"
13,"conversion-tracking.md",".agents/skills/ads/references/conversion-tracking.md","current-repo","11494","2026-06-16","md","current-repo-filesystem",".agents/skills/ads/references"
14,"platform-setup-checklists.md",".agents/skills/ads/references/platform-setup-checklists.md","current-repo","7890","2026-06-16","md","current-repo-filesystem",".agents/skills/ads/references"
15,"SKILL.md",".agents/skills/ads/SKILL.md","current-repo","14581","2026-06-16","md","current-repo-filesystem",".agents/skills/ads"
16,"evals.json",".agents/skills/ai-seo/evals/evals.json","current-repo","6677","2026-06-16","json","current-repo-filesystem",".agents/skills/ai-seo/evals"
17,"content-patterns.md",".agents/skills/ai-seo/references/content-patterns.md","current-repo","10322","2026-06-16","md","current-repo-filesystem",".agents/skills/ai-seo/references"
18,"content-types.md",".agents/skills/ai-seo/references/content-types.md","current-repo","2609","2026-06-16","md","current-repo-filesystem",".agents/skills/ai-seo/references"
19,"okf.md",".agents/skills/ai-seo/references/okf.md","current-repo","6056","2026-06-16","md","current-repo-filesystem",".agents/skills/ai-seo/references"
20,"platform-ranking-factors.md",".agents/skills/ai-seo/references/platform-ranking-factors.md","current-repo","11336","2026-06-16","md","current-repo-filesystem",".agents/skills/ai-seo/references"
21,"SKILL.md",".agents/skills/ai-seo/SKILL.md","current-repo","26544","2026-06-16","md","current-repo-filesystem",".agents/skills/ai-seo"
22,"evals.json",".agents/skills/analytics/evals/evals.json","current-repo","6455","2026-06-16","json","current-repo-filesystem",".agents/skills/analytics/evals"
23,"event-library.md",".agents/skills/analytics/references/event-library.md","current-repo","8914","2026-06-16","md","current-repo-filesystem",".agents/skills/analytics/references"
24,"ga4-implementation.md",".agents/skills/analytics/references/ga4-implementation.md","current-repo","6643","2026-06-16","md","current-repo-filesystem",".agents/skills/analytics/references"
25,"gtm-implementation.md",".agents/skills/analytics/references/gtm-implementation.md","current-repo","7960","2026-06-16","md","current-repo-filesystem",".agents/skills/analytics/references"
26,"SKILL.md",".agents/skills/analytics/SKILL.md","current-repo","8670","2026-06-16","md","current-repo-filesystem",".agents/skills/analytics"
27,"evals.json",".agents/skills/aso/evals/evals.json","current-repo","7491","2026-06-16","json","current-repo-filesystem",".agents/skills/aso/evals"
28,"apple-specs.md",".agents/skills/aso/references/apple-specs.md","current-repo","6196","2026-06-16","md","current-repo-filesystem",".agents/skills/aso/references"
29,"benchmarks.md",".agents/skills/aso/references/benchmarks.md","current-repo","5162","2026-06-16","md","current-repo-filesystem",".agents/skills/aso/references"
30,"google-play-specs.md",".agents/skills/aso/references/google-play-specs.md","current-repo","6139","2026-06-16","md","current-repo-filesystem",".agents/skills/aso/references"
31,"report-template.md",".agents/skills/aso/references/report-template.md","current-repo","5337","2026-06-16","md","current-repo-filesystem",".agents/skills/aso/references"
32,"scoring-criteria.md",".agents/skills/aso/references/scoring-criteria.md","current-repo","13880","2026-06-16","md","current-repo-filesystem",".agents/skills/aso/references"
33,"SKILL.md",".agents/skills/aso/SKILL.md","current-repo","15908","2026-06-16","md","current-repo-filesystem",".agents/skills/aso"
34,"evals.json",".agents/skills/churn-prevention/evals/evals.json","current-repo","6755","2026-06-16","json","current-repo-filesystem",".agents/skills/churn-prevention/evals"
35,"cancel-flow-patterns.md",".agents/skills/churn-prevention/references/cancel-flow-patterns.md","current-repo","10966","2026-06-16","md","current-repo-filesystem",".agents/skills/churn-prevention/references"
36,"dunning-playbook.md",".agents/skills/churn-prevention/references/dunning-playbook.md","current-repo","13096","2026-06-16","md","current-repo-filesystem",".agents/skills/churn-prevention/references"
37,"SKILL.md",".agents/skills/churn-prevention/SKILL.md","current-repo","18844","2026-06-16","md","current-repo-filesystem",".agents/skills/churn-prevention"
38,"evals.json",".agents/skills/co-marketing/evals/evals.json","current-repo","6988","2026-06-16","json","current-repo-filesystem",".agents/skills/co-marketing/evals"
39,"SKILL.md",".agents/skills/co-marketing/SKILL.md","current-repo","10443","2026-06-16","md","current-repo-filesystem",".agents/skills/co-marketing"
40,"evals.json",".agents/skills/cold-email/evals/evals.json","current-repo","7119","2026-06-16","json","current-repo-filesystem",".agents/skills/cold-email/evals"
41,"benchmarks.md",".agents/skills/cold-email/references/benchmarks.md","current-repo","5900","2026-06-16","md","current-repo-filesystem",".agents/skills/cold-email/references"
42,"follow-up-sequences.md",".agents/skills/cold-email/references/follow-up-sequences.md","current-repo","3956","2026-06-16","md","current-repo-filesystem",".agents/skills/cold-email/references"
43,"frameworks.md",".agents/skills/cold-email/references/frameworks.md","current-repo","5493","2026-06-16","md","current-repo-filesystem",".agents/skills/cold-email/references"
44,"personalization.md",".agents/skills/cold-email/references/personalization.md","current-repo","4516","2026-06-16","md","current-repo-filesystem",".agents/skills/cold-email/references"
45,"subject-lines.md",".agents/skills/cold-email/references/subject-lines.md","current-repo","3068","2026-06-16","md","current-repo-filesystem",".agents/skills/cold-email/references"
46,"SKILL.md",".agents/skills/cold-email/SKILL.md","current-repo","7509","2026-06-16","md","current-repo-filesystem",".agents/skills/cold-email"
47,"evals.json",".agents/skills/community-marketing/evals/evals.json","current-repo","7803","2026-06-16","json","current-repo-filesystem",".agents/skills/community-marketing/evals"
48,"SKILL.md",".agents/skills/community-marketing/SKILL.md","current-repo","9122","2026-06-16","md","current-repo-filesystem",".agents/skills/community-marketing"
49,"evals.json",".agents/skills/competitor-profiling/evals/evals.json","current-repo","7581","2026-06-16","json","current-repo-filesystem",".agents/skills/competitor-profiling/evals"
50,"templates.md",".agents/skills/competitor-profiling/references/templates.md","current-repo","4835","2026-06-16","md","current-repo-filesystem",".agents/skills/competitor-profiling/references"
51,"tool-reference.md",".agents/skills/competitor-profiling/references/tool-reference.md","current-repo","7261","2026-06-16","md","current-repo-filesystem",".agents/skills/competitor-profiling/references"
52,"SKILL.md",".agents/skills/competitor-profiling/SKILL.md","current-repo","14657","2026-06-16","md","current-repo-filesystem",".agents/skills/competitor-profiling"
53,"evals.json",".agents/skills/competitors/evals/evals.json","current-repo","6777","2026-06-16","json","current-repo-filesystem",".agents/skills/competitors/evals"
54,"content-architecture.md",".agents/skills/competitors/references/content-architecture.md","current-repo","7862","2026-06-16","md","current-repo-filesystem",".agents/skills/competitors/references"
55,"templates.md",".agents/skills/competitors/references/templates.md","current-repo","5638","2026-06-16","md","current-repo-filesystem",".agents/skills/competitors/references"
56,"SKILL.md",".agents/skills/competitors/SKILL.md","current-repo","8586","2026-06-16","md","current-repo-filesystem",".agents/skills/competitors"
57,"evals.json",".agents/skills/content-strategy/evals/evals.json","current-repo","6618","2026-06-16","json","current-repo-filesystem",".agents/skills/content-strategy/evals"
58,"headless-cms.md",".agents/skills/content-strategy/references/headless-cms.md","current-repo","8627","2026-06-16","md","current-repo-filesystem",".agents/skills/content-strategy/references"
59,"SKILL.md",".agents/skills/content-strategy/SKILL.md","current-repo","12637","2026-06-16","md","current-repo-filesystem",".agents/skills/content-strategy"
60,"evals.json",".agents/skills/copy-editing/evals/evals.json","current-repo","7636","2026-06-16","json","current-repo-filesystem",".agents/skills/copy-editing/evals"
61,"checklist.md",".agents/skills/copy-editing/references/checklist.md","current-repo","1794","2026-06-16","md","current-repo-filesystem",".agents/skills/copy-editing/references"
62,"content-refresh.md",".agents/skills/copy-editing/references/content-refresh.md","current-repo","2336","2026-06-16","md","current-repo-filesystem",".agents/skills/copy-editing/references"
63,"plain-english-alternatives.md",".agents/skills/copy-editing/references/plain-english-alternatives.md","current-repo","8652","2026-06-16","md","current-repo-filesystem",".agents/skills/copy-editing/references"
64,"SKILL.md",".agents/skills/copy-editing/SKILL.md","current-repo","15457","2026-06-16","md","current-repo-filesystem",".agents/skills/copy-editing"
65,"evals.json",".agents/skills/copywriting/evals/evals.json","current-repo","8229","2026-06-16","json","current-repo-filesystem",".agents/skills/copywriting/evals"
66,"copy-frameworks.md",".agents/skills/copywriting/references/copy-frameworks.md","current-repo","8231","2026-06-16","md","current-repo-filesystem",".agents/skills/copywriting/references"
67,"natural-transitions.md",".agents/skills/copywriting/references/natural-transitions.md","current-repo","5956","2026-06-16","md","current-repo-filesystem",".agents/skills/copywriting/references"
68,"SKILL.md",".agents/skills/copywriting/SKILL.md","current-repo","7795","2026-06-16","md","current-repo-filesystem",".agents/skills/copywriting"
69,"evals.json",".agents/skills/cro/evals/evals.json","current-repo","7767","2026-06-16","json","current-repo-filesystem",".agents/skills/cro/evals"
70,"experiments.md",".agents/skills/cro/references/experiments.md","current-repo","8098","2026-06-16","md","current-repo-filesystem",".agents/skills/cro/references"
71,"form.md",".agents/skills/cro/references/form.md","current-repo","10734","2026-06-16","md","current-repo-filesystem",".agents/skills/cro/references"
72,"SKILL.md",".agents/skills/cro/SKILL.md","current-repo","6288","2026-06-16","md","current-repo-filesystem",".agents/skills/cro"
73,"evals.json",".agents/skills/customer-research/evals/evals.json","current-repo","11169","2026-06-16","json","current-repo-filesystem",".agents/skills/customer-research/evals"
74,"source-guides.md",".agents/skills/customer-research/references/source-guides.md","current-repo","16591","2026-06-16","md","current-repo-filesystem",".agents/skills/customer-research/references"
75,"SKILL.md",".agents/skills/customer-research/SKILL.md","current-repo","12162","2026-06-16","md","current-repo-filesystem",".agents/skills/customer-research"
76,"evals.json",".agents/skills/directory-submissions/evals/evals.json","current-repo","8450","2026-06-16","json","current-repo-filesystem",".agents/skills/directory-submissions/evals"
77,"directory-list.md",".agents/skills/directory-submissions/references/directory-list.md","current-repo","26171","2026-06-16","md","current-repo-filesystem",".agents/skills/directory-submissions/references"
78,"positioning-variations.md",".agents/skills/directory-submissions/references/positioning-variations.md","current-repo","9580","2026-06-16","md","current-repo-filesystem",".agents/skills/directory-submissions/references"
79,"submission-tracker-template.csv",".agents/skills/directory-submissions/references/submission-tracker-template.csv","current-repo","20078","2026-06-16","csv","current-repo-filesystem",".agents/skills/directory-submissions/references"
80,"SKILL.md",".agents/skills/directory-submissions/SKILL.md","current-repo","23742","2026-06-16","md","current-repo-filesystem",".agents/skills/directory-submissions"
81,"evals.json",".agents/skills/emails/evals/evals.json","current-repo","6759","2026-06-16","json","current-repo-filesystem",".agents/skills/emails/evals"
82,"copy-guidelines.md",".agents/skills/emails/references/copy-guidelines.md","current-repo","2445","2026-06-16","md","current-repo-filesystem",".agents/skills/emails/references"
83,"email-types.md",".agents/skills/emails/references/email-types.md","current-repo","14765","2026-06-16","md","current-repo-filesystem",".agents/skills/emails/references"
84,"sequence-templates.md",".agents/skills/emails/references/sequence-templates.md","current-repo","4086","2026-06-16","md","current-repo-filesystem",".agents/skills/emails/references"
85,"SKILL.md",".agents/skills/emails/SKILL.md","current-repo","8873","2026-06-16","md","current-repo-filesystem",".agents/skills/emails"
86,"SKILL.md",".agents/skills/find-skills/SKILL.md","current-repo","5446","2026-06-17","md","current-repo-filesystem",".agents/skills/find-skills"
87,"evals.json",".agents/skills/free-tools/evals/evals.json","current-repo","6334","2026-06-16","json","current-repo-filesystem",".agents/skills/free-tools/evals"
88,"tool-types.md",".agents/skills/free-tools/references/tool-types.md","current-repo","4229","2026-06-16","md","current-repo-filesystem",".agents/skills/free-tools/references"
89,"SKILL.md",".agents/skills/free-tools/SKILL.md","current-repo","6121","2026-06-16","md","current-repo-filesystem",".agents/skills/free-tools"
90,"evals.json",".agents/skills/image/evals/evals.json","current-repo","7021","2026-06-16","json","current-repo-filesystem",".agents/skills/image/evals"
91,"ai-image-prompting.md",".agents/skills/image/references/ai-image-prompting.md","current-repo","8319","2026-06-16","md","current-repo-filesystem",".agents/skills/image/references"
92,"SKILL.md",".agents/skills/image/SKILL.md","current-repo","16138","2026-06-16","md","current-repo-filesystem",".agents/skills/image"
93,"audio.md",".agents/skills/insforge/ai/audio.md","current-repo","3836","2026-06-17","md","current-repo-filesystem",".agents/skills/insforge/ai"
94,"chat-completions.md",".agents/skills/insforge/ai/chat-completions.md","current-repo","4698","2026-06-17","md","current-repo-filesystem",".agents/skills/insforge/ai"
95,"embeddings-and-rag.md",".agents/skills/insforge/ai/embeddings-and-rag.md","current-repo","5268","2026-06-17","md","current-repo-filesystem",".agents/skills/insforge/ai"
96,"image-generation.md",".agents/skills/insforge/ai/image-generation.md","current-repo","4162","2026-06-17","md","current-repo-filesystem",".agents/skills/insforge/ai"
97,"models-list.md",".agents/skills/insforge/ai/models-list.md","current-repo","2936","2026-06-17","md","current-repo-filesystem",".agents/skills/insforge/ai"
98,"overview.md",".agents/skills/insforge/ai/overview.md","current-repo","3978","2026-06-17","md","current-repo-filesystem",".agents/skills/insforge/ai"
99,"video-generation.md",".agents/skills/insforge/ai/video-generation.md","current-repo","3388","2026-06-17","md","current-repo-filesystem",".agents/skills/insforge/ai"
100,"sdk-integration.md",".agents/skills/insforge/auth/sdk-integration.md","current-repo","19636","2026-06-17","md","current-repo-filesystem",".agents/skills/insforge/auth"
101,"ssr-integration.md",".agents/skills/insforge/auth/ssr-integration.md","current-repo","12630","2026-06-17","md","current-repo-filesystem",".agents/skills/insforge/auth"
102,"sdk-integration.md",".agents/skills/insforge/database/sdk-integration.md","current-repo","8058","2026-06-17","md","current-repo-filesystem",".agents/skills/insforge/database"
103,"sdk-integration.md",".agents/skills/insforge/email/sdk-integration.md","current-repo","6632","2026-06-17","md","current-repo-filesystem",".agents/skills/insforge/email"
104,"sdk-integration.md",".agents/skills/insforge/functions/sdk-integration.md","current-repo","2359","2026-06-17","md","current-repo-filesystem",".agents/skills/insforge/functions"
105,"razorpay.md",".agents/skills/insforge/payments/razorpay.md","current-repo","12060","2026-06-17","md","current-repo-filesystem",".agents/skills/insforge/payments"
106,"stripe.md",".agents/skills/insforge/payments/stripe.md","current-repo","12133","2026-06-17","md","current-repo-filesystem",".agents/skills/insforge/payments"
107,"sdk-integration.md",".agents/skills/insforge/realtime/sdk-integration.md","current-repo","9754","2026-06-17","md","current-repo-filesystem",".agents/skills/insforge/realtime"
108,"SKILL.md",".agents/skills/insforge/SKILL.md","current-repo","20420","2026-06-17","md","current-repo-filesystem",".agents/skills/insforge"
109,"postgres-rls.md",".agents/skills/insforge/storage/postgres-rls.md","current-repo","13889","2026-06-17","md","current-repo-filesystem",".agents/skills/insforge/storage"
110,"s3-gateway.md",".agents/skills/insforge/storage/s3-gateway.md","current-repo","10109","2026-06-17","md","current-repo-filesystem",".agents/skills/insforge/storage"
111,"sdk-integration.md",".agents/skills/insforge/storage/sdk-integration.md","current-repo","4377","2026-06-17","md","current-repo-filesystem",".agents/skills/insforge/storage"
112,"auth.md",".agents/skills/insforge-cli/references/auth.md","current-repo","2132","2026-06-17","md","current-repo-filesystem",".agents/skills/insforge-cli/references"
113,"merge.md",".agents/skills/insforge-cli/references/branch/merge.md","current-repo","10033","2026-06-17","md","current-repo-filesystem",".agents/skills/insforge-cli/references/branch"
114,"overview.md",".agents/skills/insforge-cli/references/branch/overview.md","current-repo","8644","2026-06-17","md","current-repo-filesystem",".agents/skills/insforge-cli/references/branch"
115,"reset.md",".agents/skills/insforge-cli/references/branch/reset.md","current-repo","5379","2026-06-17","md","current-repo-filesystem",".agents/skills/insforge-cli/references/branch"
116,"compute-deploy.md",".agents/skills/insforge-cli/references/compute-deploy.md","current-repo","16602","2026-06-17","md","current-repo-filesystem",".agents/skills/insforge-cli/references"
117,"config.md",".agents/skills/insforge-cli/references/config.md","current-repo","4663","2026-06-17","md","current-repo-filesystem",".agents/skills/insforge-cli/references"
118,"create.md",".agents/skills/insforge-cli/references/create.md","current-repo","2611","2026-06-17","md","current-repo-filesystem",".agents/skills/insforge-cli/references"
119,"access-control.md",".agents/skills/insforge-cli/references/database/access-control.md","current-repo","17520","2026-06-17","md","current-repo-filesystem",".agents/skills/insforge-cli/references/database"
120,"export.md",".agents/skills/insforge-cli/references/database/export.md","current-repo","1165","2026-06-17","md","current-repo-filesystem",".agents/skills/insforge-cli/references/database"
121,"import.md",".agents/skills/insforge-cli/references/database/import.md","current-repo","714","2026-06-17","md","current-repo-filesystem",".agents/skills/insforge-cli/references/database"
122,"integrity.md",".agents/skills/insforge-cli/references/database/integrity.md","current-repo","8129","2026-06-17","md","current-repo-filesystem",".agents/skills/insforge-cli/references/database"
123,"migrations.md",".agents/skills/insforge-cli/references/database/migrations.md","current-repo","8825","2026-06-17","md","current-repo-filesystem",".agents/skills/insforge-cli/references/database"
124,"query.md",".agents/skills/insforge-cli/references/database/query.md","current-repo","3197","2026-06-17","md","current-repo-filesystem",".agents/skills/insforge-cli/references/database"
125,"vector.md",".agents/skills/insforge-cli/references/database/vector.md","current-repo","6801","2026-06-17","md","current-repo-filesystem",".agents/skills/insforge-cli/references/database"
126,"deploy.md",".agents/skills/insforge-cli/references/deployments/deploy.md","current-repo","8564","2026-06-17","md","current-repo-filesystem",".agents/skills/insforge-cli/references/deployments"
127,"domains.md",".agents/skills/insforge-cli/references/deployments/domains.md","current-repo","3347","2026-06-17","md","current-repo-filesystem",".agents/skills/insforge-cli/references/deployments"
128,"diagnostics.md",".agents/skills/insforge-cli/references/diagnostics.md","current-repo","3545","2026-06-17","md","current-repo-filesystem",".agents/skills/insforge-cli/references"
129,"functions-deploy.md",".agents/skills/insforge-cli/references/functions-deploy.md","current-repo","5735","2026-06-17","md","current-repo-filesystem",".agents/skills/insforge-cli/references"
130,"login.md",".agents/skills/insforge-cli/references/login.md","current-repo","1390","2026-06-17","md","current-repo-filesystem",".agents/skills/insforge-cli/references"
131,"overview.md",".agents/skills/insforge-cli/references/payments/overview.md","current-repo","6564","2026-06-17","md","current-repo-filesystem",".agents/skills/insforge-cli/references/payments"
132,"razorpay.md",".agents/skills/insforge-cli/references/payments/razorpay.md","current-repo","6794","2026-06-17","md","current-repo-filesystem",".agents/skills/insforge-cli/references/payments"
133,"stripe.md",".agents/skills/insforge-cli/references/payments/stripe.md","current-repo","7673","2026-06-17","md","current-repo-filesystem",".agents/skills/insforge-cli/references/payments"
134,"posthog.md",".agents/skills/insforge-cli/references/posthog.md","current-repo","6656","2026-06-17","md","current-repo-filesystem",".agents/skills/insforge-cli/references"
135,"realtime.md",".agents/skills/insforge-cli/references/realtime.md","current-repo","2185","2026-06-17","md","current-repo-filesystem",".agents/skills/insforge-cli/references"
136,"schedules.md",".agents/skills/insforge-cli/references/schedules.md","current-repo","5306","2026-06-17","md","current-repo-filesystem",".agents/skills/insforge-cli/references"
137,"SKILL.md",".agents/skills/insforge-cli/SKILL.md","current-repo","22594","2026-06-17","md","current-repo-filesystem",".agents/skills/insforge-cli"
138,"evals.json",".agents/skills/launch/evals/evals.json","current-repo","6558","2026-06-16","json","current-repo-filesystem",".agents/skills/launch/evals"
139,"SKILL.md",".agents/skills/launch/SKILL.md","current-repo","13234","2026-06-16","md","current-repo-filesystem",".agents/skills/launch"
140,"evals.json",".agents/skills/lead-magnets/evals/evals.json","current-repo","8131","2026-06-16","json","current-repo-filesystem",".agents/skills/lead-magnets/evals"
141,"benchmarks.md",".agents/skills/lead-magnets/references/benchmarks.md","current-repo","4363","2026-06-16","md","current-repo-filesystem",".agents/skills/lead-magnets/references"
142,"format-guide.md",".agents/skills/lead-magnets/references/format-guide.md","current-repo","6022","2026-06-16","md","current-repo-filesystem",".agents/skills/lead-magnets/references"
143,"SKILL.md",".agents/skills/lead-magnets/SKILL.md","current-repo","11235","2026-06-16","md","current-repo-filesystem",".agents/skills/lead-magnets"
144,"evals.json",".agents/skills/marketing-ideas/evals/evals.json","current-repo","6068","2026-06-16","json","current-repo-filesystem",".agents/skills/marketing-ideas/evals"
145,"ideas-by-category.md",".agents/skills/marketing-ideas/references/ideas-by-category.md","current-repo","15592","2026-06-16","md","current-repo-filesystem",".agents/skills/marketing-ideas/references"
146,"SKILL.md",".agents/skills/marketing-ideas/SKILL.md","current-repo","5469","2026-06-16","md","current-repo-filesystem",".agents/skills/marketing-ideas"
147,"evals.json",".agents/skills/marketing-plan/evals/evals.json","current-repo","7848","2026-06-16","json","current-repo-filesystem",".agents/skills/marketing-plan/evals"
148,"aarrr-framework.md",".agents/skills/marketing-plan/references/aarrr-framework.md","current-repo","10946","2026-06-16","md","current-repo-filesystem",".agents/skills/marketing-plan/references"
149,"budget-planning.md",".agents/skills/marketing-plan/references/budget-planning.md","current-repo","8739","2026-06-16","md","current-repo-filesystem",".agents/skills/marketing-plan/references"
150,"client-types.md",".agents/skills/marketing-plan/references/client-types.md","current-repo","11759","2026-06-16","md","current-repo-filesystem",".agents/skills/marketing-plan/references"
151,"current-state-rubric.md",".agents/skills/marketing-plan/references/current-state-rubric.md","current-repo","11911","2026-06-16","md","current-repo-filesystem",".agents/skills/marketing-plan/references"
152,"example-quietude.md",".agents/skills/marketing-plan/references/example-quietude.md","current-repo","70088","2026-06-16","md","current-repo-filesystem",".agents/skills/marketing-plan/references"
153,"funding-stage-unlocks.md",".agents/skills/marketing-plan/references/funding-stage-unlocks.md","current-repo","10027","2026-06-16","md","current-repo-filesystem",".agents/skills/marketing-plan/references"
154,"growth-patterns.md",".agents/skills/marketing-plan/references/growth-patterns.md","current-repo","9682","2026-06-16","md","current-repo-filesystem",".agents/skills/marketing-plan/references"
155,"idea-cross-reference.md",".agents/skills/marketing-plan/references/idea-cross-reference.md","current-repo","13683","2026-06-16","md","current-repo-filesystem",".agents/skills/marketing-plan/references"
156,"measurement-framework.md",".agents/skills/marketing-plan/references/measurement-framework.md","current-repo","11058","2026-06-16","md","current-repo-filesystem",".agents/skills/marketing-plan/references"
157,"methodology.md",".agents/skills/marketing-plan/references/methodology.md","current-repo","16940","2026-06-16","md","current-repo-filesystem",".agents/skills/marketing-plan/references"
158,"ops-stack-mapping.md",".agents/skills/marketing-plan/references/ops-stack-mapping.md","current-repo","12418","2026-06-16","md","current-repo-filesystem",".agents/skills/marketing-plan/references"
159,"plan-template.md",".agents/skills/marketing-plan/references/plan-template.md","current-repo","19229","2026-06-16","md","current-repo-filesystem",".agents/skills/marketing-plan/references"
160,"team-and-agency-model.md",".agents/skills/marketing-plan/references/team-and-agency-model.md","current-repo","14815","2026-06-16","md","current-repo-filesystem",".agents/skills/marketing-plan/references"
161,"SKILL.md",".agents/skills/marketing-plan/SKILL.md","current-repo","21551","2026-06-16","md","current-repo-filesystem",".agents/skills/marketing-plan"
162,"evals.json",".agents/skills/marketing-psychology/evals/evals.json","current-repo","6124","2026-06-16","json","current-repo-filesystem",".agents/skills/marketing-psychology/evals"
163,"SKILL.md",".agents/skills/marketing-psychology/SKILL.md","current-repo","22339","2026-06-16","md","current-repo-filesystem",".agents/skills/marketing-psychology"
164,"evals.json",".agents/skills/onboarding/evals/evals.json","current-repo","6352","2026-06-16","json","current-repo-filesystem",".agents/skills/onboarding/evals"
165,"experiments.md",".agents/skills/onboarding/references/experiments.md","current-repo","8054","2026-06-16","md","current-repo-filesystem",".agents/skills/onboarding/references"
166,"SKILL.md",".agents/skills/onboarding/SKILL.md","current-repo","6811","2026-06-16","md","current-repo-filesystem",".agents/skills/onboarding"
167,"evals.json",".agents/skills/paywalls/evals/evals.json","current-repo","6500","2026-06-16","json","current-repo-filesystem",".agents/skills/paywalls/evals"
168,"experiments.md",".agents/skills/paywalls/references/experiments.md","current-repo","5583","2026-06-16","md","current-repo-filesystem",".agents/skills/paywalls/references"
169,"SKILL.md",".agents/skills/paywalls/SKILL.md","current-repo","6026","2026-06-16","md","current-repo-filesystem",".agents/skills/paywalls"
170,"evals.json",".agents/skills/popups/evals/evals.json","current-repo","6679","2026-06-16","json","current-repo-filesystem",".agents/skills/popups/evals"
171,"SKILL.md",".agents/skills/popups/SKILL.md","current-repo","12259","2026-06-16","md","current-repo-filesystem",".agents/skills/popups"
172,"evals.json",".agents/skills/pricing/evals/evals.json","current-repo","6542","2026-06-16","json","current-repo-filesystem",".agents/skills/pricing/evals"
173,"research-methods.md",".agents/skills/pricing/references/research-methods.md","current-repo","4932","2026-06-16","md","current-repo-filesystem",".agents/skills/pricing/references"
174,"tier-structure.md",".agents/skills/pricing/references/tier-structure.md","current-repo","7431","2026-06-16","md","current-repo-filesystem",".agents/skills/pricing/references"
175,"SKILL.md",".agents/skills/pricing/SKILL.md","current-repo","7293","2026-06-16","md","current-repo-filesystem",".agents/skills/pricing"
176,"evals.json",".agents/skills/product-marketing/evals/evals.json","current-repo","5921","2026-06-16","json","current-repo-filesystem",".agents/skills/product-marketing/evals"
177,"SKILL.md",".agents/skills/product-marketing/SKILL.md","current-repo","7879","2026-06-16","md","current-repo-filesystem",".agents/skills/product-marketing"
178,"evals.json",".agents/skills/programmatic-seo/evals/evals.json","current-repo","6971","2026-06-16","json","current-repo-filesystem",".agents/skills/programmatic-seo/evals"
179,"playbooks.md",".agents/skills/programmatic-seo/references/playbooks.md","current-repo","8612","2026-06-16","md","current-repo-filesystem",".agents/skills/programmatic-seo/references"
180,"SKILL.md",".agents/skills/programmatic-seo/SKILL.md","current-repo","7336","2026-06-16","md","current-repo-filesystem",".agents/skills/programmatic-seo"
181,"evals.json",".agents/skills/prospecting/evals/evals.json","current-repo","9926","2026-06-16","json","current-repo-filesystem",".agents/skills/prospecting/evals"
182,"b2b-prospecting.md",".agents/skills/prospecting/references/b2b-prospecting.md","current-repo","5066","2026-06-16","md","current-repo-filesystem",".agents/skills/prospecting/references"
183,"compliance.md",".agents/skills/prospecting/references/compliance.md","current-repo","6355","2026-06-16","md","current-repo-filesystem",".agents/skills/prospecting/references"
184,"data-sources.md",".agents/skills/prospecting/references/data-sources.md","current-repo","11687","2026-06-16","md","current-repo-filesystem",".agents/skills/prospecting/references"
185,"local-prospecting.md",".agents/skills/prospecting/references/local-prospecting.md","current-repo","8315","2026-06-16","md","current-repo-filesystem",".agents/skills/prospecting/references"
186,"saas-prospecting.md",".agents/skills/prospecting/references/saas-prospecting.md","current-repo","6174","2026-06-16","md","current-repo-filesystem",".agents/skills/prospecting/references"
187,"SKILL.md",".agents/skills/prospecting/SKILL.md","current-repo","15400","2026-06-16","md","current-repo-filesystem",".agents/skills/prospecting"
188,"journalist-pitching.md",".agents/skills/public-relations/references/journalist-pitching.md","current-repo","11433","2026-06-16","md","current-repo-filesystem",".agents/skills/public-relations/references"
189,"media-outlets.md",".agents/skills/public-relations/references/media-outlets.md","current-repo","9514","2026-06-16","md","current-repo-filesystem",".agents/skills/public-relations/references"
190,"newsjacking.md",".agents/skills/public-relations/references/newsjacking.md","current-repo","8677","2026-06-16","md","current-repo-filesystem",".agents/skills/public-relations/references"
191,"press-platforms.md",".agents/skills/public-relations/references/press-platforms.md","current-repo","7097","2026-06-16","md","current-repo-filesystem",".agents/skills/public-relations/references"
192,"SKILL.md",".agents/skills/public-relations/SKILL.md","current-repo","7204","2026-06-16","md","current-repo-filesystem",".agents/skills/public-relations"
193,"evals.json",".agents/skills/referrals/evals/evals.json","current-repo","6553","2026-06-16","json","current-repo-filesystem",".agents/skills/referrals/evals"
194,"affiliate-programs.md",".agents/skills/referrals/references/affiliate-programs.md","current-repo","4567","2026-06-16","md","current-repo-filesystem",".agents/skills/referrals/references"
195,"program-examples.md",".agents/skills/referrals/references/program-examples.md","current-repo","3452","2026-06-16","md","current-repo-filesystem",".agents/skills/referrals/references"
196,"SKILL.md",".agents/skills/referrals/SKILL.md","current-repo","7758","2026-06-16","md","current-repo-filesystem",".agents/skills/referrals"
197,"evals.json",".agents/skills/revops/evals/evals.json","current-repo","6234","2026-06-16","json","current-repo-filesystem",".agents/skills/revops/evals"
198,"automation-playbooks.md",".agents/skills/revops/references/automation-playbooks.md","current-repo","11151","2026-06-16","md","current-repo-filesystem",".agents/skills/revops/references"
199,"lifecycle-definitions.md",".agents/skills/revops/references/lifecycle-definitions.md","current-repo","7297","2026-06-16","md","current-repo-filesystem",".agents/skills/revops/references"
200,"routing-rules.md",".agents/skills/revops/references/routing-rules.md","current-repo","6995","2026-06-16","md","current-repo-filesystem",".agents/skills/revops/references"
201,"scoring-models.md",".agents/skills/revops/references/scoring-models.md","current-repo","7697","2026-06-16","md","current-repo-filesystem",".agents/skills/revops/references"
202,"SKILL.md",".agents/skills/revops/SKILL.md","current-repo","15686","2026-06-16","md","current-repo-filesystem",".agents/skills/revops"
203,"evals.json",".agents/skills/sales-enablement/evals/evals.json","current-repo","6503","2026-06-16","json","current-repo-filesystem",".agents/skills/sales-enablement/evals"
204,"deck-frameworks.md",".agents/skills/sales-enablement/references/deck-frameworks.md","current-repo","7993","2026-06-16","md","current-repo-filesystem",".agents/skills/sales-enablement/references"
205,"demo-scripts.md",".agents/skills/sales-enablement/references/demo-scripts.md","current-repo","12124","2026-06-16","md","current-repo-filesystem",".agents/skills/sales-enablement/references"
206,"objection-library.md",".agents/skills/sales-enablement/references/objection-library.md","current-repo","13663","2026-06-16","md","current-repo-filesystem",".agents/skills/sales-enablement/references"
207,"one-pager-templates.md",".agents/skills/sales-enablement/references/one-pager-templates.md","current-repo","6031","2026-06-16","md","current-repo-filesystem",".agents/skills/sales-enablement/references"
208,"SKILL.md",".agents/skills/sales-enablement/SKILL.md","current-repo","15001","2026-06-16","md","current-repo-filesystem",".agents/skills/sales-enablement"
209,"evals.json",".agents/skills/schema/evals/evals.json","current-repo","6077","2026-06-16","json","current-repo-filesystem",".agents/skills/schema/evals"
210,"schema-examples.md",".agents/skills/schema/references/schema-examples.md","current-repo","8627","2026-06-16","md","current-repo-filesystem",".agents/skills/schema/references"
211,"SKILL.md",".agents/skills/schema/SKILL.md","current-repo","5427","2026-06-16","md","current-repo-filesystem",".agents/skills/schema"
212,"evals.json",".agents/skills/seo-audit/evals/evals.json","current-repo","9932","2026-06-16","json","current-repo-filesystem",".agents/skills/seo-audit/evals"
213,"ai-writing-detection.md",".agents/skills/seo-audit/references/ai-writing-detection.md","current-repo","6728","2026-06-16","md","current-repo-filesystem",".agents/skills/seo-audit/references"
214,"international-seo.md",".agents/skills/seo-audit/references/international-seo.md","current-repo","14488","2026-06-16","md","current-repo-filesystem",".agents/skills/seo-audit/references"
215,"SKILL.md",".agents/skills/seo-audit/SKILL.md","current-repo","16947","2026-06-16","md","current-repo-filesystem",".agents/skills/seo-audit"
216,"evals.json",".agents/skills/signup/evals/evals.json","current-repo","6331","2026-06-16","json","current-repo-filesystem",".agents/skills/signup/evals"
217,"SKILL.md",".agents/skills/signup/SKILL.md","current-repo","10741","2026-06-16","md","current-repo-filesystem",".agents/skills/signup"
218,"evals.json",".agents/skills/site-architecture/evals/evals.json","current-repo","6177","2026-06-16","json","current-repo-filesystem",".agents/skills/site-architecture/evals"
219,"mermaid-templates.md",".agents/skills/site-architecture/references/mermaid-templates.md","current-repo","5138","2026-06-16","md","current-repo-filesystem",".agents/skills/site-architecture/references"
220,"navigation-patterns.md",".agents/skills/site-architecture/references/navigation-patterns.md","current-repo","11038","2026-06-16","md","current-repo-filesystem",".agents/skills/site-architecture/references"
221,"site-type-templates.md",".agents/skills/site-architecture/references/site-type-templates.md","current-repo","9917","2026-06-16","md","current-repo-filesystem",".agents/skills/site-architecture/references"
222,"SKILL.md",".agents/skills/site-architecture/SKILL.md","current-repo","14025","2026-06-16","md","current-repo-filesystem",".agents/skills/site-architecture"
223,"evals.json",".agents/skills/sms/evals/evals.json","current-repo","8991","2026-06-16","json","current-repo-filesystem",".agents/skills/sms/evals"
224,"compliance.md",".agents/skills/sms/references/compliance.md","current-repo","8035","2026-06-16","md","current-repo-filesystem",".agents/skills/sms/references"
225,"platforms.md",".agents/skills/sms/references/platforms.md","current-repo","10183","2026-06-16","md","current-repo-filesystem",".agents/skills/sms/references"
226,"sequence-templates.md",".agents/skills/sms/references/sequence-templates.md","current-repo","7352","2026-06-16","md","current-repo-filesystem",".agents/skills/sms/references"
227,"SKILL.md",".agents/skills/sms/SKILL.md","current-repo","17147","2026-06-16","md","current-repo-filesystem",".agents/skills/sms"
228,"evals.json",".agents/skills/social/evals/evals.json","current-repo","6448","2026-06-16","json","current-repo-filesystem",".agents/skills/social/evals"
229,"listening-sources-template.md",".agents/skills/social/references/listening-sources-template.md","current-repo","3602","2026-06-16","md","current-repo-filesystem",".agents/skills/social/references"
230,"listening.md",".agents/skills/social/references/listening.md","current-repo","12347","2026-06-16","md","current-repo-filesystem",".agents/skills/social/references"
231,"platform-limits.md",".agents/skills/social/references/platform-limits.md","current-repo","2940","2026-06-16","md","current-repo-filesystem",".agents/skills/social/references"
232,"platforms.md",".agents/skills/social/references/platforms.md","current-repo","4590","2026-06-16","md","current-repo-filesystem",".agents/skills/social/references"
233,"post-templates.md",".agents/skills/social/references/post-templates.md","current-repo","3871","2026-06-16","md","current-repo-filesystem",".agents/skills/social/references"
234,"reverse-engineering.md",".agents/skills/social/references/reverse-engineering.md","current-repo","5746","2026-06-16","md","current-repo-filesystem",".agents/skills/social/references"
235,"short-form-video.md",".agents/skills/social/references/short-form-video.md","current-repo","6737","2026-06-16","md","current-repo-filesystem",".agents/skills/social/references"
236,"SKILL.md",".agents/skills/social/SKILL.md","current-repo","14895","2026-06-16","md","current-repo-filesystem",".agents/skills/social"
237,"evals.json",".agents/skills/video/evals/evals.json","current-repo","7730","2026-06-16","json","current-repo-filesystem",".agents/skills/video/evals"
238,"ai-video-prompting.md",".agents/skills/video/references/ai-video-prompting.md","current-repo","5433","2026-06-16","md","current-repo-filesystem",".agents/skills/video/references"
239,"SKILL.md",".agents/skills/video/SKILL.md","current-repo","13869","2026-06-16","md","current-repo-filesystem",".agents/skills/video"
240,".aider.chat.history.md",".aider.chat.history.md","current-repo","25601","2026-02-25","md","current-repo-filesystem","."
241,"MEMORY.md",".claude/agent-memory/bell24h-debugger/MEMORY.md","current-repo","3918","2026-03-01","md","current-repo-filesystem",".claude/agent-memory/bell24h-debugger"
242,"bell24h-debugger.md",".claude/agents/bell24h-debugger.md","current-repo","12724","2026-03-01","md","current-repo-filesystem",".claude/agents"
243,"vyaparsethu-studio.md",".claude/personas/vyaparsethu-studio.md","current-repo","3404","2026-06-14","md","current-repo-filesystem",".claude/personas"
244,"settings.local.json",".claude/settings.local.json","current-repo","14200","2026-08-02","json","current-repo-filesystem",".claude"
245,"evals.json",".claude/skills/ab-testing/evals/evals.json","current-repo","8027","2026-06-16","json","current-repo-filesystem",".claude/skills/ab-testing/evals"
246,"sample-size-guide.md",".claude/skills/ab-testing/references/sample-size-guide.md","current-repo","7716","2026-06-16","md","current-repo-filesystem",".claude/skills/ab-testing/references"
247,"test-templates.md",".claude/skills/ab-testing/references/test-templates.md","current-repo","6750","2026-06-16","md","current-repo-filesystem",".claude/skills/ab-testing/references"
248,"SKILL.md",".claude/skills/ab-testing/SKILL.md","current-repo","11515","2026-06-16","md","current-repo-filesystem",".claude/skills/ab-testing"
249,"evals.json",".claude/skills/ad-creative/evals/evals.json","current-repo","6940","2026-06-16","json","current-repo-filesystem",".claude/skills/ad-creative/evals"
250,"generative-tools.md",".claude/skills/ad-creative/references/generative-tools.md","current-repo","24741","2026-06-16","md","current-repo-filesystem",".claude/skills/ad-creative/references"
251,"platform-specs.md",".claude/skills/ad-creative/references/platform-specs.md","current-repo","6738","2026-06-16","md","current-repo-filesystem",".claude/skills/ad-creative/references"
252,"SKILL.md",".claude/skills/ad-creative/SKILL.md","current-repo","13968","2026-06-16","md","current-repo-filesystem",".claude/skills/ad-creative"
253,"evals.json",".claude/skills/ads/evals/evals.json","current-repo","6554","2026-06-16","json","current-repo-filesystem",".claude/skills/ads/evals"
254,"ad-copy-templates.md",".claude/skills/ads/references/ad-copy-templates.md","current-repo","5028","2026-06-16","md","current-repo-filesystem",".claude/skills/ads/references"
255,"audience-targeting.md",".claude/skills/ads/references/audience-targeting.md","current-repo","6310","2026-06-16","md","current-repo-filesystem",".claude/skills/ads/references"
256,"conversion-tracking.md",".claude/skills/ads/references/conversion-tracking.md","current-repo","11494","2026-06-16","md","current-repo-filesystem",".claude/skills/ads/references"
257,"platform-setup-checklists.md",".claude/skills/ads/references/platform-setup-checklists.md","current-repo","7890","2026-06-16","md","current-repo-filesystem",".claude/skills/ads/references"
258,"SKILL.md",".claude/skills/ads/SKILL.md","current-repo","14581","2026-06-16","md","current-repo-filesystem",".claude/skills/ads"
259,"evals.json",".claude/skills/ai-seo/evals/evals.json","current-repo","6677","2026-06-16","json","current-repo-filesystem",".claude/skills/ai-seo/evals"
260,"content-patterns.md",".claude/skills/ai-seo/references/content-patterns.md","current-repo","10322","2026-06-16","md","current-repo-filesystem",".claude/skills/ai-seo/references"
261,"content-types.md",".claude/skills/ai-seo/references/content-types.md","current-repo","2609","2026-06-16","md","current-repo-filesystem",".claude/skills/ai-seo/references"
262,"okf.md",".claude/skills/ai-seo/references/okf.md","current-repo","6056","2026-06-16","md","current-repo-filesystem",".claude/skills/ai-seo/references"
263,"platform-ranking-factors.md",".claude/skills/ai-seo/references/platform-ranking-factors.md","current-repo","11336","2026-06-16","md","current-repo-filesystem",".claude/skills/ai-seo/references"
264,"SKILL.md",".claude/skills/ai-seo/SKILL.md","current-repo","26544","2026-06-16","md","current-repo-filesystem",".claude/skills/ai-seo"
265,"evals.json",".claude/skills/analytics/evals/evals.json","current-repo","6455","2026-06-16","json","current-repo-filesystem",".claude/skills/analytics/evals"
266,"event-library.md",".claude/skills/analytics/references/event-library.md","current-repo","8914","2026-06-16","md","current-repo-filesystem",".claude/skills/analytics/references"
267,"ga4-implementation.md",".claude/skills/analytics/references/ga4-implementation.md","current-repo","6643","2026-06-16","md","current-repo-filesystem",".claude/skills/analytics/references"
268,"gtm-implementation.md",".claude/skills/analytics/references/gtm-implementation.md","current-repo","7960","2026-06-16","md","current-repo-filesystem",".claude/skills/analytics/references"
269,"SKILL.md",".claude/skills/analytics/SKILL.md","current-repo","8670","2026-06-16","md","current-repo-filesystem",".claude/skills/analytics"
270,"evals.json",".claude/skills/aso/evals/evals.json","current-repo","7491","2026-06-16","json","current-repo-filesystem",".claude/skills/aso/evals"
271,"apple-specs.md",".claude/skills/aso/references/apple-specs.md","current-repo","6196","2026-06-16","md","current-repo-filesystem",".claude/skills/aso/references"
272,"benchmarks.md",".claude/skills/aso/references/benchmarks.md","current-repo","5162","2026-06-16","md","current-repo-filesystem",".claude/skills/aso/references"
273,"google-play-specs.md",".claude/skills/aso/references/google-play-specs.md","current-repo","6139","2026-06-16","md","current-repo-filesystem",".claude/skills/aso/references"
274,"report-template.md",".claude/skills/aso/references/report-template.md","current-repo","5337","2026-06-16","md","current-repo-filesystem",".claude/skills/aso/references"
275,"scoring-criteria.md",".claude/skills/aso/references/scoring-criteria.md","current-repo","13880","2026-06-16","md","current-repo-filesystem",".claude/skills/aso/references"
276,"SKILL.md",".claude/skills/aso/SKILL.md","current-repo","15908","2026-06-16","md","current-repo-filesystem",".claude/skills/aso"
277,"evals.json",".claude/skills/churn-prevention/evals/evals.json","current-repo","6755","2026-06-16","json","current-repo-filesystem",".claude/skills/churn-prevention/evals"
278,"cancel-flow-patterns.md",".claude/skills/churn-prevention/references/cancel-flow-patterns.md","current-repo","10966","2026-06-16","md","current-repo-filesystem",".claude/skills/churn-prevention/references"
279,"dunning-playbook.md",".claude/skills/churn-prevention/references/dunning-playbook.md","current-repo","13096","2026-06-16","md","current-repo-filesystem",".claude/skills/churn-prevention/references"
280,"SKILL.md",".claude/skills/churn-prevention/SKILL.md","current-repo","18844","2026-06-16","md","current-repo-filesystem",".claude/skills/churn-prevention"
281,"evals.json",".claude/skills/co-marketing/evals/evals.json","current-repo","6988","2026-06-16","json","current-repo-filesystem",".claude/skills/co-marketing/evals"
282,"SKILL.md",".claude/skills/co-marketing/SKILL.md","current-repo","10443","2026-06-16","md","current-repo-filesystem",".claude/skills/co-marketing"
283,"evals.json",".claude/skills/cold-email/evals/evals.json","current-repo","7119","2026-06-16","json","current-repo-filesystem",".claude/skills/cold-email/evals"
284,"benchmarks.md",".claude/skills/cold-email/references/benchmarks.md","current-repo","5900","2026-06-16","md","current-repo-filesystem",".claude/skills/cold-email/references"
285,"follow-up-sequences.md",".claude/skills/cold-email/references/follow-up-sequences.md","current-repo","3956","2026-06-16","md","current-repo-filesystem",".claude/skills/cold-email/references"
286,"frameworks.md",".claude/skills/cold-email/references/frameworks.md","current-repo","5493","2026-06-16","md","current-repo-filesystem",".claude/skills/cold-email/references"
287,"personalization.md",".claude/skills/cold-email/references/personalization.md","current-repo","4516","2026-06-16","md","current-repo-filesystem",".claude/skills/cold-email/references"
288,"subject-lines.md",".claude/skills/cold-email/references/subject-lines.md","current-repo","3068","2026-06-16","md","current-repo-filesystem",".claude/skills/cold-email/references"
289,"SKILL.md",".claude/skills/cold-email/SKILL.md","current-repo","7509","2026-06-16","md","current-repo-filesystem",".claude/skills/cold-email"
290,"evals.json",".claude/skills/community-marketing/evals/evals.json","current-repo","7803","2026-06-16","json","current-repo-filesystem",".claude/skills/community-marketing/evals"
291,"SKILL.md",".claude/skills/community-marketing/SKILL.md","current-repo","9122","2026-06-16","md","current-repo-filesystem",".claude/skills/community-marketing"
292,"evals.json",".claude/skills/competitor-profiling/evals/evals.json","current-repo","7581","2026-06-16","json","current-repo-filesystem",".claude/skills/competitor-profiling/evals"
293,"templates.md",".claude/skills/competitor-profiling/references/templates.md","current-repo","4835","2026-06-16","md","current-repo-filesystem",".claude/skills/competitor-profiling/references"
294,"tool-reference.md",".claude/skills/competitor-profiling/references/tool-reference.md","current-repo","7261","2026-06-16","md","current-repo-filesystem",".claude/skills/competitor-profiling/references"
295,"SKILL.md",".claude/skills/competitor-profiling/SKILL.md","current-repo","14657","2026-06-16","md","current-repo-filesystem",".claude/skills/competitor-profiling"
296,"evals.json",".claude/skills/competitors/evals/evals.json","current-repo","6777","2026-06-16","json","current-repo-filesystem",".claude/skills/competitors/evals"
297,"content-architecture.md",".claude/skills/competitors/references/content-architecture.md","current-repo","7862","2026-06-16","md","current-repo-filesystem",".claude/skills/competitors/references"
298,"templates.md",".claude/skills/competitors/references/templates.md","current-repo","5638","2026-06-16","md","current-repo-filesystem",".claude/skills/competitors/references"
299,"SKILL.md",".claude/skills/competitors/SKILL.md","current-repo","8586","2026-06-16","md","current-repo-filesystem",".claude/skills/competitors"
300,"evals.json",".claude/skills/content-strategy/evals/evals.json","current-repo","6618","2026-06-16","json","current-repo-filesystem",".claude/skills/content-strategy/evals"
301,"headless-cms.md",".claude/skills/content-strategy/references/headless-cms.md","current-repo","8627","2026-06-16","md","current-repo-filesystem",".claude/skills/content-strategy/references"
302,"SKILL.md",".claude/skills/content-strategy/SKILL.md","current-repo","12637","2026-06-16","md","current-repo-filesystem",".claude/skills/content-strategy"
303,"evals.json",".claude/skills/copy-editing/evals/evals.json","current-repo","7636","2026-06-16","json","current-repo-filesystem",".claude/skills/copy-editing/evals"
304,"checklist.md",".claude/skills/copy-editing/references/checklist.md","current-repo","1794","2026-06-16","md","current-repo-filesystem",".claude/skills/copy-editing/references"
305,"content-refresh.md",".claude/skills/copy-editing/references/content-refresh.md","current-repo","2336","2026-06-16","md","current-repo-filesystem",".claude/skills/copy-editing/references"
306,"plain-english-alternatives.md",".claude/skills/copy-editing/references/plain-english-alternatives.md","current-repo","8652","2026-06-16","md","current-repo-filesystem",".claude/skills/copy-editing/references"
307,"SKILL.md",".claude/skills/copy-editing/SKILL.md","current-repo","15457","2026-06-16","md","current-repo-filesystem",".claude/skills/copy-editing"
308,"evals.json",".claude/skills/copywriting/evals/evals.json","current-repo","8229","2026-06-16","json","current-repo-filesystem",".claude/skills/copywriting/evals"
309,"copy-frameworks.md",".claude/skills/copywriting/references/copy-frameworks.md","current-repo","8231","2026-06-16","md","current-repo-filesystem",".claude/skills/copywriting/references"
310,"natural-transitions.md",".claude/skills/copywriting/references/natural-transitions.md","current-repo","5956","2026-06-16","md","current-repo-filesystem",".claude/skills/copywriting/references"
311,"SKILL.md",".claude/skills/copywriting/SKILL.md","current-repo","7795","2026-06-16","md","current-repo-filesystem",".claude/skills/copywriting"
312,"evals.json",".claude/skills/cro/evals/evals.json","current-repo","7767","2026-06-16","json","current-repo-filesystem",".claude/skills/cro/evals"
313,"experiments.md",".claude/skills/cro/references/experiments.md","current-repo","8098","2026-06-16","md","current-repo-filesystem",".claude/skills/cro/references"
314,"form.md",".claude/skills/cro/references/form.md","current-repo","10734","2026-06-16","md","current-repo-filesystem",".claude/skills/cro/references"
315,"SKILL.md",".claude/skills/cro/SKILL.md","current-repo","6288","2026-06-16","md","current-repo-filesystem",".claude/skills/cro"
316,"evals.json",".claude/skills/customer-research/evals/evals.json","current-repo","11169","2026-06-16","json","current-repo-filesystem",".claude/skills/customer-research/evals"
317,"source-guides.md",".claude/skills/customer-research/references/source-guides.md","current-repo","16591","2026-06-16","md","current-repo-filesystem",".claude/skills/customer-research/references"
318,"SKILL.md",".claude/skills/customer-research/SKILL.md","current-repo","12162","2026-06-16","md","current-repo-filesystem",".claude/skills/customer-research"
319,"evals.json",".claude/skills/directory-submissions/evals/evals.json","current-repo","8450","2026-06-16","json","current-repo-filesystem",".claude/skills/directory-submissions/evals"
320,"directory-list.md",".claude/skills/directory-submissions/references/directory-list.md","current-repo","26171","2026-06-16","md","current-repo-filesystem",".claude/skills/directory-submissions/references"
321,"positioning-variations.md",".claude/skills/directory-submissions/references/positioning-variations.md","current-repo","9580","2026-06-16","md","current-repo-filesystem",".claude/skills/directory-submissions/references"
322,"submission-tracker-template.csv",".claude/skills/directory-submissions/references/submission-tracker-template.csv","current-repo","20078","2026-06-16","csv","current-repo-filesystem",".claude/skills/directory-submissions/references"
323,"SKILL.md",".claude/skills/directory-submissions/SKILL.md","current-repo","23742","2026-06-16","md","current-repo-filesystem",".claude/skills/directory-submissions"
324,"evals.json",".claude/skills/emails/evals/evals.json","current-repo","6759","2026-06-16","json","current-repo-filesystem",".claude/skills/emails/evals"
325,"copy-guidelines.md",".claude/skills/emails/references/copy-guidelines.md","current-repo","2445","2026-06-16","md","current-repo-filesystem",".claude/skills/emails/references"
326,"email-types.md",".claude/skills/emails/references/email-types.md","current-repo","14765","2026-06-16","md","current-repo-filesystem",".claude/skills/emails/references"
327,"sequence-templates.md",".claude/skills/emails/references/sequence-templates.md","current-repo","4086","2026-06-16","md","current-repo-filesystem",".claude/skills/emails/references"
328,"SKILL.md",".claude/skills/emails/SKILL.md","current-repo","8873","2026-06-16","md","current-repo-filesystem",".claude/skills/emails"
329,"evals.json",".claude/skills/free-tools/evals/evals.json","current-repo","6334","2026-06-16","json","current-repo-filesystem",".claude/skills/free-tools/evals"
330,"tool-types.md",".claude/skills/free-tools/references/tool-types.md","current-repo","4229","2026-06-16","md","current-repo-filesystem",".claude/skills/free-tools/references"
331,"SKILL.md",".claude/skills/free-tools/SKILL.md","current-repo","6121","2026-06-16","md","current-repo-filesystem",".claude/skills/free-tools"
332,"evals.json",".claude/skills/image/evals/evals.json","current-repo","7021","2026-06-16","json","current-repo-filesystem",".claude/skills/image/evals"
333,"ai-image-prompting.md",".claude/skills/image/references/ai-image-prompting.md","current-repo","8319","2026-06-16","md","current-repo-filesystem",".claude/skills/image/references"
334,"SKILL.md",".claude/skills/image/SKILL.md","current-repo","16138","2026-06-16","md","current-repo-filesystem",".claude/skills/image"
335,"evals.json",".claude/skills/launch/evals/evals.json","current-repo","6558","2026-06-16","json","current-repo-filesystem",".claude/skills/launch/evals"
336,"SKILL.md",".claude/skills/launch/SKILL.md","current-repo","13234","2026-06-16","md","current-repo-filesystem",".claude/skills/launch"
337,"evals.json",".claude/skills/lead-magnets/evals/evals.json","current-repo","8131","2026-06-16","json","current-repo-filesystem",".claude/skills/lead-magnets/evals"
338,"benchmarks.md",".claude/skills/lead-magnets/references/benchmarks.md","current-repo","4363","2026-06-16","md","current-repo-filesystem",".claude/skills/lead-magnets/references"
339,"format-guide.md",".claude/skills/lead-magnets/references/format-guide.md","current-repo","6022","2026-06-16","md","current-repo-filesystem",".claude/skills/lead-magnets/references"
340,"SKILL.md",".claude/skills/lead-magnets/SKILL.md","current-repo","11235","2026-06-16","md","current-repo-filesystem",".claude/skills/lead-magnets"
341,"evals.json",".claude/skills/marketing-ideas/evals/evals.json","current-repo","6068","2026-06-16","json","current-repo-filesystem",".claude/skills/marketing-ideas/evals"
342,"ideas-by-category.md",".claude/skills/marketing-ideas/references/ideas-by-category.md","current-repo","15592","2026-06-16","md","current-repo-filesystem",".claude/skills/marketing-ideas/references"
343,"SKILL.md",".claude/skills/marketing-ideas/SKILL.md","current-repo","5469","2026-06-16","md","current-repo-filesystem",".claude/skills/marketing-ideas"
344,"evals.json",".claude/skills/marketing-plan/evals/evals.json","current-repo","7848","2026-06-16","json","current-repo-filesystem",".claude/skills/marketing-plan/evals"
345,"aarrr-framework.md",".claude/skills/marketing-plan/references/aarrr-framework.md","current-repo","10946","2026-06-16","md","current-repo-filesystem",".claude/skills/marketing-plan/references"
346,"budget-planning.md",".claude/skills/marketing-plan/references/budget-planning.md","current-repo","8739","2026-06-16","md","current-repo-filesystem",".claude/skills/marketing-plan/references"
347,"client-types.md",".claude/skills/marketing-plan/references/client-types.md","current-repo","11759","2026-06-16","md","current-repo-filesystem",".claude/skills/marketing-plan/references"
348,"current-state-rubric.md",".claude/skills/marketing-plan/references/current-state-rubric.md","current-repo","11911","2026-06-16","md","current-repo-filesystem",".claude/skills/marketing-plan/references"
349,"example-quietude.md",".claude/skills/marketing-plan/references/example-quietude.md","current-repo","70088","2026-06-16","md","current-repo-filesystem",".claude/skills/marketing-plan/references"
350,"funding-stage-unlocks.md",".claude/skills/marketing-plan/references/funding-stage-unlocks.md","current-repo","10027","2026-06-16","md","current-repo-filesystem",".claude/skills/marketing-plan/references"
351,"growth-patterns.md",".claude/skills/marketing-plan/references/growth-patterns.md","current-repo","9682","2026-06-16","md","current-repo-filesystem",".claude/skills/marketing-plan/references"
352,"idea-cross-reference.md",".claude/skills/marketing-plan/references/idea-cross-reference.md","current-repo","13683","2026-06-16","md","current-repo-filesystem",".claude/skills/marketing-plan/references"
353,"measurement-framework.md",".claude/skills/marketing-plan/references/measurement-framework.md","current-repo","11058","2026-06-16","md","current-repo-filesystem",".claude/skills/marketing-plan/references"
354,"methodology.md",".claude/skills/marketing-plan/references/methodology.md","current-repo","16940","2026-06-16","md","current-repo-filesystem",".claude/skills/marketing-plan/references"
355,"ops-stack-mapping.md",".claude/skills/marketing-plan/references/ops-stack-mapping.md","current-repo","12418","2026-06-16","md","current-repo-filesystem",".claude/skills/marketing-plan/references"
356,"plan-template.md",".claude/skills/marketing-plan/references/plan-template.md","current-repo","19229","2026-06-16","md","current-repo-filesystem",".claude/skills/marketing-plan/references"
357,"team-and-agency-model.md",".claude/skills/marketing-plan/references/team-and-agency-model.md","current-repo","14815","2026-06-16","md","current-repo-filesystem",".claude/skills/marketing-plan/references"
358,"SKILL.md",".claude/skills/marketing-plan/SKILL.md","current-repo","21551","2026-06-16","md","current-repo-filesystem",".claude/skills/marketing-plan"
359,"evals.json",".claude/skills/marketing-psychology/evals/evals.json","current-repo","6124","2026-06-16","json","current-repo-filesystem",".claude/skills/marketing-psychology/evals"
360,"SKILL.md",".claude/skills/marketing-psychology/SKILL.md","current-repo","22339","2026-06-16","md","current-repo-filesystem",".claude/skills/marketing-psychology"
361,"evals.json",".claude/skills/onboarding/evals/evals.json","current-repo","6352","2026-06-16","json","current-repo-filesystem",".claude/skills/onboarding/evals"
362,"experiments.md",".claude/skills/onboarding/references/experiments.md","current-repo","8054","2026-06-16","md","current-repo-filesystem",".claude/skills/onboarding/references"
363,"SKILL.md",".claude/skills/onboarding/SKILL.md","current-repo","6811","2026-06-16","md","current-repo-filesystem",".claude/skills/onboarding"
364,"evals.json",".claude/skills/paywalls/evals/evals.json","current-repo","6500","2026-06-16","json","current-repo-filesystem",".claude/skills/paywalls/evals"
365,"experiments.md",".claude/skills/paywalls/references/experiments.md","current-repo","5583","2026-06-16","md","current-repo-filesystem",".claude/skills/paywalls/references"
366,"SKILL.md",".claude/skills/paywalls/SKILL.md","current-repo","6026","2026-06-16","md","current-repo-filesystem",".claude/skills/paywalls"
367,"evals.json",".claude/skills/popups/evals/evals.json","current-repo","6679","2026-06-16","json","current-repo-filesystem",".claude/skills/popups/evals"
368,"SKILL.md",".claude/skills/popups/SKILL.md","current-repo","12259","2026-06-16","md","current-repo-filesystem",".claude/skills/popups"
369,"evals.json",".claude/skills/pricing/evals/evals.json","current-repo","6542","2026-06-16","json","current-repo-filesystem",".claude/skills/pricing/evals"
370,"research-methods.md",".claude/skills/pricing/references/research-methods.md","current-repo","4932","2026-06-16","md","current-repo-filesystem",".claude/skills/pricing/references"
371,"tier-structure.md",".claude/skills/pricing/references/tier-structure.md","current-repo","7431","2026-06-16","md","current-repo-filesystem",".claude/skills/pricing/references"
372,"SKILL.md",".claude/skills/pricing/SKILL.md","current-repo","7293","2026-06-16","md","current-repo-filesystem",".claude/skills/pricing"
373,"evals.json",".claude/skills/product-marketing/evals/evals.json","current-repo","5921","2026-06-16","json","current-repo-filesystem",".claude/skills/product-marketing/evals"
374,"SKILL.md",".claude/skills/product-marketing/SKILL.md","current-repo","7879","2026-06-16","md","current-repo-filesystem",".claude/skills/product-marketing"
375,"evals.json",".claude/skills/programmatic-seo/evals/evals.json","current-repo","6971","2026-06-16","json","current-repo-filesystem",".claude/skills/programmatic-seo/evals"
376,"playbooks.md",".claude/skills/programmatic-seo/references/playbooks.md","current-repo","8612","2026-06-16","md","current-repo-filesystem",".claude/skills/programmatic-seo/references"
377,"SKILL.md",".claude/skills/programmatic-seo/SKILL.md","current-repo","7336","2026-06-16","md","current-repo-filesystem",".claude/skills/programmatic-seo"
378,"evals.json",".claude/skills/prospecting/evals/evals.json","current-repo","9926","2026-06-16","json","current-repo-filesystem",".claude/skills/prospecting/evals"
379,"b2b-prospecting.md",".claude/skills/prospecting/references/b2b-prospecting.md","current-repo","5066","2026-06-16","md","current-repo-filesystem",".claude/skills/prospecting/references"
380,"compliance.md",".claude/skills/prospecting/references/compliance.md","current-repo","6355","2026-06-16","md","current-repo-filesystem",".claude/skills/prospecting/references"
381,"data-sources.md",".claude/skills/prospecting/references/data-sources.md","current-repo","11687","2026-06-16","md","current-repo-filesystem",".claude/skills/prospecting/references"
382,"local-prospecting.md",".claude/skills/prospecting/references/local-prospecting.md","current-repo","8315","2026-06-16","md","current-repo-filesystem",".claude/skills/prospecting/references"
383,"saas-prospecting.md",".claude/skills/prospecting/references/saas-prospecting.md","current-repo","6174","2026-06-16","md","current-repo-filesystem",".claude/skills/prospecting/references"
384,"SKILL.md",".claude/skills/prospecting/SKILL.md","current-repo","15400","2026-06-16","md","current-repo-filesystem",".claude/skills/prospecting"
385,"journalist-pitching.md",".claude/skills/public-relations/references/journalist-pitching.md","current-repo","11433","2026-06-16","md","current-repo-filesystem",".claude/skills/public-relations/references"
386,"media-outlets.md",".claude/skills/public-relations/references/media-outlets.md","current-repo","9514","2026-06-16","md","current-repo-filesystem",".claude/skills/public-relations/references"
387,"newsjacking.md",".claude/skills/public-relations/references/newsjacking.md","current-repo","8677","2026-06-16","md","current-repo-filesystem",".claude/skills/public-relations/references"
388,"press-platforms.md",".claude/skills/public-relations/references/press-platforms.md","current-repo","7097","2026-06-16","md","current-repo-filesystem",".claude/skills/public-relations/references"
389,"SKILL.md",".claude/skills/public-relations/SKILL.md","current-repo","7204","2026-06-16","md","current-repo-filesystem",".claude/skills/public-relations"
390,"evals.json",".claude/skills/referrals/evals/evals.json","current-repo","6553","2026-06-16","json","current-repo-filesystem",".claude/skills/referrals/evals"
391,"affiliate-programs.md",".claude/skills/referrals/references/affiliate-programs.md","current-repo","4567","2026-06-16","md","current-repo-filesystem",".claude/skills/referrals/references"
392,"program-examples.md",".claude/skills/referrals/references/program-examples.md","current-repo","3452","2026-06-16","md","current-repo-filesystem",".claude/skills/referrals/references"
393,"SKILL.md",".claude/skills/referrals/SKILL.md","current-repo","7758","2026-06-16","md","current-repo-filesystem",".claude/skills/referrals"
394,"evals.json",".claude/skills/revops/evals/evals.json","current-repo","6234","2026-06-16","json","current-repo-filesystem",".claude/skills/revops/evals"
395,"automation-playbooks.md",".claude/skills/revops/references/automation-playbooks.md","current-repo","11151","2026-06-16","md","current-repo-filesystem",".claude/skills/revops/references"
396,"lifecycle-definitions.md",".claude/skills/revops/references/lifecycle-definitions.md","current-repo","7297","2026-06-16","md","current-repo-filesystem",".claude/skills/revops/references"
397,"routing-rules.md",".claude/skills/revops/references/routing-rules.md","current-repo","6995","2026-06-16","md","current-repo-filesystem",".claude/skills/revops/references"
398,"scoring-models.md",".claude/skills/revops/references/scoring-models.md","current-repo","7697","2026-06-16","md","current-repo-filesystem",".claude/skills/revops/references"
399,"SKILL.md",".claude/skills/revops/SKILL.md","current-repo","15686","2026-06-16","md","current-repo-filesystem",".claude/skills/revops"
400,"evals.json",".claude/skills/sales-enablement/evals/evals.json","current-repo","6503","2026-06-16","json","current-repo-filesystem",".claude/skills/sales-enablement/evals"
401,"deck-frameworks.md",".claude/skills/sales-enablement/references/deck-frameworks.md","current-repo","7993","2026-06-16","md","current-repo-filesystem",".claude/skills/sales-enablement/references"
402,"demo-scripts.md",".claude/skills/sales-enablement/references/demo-scripts.md","current-repo","12124","2026-06-16","md","current-repo-filesystem",".claude/skills/sales-enablement/references"
403,"objection-library.md",".claude/skills/sales-enablement/references/objection-library.md","current-repo","13663","2026-06-16","md","current-repo-filesystem",".claude/skills/sales-enablement/references"
404,"one-pager-templates.md",".claude/skills/sales-enablement/references/one-pager-templates.md","current-repo","6031","2026-06-16","md","current-repo-filesystem",".claude/skills/sales-enablement/references"
405,"SKILL.md",".claude/skills/sales-enablement/SKILL.md","current-repo","15001","2026-06-16","md","current-repo-filesystem",".claude/skills/sales-enablement"
406,"evals.json",".claude/skills/schema/evals/evals.json","current-repo","6077","2026-06-16","json","current-repo-filesystem",".claude/skills/schema/evals"
407,"schema-examples.md",".claude/skills/schema/references/schema-examples.md","current-repo","8627","2026-06-16","md","current-repo-filesystem",".claude/skills/schema/references"
408,"SKILL.md",".claude/skills/schema/SKILL.md","current-repo","5427","2026-06-16","md","current-repo-filesystem",".claude/skills/schema"
409,"evals.json",".claude/skills/seo-audit/evals/evals.json","current-repo","9932","2026-06-16","json","current-repo-filesystem",".claude/skills/seo-audit/evals"
410,"ai-writing-detection.md",".claude/skills/seo-audit/references/ai-writing-detection.md","current-repo","6728","2026-06-16","md","current-repo-filesystem",".claude/skills/seo-audit/references"
411,"international-seo.md",".claude/skills/seo-audit/references/international-seo.md","current-repo","14488","2026-06-16","md","current-repo-filesystem",".claude/skills/seo-audit/references"
412,"SKILL.md",".claude/skills/seo-audit/SKILL.md","current-repo","16947","2026-06-16","md","current-repo-filesystem",".claude/skills/seo-audit"
413,"evals.json",".claude/skills/signup/evals/evals.json","current-repo","6331","2026-06-16","json","current-repo-filesystem",".claude/skills/signup/evals"
414,"SKILL.md",".claude/skills/signup/SKILL.md","current-repo","10741","2026-06-16","md","current-repo-filesystem",".claude/skills/signup"
415,"evals.json",".claude/skills/site-architecture/evals/evals.json","current-repo","6177","2026-06-16","json","current-repo-filesystem",".claude/skills/site-architecture/evals"
416,"mermaid-templates.md",".claude/skills/site-architecture/references/mermaid-templates.md","current-repo","5138","2026-06-16","md","current-repo-filesystem",".claude/skills/site-architecture/references"
417,"navigation-patterns.md",".claude/skills/site-architecture/references/navigation-patterns.md","current-repo","11038","2026-06-16","md","current-repo-filesystem",".claude/skills/site-architecture/references"
418,"site-type-templates.md",".claude/skills/site-architecture/references/site-type-templates.md","current-repo","9917","2026-06-16","md","current-repo-filesystem",".claude/skills/site-architecture/references"
419,"SKILL.md",".claude/skills/site-architecture/SKILL.md","current-repo","14025","2026-06-16","md","current-repo-filesystem",".claude/skills/site-architecture"
420,"evals.json",".claude/skills/sms/evals/evals.json","current-repo","8991","2026-06-16","json","current-repo-filesystem",".claude/skills/sms/evals"
421,"compliance.md",".claude/skills/sms/references/compliance.md","current-repo","8035","2026-06-16","md","current-repo-filesystem",".claude/skills/sms/references"
422,"platforms.md",".claude/skills/sms/references/platforms.md","current-repo","10183","2026-06-16","md","current-repo-filesystem",".claude/skills/sms/references"
423,"sequence-templates.md",".claude/skills/sms/references/sequence-templates.md","current-repo","7352","2026-06-16","md","current-repo-filesystem",".claude/skills/sms/references"
424,"SKILL.md",".claude/skills/sms/SKILL.md","current-repo","17147","2026-06-16","md","current-repo-filesystem",".claude/skills/sms"
425,"evals.json",".claude/skills/social/evals/evals.json","current-repo","6448","2026-06-16","json","current-repo-filesystem",".claude/skills/social/evals"
426,"listening-sources-template.md",".claude/skills/social/references/listening-sources-template.md","current-repo","3602","2026-06-16","md","current-repo-filesystem",".claude/skills/social/references"
427,"listening.md",".claude/skills/social/references/listening.md","current-repo","12347","2026-06-16","md","current-repo-filesystem",".claude/skills/social/references"
428,"platform-limits.md",".claude/skills/social/references/platform-limits.md","current-repo","2940","2026-06-16","md","current-repo-filesystem",".claude/skills/social/references"
429,"platforms.md",".claude/skills/social/references/platforms.md","current-repo","4590","2026-06-16","md","current-repo-filesystem",".claude/skills/social/references"
430,"post-templates.md",".claude/skills/social/references/post-templates.md","current-repo","3871","2026-06-16","md","current-repo-filesystem",".claude/skills/social/references"
431,"reverse-engineering.md",".claude/skills/social/references/reverse-engineering.md","current-repo","5746","2026-06-16","md","current-repo-filesystem",".claude/skills/social/references"
432,"short-form-video.md",".claude/skills/social/references/short-form-video.md","current-repo","6737","2026-06-16","md","current-repo-filesystem",".claude/skills/social/references"
433,"SKILL.md",".claude/skills/social/SKILL.md","current-repo","14895","2026-06-16","md","current-repo-filesystem",".claude/skills/social"
434,"evals.json",".claude/skills/video/evals/evals.json","current-repo","7730","2026-06-16","json","current-repo-filesystem",".claude/skills/video/evals"
435,"ai-video-prompting.md",".claude/skills/video/references/ai-video-prompting.md","current-repo","5433","2026-06-16","md","current-repo-filesystem",".claude/skills/video/references"
436,"SKILL.md",".claude/skills/video/SKILL.md","current-repo","13869","2026-06-16","md","current-repo-filesystem",".claude/skills/video"
437,"new-config-1.yaml",".continue/agents/new-config-1.yaml","current-repo","838","2026-02-25","yaml","current-repo-filesystem",".continue/agents"
438,"new-config.yaml",".continue/agents/new-config.yaml","current-repo","838","2026-02-25","yaml","current-repo-filesystem",".continue/agents"
439,"new-mcp-server.yaml",".continue/mcpServers/new-mcp-server.yaml","current-repo","160","2026-02-25","yaml","current-repo-filesystem",".continue/mcpServers"
440,"new-mcpServer.yaml",".continue/mcpServers/new-mcpServer.yaml","current-repo","159","2026-02-25","yaml","current-repo-filesystem",".continue/mcpServers"
441,"new-model.yaml",".continue/models/new-model.yaml","current-repo","220","2026-02-25","yaml","current-repo-filesystem",".continue/models"
442,"Dockerfile",".cursor/Dockerfile","current-repo","1460","2026-02-25","Dockerfile","current-repo-filesystem",".cursor"
443,"environment.json",".cursor/environment.json","current-repo","93","2026-02-25","json","current-repo-filesystem",".cursor"
444,"mcp.json",".cursor/mcp.json","current-repo","2207","2026-02-25","json","current-repo-filesystem",".cursor"
445,"settings.json",".cursor/settings.json","current-repo","1716","2026-06-26","json","current-repo-filesystem",".cursor"
446,".env",".env","current-repo","3560","2026-06-20","env","current-repo-filesystem","."
447,".env.development.backup",".env.development.backup","current-repo","739","2026-02-25","backup","current-repo-filesystem","."
448,".env.development.disabled",".env.development.disabled","current-repo","1029","2026-02-25","disabled","current-repo-filesystem","."
449,".env.example",".env.example","current-repo","3842","2026-07-19","example","current-repo-filesystem","."
450,".env.local",".env.local","current-repo","3543","2026-07-27","local","current-repo-filesystem","."
451,".env.local.backup.1756839874707",".env.local.backup.1756839874707","current-repo","99","2026-02-25","1756839874707","current-repo-filesystem","."
452,".env.local.backup.1756844683945",".env.local.backup.1756844683945","current-repo","2132","2026-02-25","1756844683945","current-repo-filesystem","."
453,".env.local.example",".env.local.example","current-repo","356","2026-02-25","example","current-repo-filesystem","."
454,".env.local.txt",".env.local.txt","current-repo","1203","2026-02-25","txt","current-repo-filesystem","."
455,".env.neon",".env.neon","current-repo","613","2026-02-25","neon","current-repo-filesystem","."
456,".env.neon.example",".env.neon.example","current-repo","359","2026-02-25","example","current-repo-filesystem","."
457,".env.production",".env.production","current-repo","1942","2026-03-20","production","current-repo-filesystem","."
458,".env.production.example",".env.production.example","current-repo","238","2026-02-25","example","current-repo-filesystem","."
459,".env.production.protected-backup",".env.production.protected-backup","current-repo","885","2026-02-25","protected-backup","current-repo-filesystem","."
460,".env.production.template",".env.production.template","current-repo","2591","2026-02-25","template","current-repo-filesystem","."
461,".env.staging",".env.staging","current-repo","1015","2026-02-25","staging","current-repo-filesystem","."
462,".env.template",".env.template","current-repo","3433","2026-02-25","template","current-repo-filesystem","."
463,".env.test",".env.test","current-repo","2343","2026-02-25","test","current-repo-filesystem","."
464,".env.windsurf",".env.windsurf","current-repo","943","2026-02-25","windsurf","current-repo-filesystem","."
465,".eslintrc.json",".eslintrc.json","current-repo","86","2026-02-25","json","current-repo-filesystem","."
466,"ci.yml",".github/workflows/ci.yml","current-repo","840","2026-06-16","yml","current-repo-filesystem",".github/workflows"
467,"cypress.yml",".github/workflows/cypress.yml","current-repo","3332","2026-03-21","yml","current-repo-filesystem",".github/workflows"
468,"daily-cron.yml",".github/workflows/daily-cron.yml","current-repo","2525","2026-07-17","yml","current-repo-filesystem",".github/workflows"
469,"deploy.yml",".github/workflows/deploy.yml","current-repo","1319","2026-02-25","yml","current-repo-filesystem",".github/workflows"
470,"manual-job.yml",".github/workflows/manual-job.yml","current-repo","1269","2026-06-27","yml","current-repo-filesystem",".github/workflows"
471,"pages.yml",".github/workflows/pages.yml","current-repo","743","2026-02-25","yml","current-repo-filesystem",".github/workflows"
472,"weekly-cron.yml",".github/workflows/weekly-cron.yml","current-repo","968","2026-07-17","yml","current-repo-filesystem",".github/workflows"
473,"husky.sh",".husky/_/husky.sh","current-repo","160","2025-09-28","sh","current-repo-filesystem",".husky/_"
474,"project.json",".insforge/project.json","current-repo","311","2026-06-17","json","current-repo-filesystem",".insforge"
475,"data.md",".kilo/agents/data.md","current-repo","1404","2026-07-29","md","current-repo-filesystem",".kilo/agents"
476,"package-lock.json",".kilo/package-lock.json","current-repo","13831","2026-07-29","json","current-repo-filesystem",".kilo"
477,"package.json",".kilo/package.json","current-repo","61","2026-07-29","json","current-repo-filesystem",".kilo"
478,"package-lock.json",".kilocode/package-lock.json","current-repo","13829","2026-06-27","json","current-repo-filesystem",".kilocode"
479,"package.json",".kilocode/package.json","current-repo","61","2026-06-27","json","current-repo-filesystem",".kilocode"
480,".mcp.json",".mcp.json","current-repo","357","2026-06-16","json","current-repo-filesystem","."
481,"manifest.json",".netlify/edge-functions/manifest.json","current-repo","37","2026-02-25","json","current-repo-filesystem",".netlify/edge-functions"
482,"manifest.json",".netlify/edge-functions-dist/manifest.json","current-repo","243","2026-02-25","json","current-repo-filesystem",".netlify/edge-functions-dist"
483,"edge-functions-import-map.json",".netlify/edge-functions-import-map.json","current-repo","2137","2026-02-25","json","current-repo-filesystem",".netlify"
484,"manifest.json",".netlify/functions/manifest.json","current-repo","711","2026-02-25","json","current-repo-filesystem",".netlify/functions"
485,".env.local",".netlify/functions-internal/___netlify-server-handler/.env.local","current-repo","2571","2025-09-11","local","current-repo-filesystem",".netlify/functions-internal/___netlify-server-handler"
486,".env.production",".netlify/functions-internal/___netlify-server-handler/.env.production","current-repo","651","2026-02-25","production","current-repo-filesystem",".netlify/functions-internal/___netlify-server-handler"
487,"package.json",".netlify/functions-internal/___netlify-server-handler/.netlify/package.json","current-repo","17","2026-02-25","json","current-repo-filesystem",".netlify/functions-internal/___netlify-server-handler/.netlify"
488,"package.json",".netlify/functions-internal/___netlify-server-handler/package.json","current-repo","6499","2026-02-25","json","current-repo-filesystem",".netlify/functions-internal/___netlify-server-handler"
489,"run-config.json",".netlify/functions-internal/___netlify-server-handler/run-config.json","current-repo","3899","2026-02-25","json","current-repo-filesystem",".netlify/functions-internal/___netlify-server-handler"
490,"___netlify-server-handler.json",".netlify/functions-internal/___netlify-server-handler/___netlify-server-handler.json","current-repo","264","2026-02-25","json","current-repo-filesystem",".netlify/functions-internal/___netlify-server-handler"
491,"netlify.toml",".netlify/netlify.toml","current-repo","1938","2026-02-25","toml","current-repo-filesystem",".netlify"
492,"package-lock.json",".netlify/plugins/package-lock.json","current-repo","654","2026-02-25","json","current-repo-filesystem",".netlify/plugins"
493,"package.json",".netlify/plugins/package.json","current-repo","295","2026-02-25","json","current-repo-filesystem",".netlify/plugins"
494,"state.json",".netlify/state.json","current-repo","53","2026-02-25","json","current-repo-filesystem",".netlify"
495,"common.json",".netlify/static/locales/en/common.json","current-repo","7140","2026-02-25","json","current-repo-filesystem",".netlify/static/locales/en"
496,"temple-bell.mp3.txt",".netlify/static/sounds/temple-bell.mp3.txt","current-repo","702","2026-02-25","txt","current-repo-filesystem",".netlify/static/sounds"
497,".protected-files-checksums.json",".protected-files-checksums.json","current-repo","535","2026-02-25","json","current-repo-filesystem","."
498,"Complete RFQ Routes, Prisma Baseline, and Deploy.md",".trae/documents/Complete RFQ Routes, Prisma Baseline, and Deploy.md","current-repo","3422","2026-02-25","md","current-repo-filesystem",".trae/documents"
499,"Server Verification And n8n 502 Fix Over SSH.md",".trae/documents/Server Verification And n8n 502 Fix Over SSH.md","current-repo","3272","2026-02-25","md","current-repo-filesystem",".trae/documents"
500,"project.json",".vercel/project.json","current-repo","112","2026-06-20","json","current-repo-filesystem",".vercel"
501,"README.txt",".vercel/README.txt","current-repo","520","2026-06-20","txt","current-repo-filesystem",".vercel"
502,".vercel-env-vars.txt",".vercel-env-vars.txt","current-repo","474","2026-02-25","txt","current-repo-filesystem","."
503,"keybindings.json",".vscode/keybindings.json","current-repo","1407","2025-09-29","json","current-repo-filesystem",".vscode"
504,"settings.json",".vscode/settings.json","current-repo","2274","2025-10-07","json","current-repo-filesystem",".vscode"
505,"snippets.json",".vscode/snippets.json","current-repo","5850","2025-09-29","json","current-repo-filesystem",".vscode"
506,"tasks.json",".vscode/tasks.json","current-repo","3320","2025-09-29","json","current-repo-filesystem",".vscode"
507,".webthinkerrc.json",".webthinkerrc.json","current-repo","970","2026-02-25","json","current-repo-filesystem","."
508,"ADD-DNS-A-RECORDS.md","ADD-DNS-A-RECORDS.md","current-repo","4045","2026-02-25","md","current-repo-filesystem","."
509,"ADMIN-PANEL-COMPREHENSIVE-AUDIT.md","ADMIN-PANEL-COMPREHENSIVE-AUDIT.md","current-repo","15847","2026-02-25","md","current-repo-filesystem","."
510,"Aggressive-Git-Cleanup.ps1","Aggressive-Git-Cleanup.ps1","current-repo","4125","2026-02-25","ps1","current-repo-filesystem","."
511,"AI-ACTIVATION-STATUS.md","AI-ACTIVATION-STATUS.md","current-repo","9694","2026-02-27","md","current-repo-filesystem","."
512,"docker-compose.yml","ai-explainability-service/docker-compose.yml","current-repo","327","2026-02-25","yml","current-repo-filesystem","ai-explainability-service"
513,"Dockerfile","ai-explainability-service/Dockerfile","current-repo","456","2026-02-25","Dockerfile","current-repo-filesystem","ai-explainability-service"
514,"main.py","ai-explainability-service/main.py","current-repo","13639","2026-06-23","py","current-repo-filesystem","ai-explainability-service"
515,"monitoring.py","ai-explainability-service/monitoring.py","current-repo","1566","2026-02-25","py","current-repo-filesystem","ai-explainability-service"
516,"requirements.txt","ai-explainability-service/requirements.txt","current-repo","263","2026-02-25","txt","current-repo-filesystem","ai-explainability-service"
517,"AI-FEATURES-COMPLETE-STATUS.md","AI-FEATURES-COMPLETE-STATUS.md","current-repo","6941","2026-02-25","md","current-repo-filesystem","."
518,"AI-INTEGRATION-COMPLETE.md","AI-INTEGRATION-COMPLETE.md","current-repo","13303","2026-02-25","md","current-repo-filesystem","."
519,"AI_INTEGRATION_GUIDE.md","AI_INTEGRATION_GUIDE.md","current-repo","10388","2026-02-25","md","current-repo-filesystem","."
520,"ALL-API-ROUTES-SUMMARY.md","ALL-API-ROUTES-SUMMARY.md","current-repo","5537","2026-02-25","md","current-repo-filesystem","."
521,"API-AI-FEATURES-VERIFICATION.md","API-AI-FEATURES-VERIFICATION.md","current-repo","6432","2026-02-25","md","current-repo-filesystem","."
522,"api-spec.yaml","api-spec.yaml","current-repo","16547","2026-02-25","yaml","current-repo-filesystem","."
523,"package.json","AppData/Roaming/npm/my-project/package.json","current-repo","47","2026-02-25","json","current-repo-filesystem","AppData/Roaming/npm/my-project"
524,"ARCHITECTURE.md","ARCHITECTURE.md","current-repo","1339","2026-03-01","md","current-repo-filesystem","."
525,"audit-report-2025-09-02.json","audit-report-2025-09-02.json","current-repo","14867","2026-02-25","json","current-repo-filesystem","."
526,"404-scan-20250801_022036.txt","audit-results/404-scan-20250801_022036.txt","current-repo","2406","2026-02-25","txt","current-repo-filesystem","audit-results"
527,"auto-deploy-everything.ps1","auto-deploy-everything.ps1","current-repo","5316","2026-02-25","ps1","current-repo-filesystem","."
528,"AUTO-DEPLOY-NOW.ps1","AUTO-DEPLOY-NOW.ps1","current-repo","3228","2026-02-25","ps1","current-repo-filesystem","."
529,"AUTO-DEPLOY-SUMMARY.md","AUTO-DEPLOY-SUMMARY.md","current-repo","3515","2026-02-25","md","current-repo-filesystem","."
530,"auto-execution-config.json","auto-execution-config.json","current-repo","794","2026-02-25","json","current-repo-filesystem","."
531,"auto-fix-502-and-deploy.sh","auto-fix-502-and-deploy.sh","current-repo","7869","2026-02-25","sh","current-repo-filesystem","."
532,"AUTO-VERIFY-SITE.ps1","AUTO-VERIFY-SITE.ps1","current-repo","6542","2026-02-25","ps1","current-repo-filesystem","."
533,"automated-deployment-verification.ps1","automated-deployment-verification.ps1","current-repo","3895","2026-02-25","ps1","current-repo-filesystem","."
534,"AUTO_DEPLOY_FINAL.cjs","AUTO_DEPLOY_FINAL.cjs","current-repo","6107","2026-02-25","cjs","current-repo-filesystem","."
535,"engine.py","backend/app/ab_test/engine.py","current-repo","6528","2026-02-25","py","current-repo-filesystem","backend/app/ab_test"
536,"engine_prisma.py","backend/app/ab_test/engine_prisma.py","current-repo","3550","2026-02-25","py","current-repo-filesystem","backend/app/ab_test"
537,"__init__.py","backend/app/ab_test/__init__.py","current-repo","22","2026-02-25","py","current-repo-filesystem","backend/app/ab_test"
538,"ab_test.py","backend/app/api/admin/ab_test.py","current-repo","214","2026-02-25","py","current-repo-filesystem","backend/app/api/admin"
539,"tasks.py","backend/app/api/admin/tasks.py","current-repo","602","2026-02-25","py","current-repo-filesystem","backend/app/api/admin"
540,"__init__.py","backend/app/api/admin/__init__.py","current-repo","20","2026-02-25","py","current-repo-filesystem","backend/app/api/admin"
541,"ai.py","backend/app/api/endpoints/ai.py","current-repo","1285","2026-02-25","py","current-repo-filesystem","backend/app/api/endpoints"
542,"__init__.py","backend/app/api/endpoints/__init__.py","current-repo","21","2026-02-25","py","current-repo-filesystem","backend/app/api/endpoints"
543,"__init__.py","backend/app/api/__init__.py","current-repo","15","2026-02-25","py","current-repo-filesystem","backend/app/api"
544,"prioritizer.py","backend/app/bug_tracking/prioritizer.py","current-repo","7108","2026-02-25","py","current-repo-filesystem","backend/app/bug_tracking"
545,"__init__.py","backend/app/bug_tracking/__init__.py","current-repo","23","2026-02-25","py","current-repo-filesystem","backend/app/bug_tracking"
546,"verify.py","backend/app/claim/verify.py","current-repo","0","2026-02-25","py","current-repo-filesystem","backend/app/claim"
547,"postgres.py","backend/app/db/postgres.py","current-repo","2617","2026-02-25","py","current-repo-filesystem","backend/app/db"
548,"scaling.py","backend/app/infrastructure/scaling.py","current-repo","6313","2026-02-25","py","current-repo-filesystem","backend/app/infrastructure"
549,"__init__.py","backend/app/infrastructure/__init__.py","current-repo","25","2026-02-25","py","current-repo-filesystem","backend/app/infrastructure"
550,"conversion_dashboard.py","backend/app/monitoring/conversion_dashboard.py","current-repo","1524","2026-02-25","py","current-repo-filesystem","backend/app/monitoring"
551,"__init__.py","backend/app/monitoring/__init__.py","current-repo","21","2026-02-25","py","current-repo-filesystem","backend/app/monitoring"
552,"protocol.py","backend/app/post_audit/protocol.py","current-repo","6368","2026-02-25","py","current-repo-filesystem","backend/app/post_audit"
553,"__init__.py","backend/app/post_audit/__init__.py","current-repo","30","2026-02-25","py","current-repo-filesystem","backend/app/post_audit"
554,"ai_services.py","backend/app/services/ai_services.py","current-repo","7199","2026-02-25","py","current-repo-filesystem","backend/app/services"
555,"__init__.py","backend/app/services/__init__.py","current-repo","20","2026-02-25","py","current-repo-filesystem","backend/app/services"
556,"enhancement_queue.py","backend/app/tasks/enhancement_queue.py","current-repo","7706","2026-02-25","py","current-repo-filesystem","backend/app/tasks"
557,"__init__.py","backend/app/tasks/__init__.py","current-repo","16","2026-02-25","py","current-repo-filesystem","backend/app/tasks"
558,"__init__.py","backend/app/__init__.py","current-repo","15","2026-02-25","py","current-repo-filesystem","backend/app"
559,"deploy.sh","backend/deploy.sh","current-repo","3653","2026-02-25","sh","current-repo-filesystem","backend"
560,"DEPLOYMENT.md","backend/DEPLOYMENT.md","current-repo","7743","2026-02-25","md","current-repo-filesystem","backend"
561,"dev_server.py","backend/dev_server.py","current-repo","4599","2026-02-25","py","current-repo-filesystem","backend"
562,"docker-compose.yml","backend/docker-compose.yml","current-repo","688","2026-02-25","yml","current-repo-filesystem","backend"
563,"Dockerfile","backend/Dockerfile","current-repo","878","2026-02-25","Dockerfile","current-repo-filesystem","backend"
564,"N8N_WORKFLOW_SETUP.md","backend/n8n/N8N_WORKFLOW_SETUP.md","current-repo","7098","2026-02-25","md","current-repo-filesystem","backend/n8n"
565,"README.md","backend/n8n/README.md","current-repo","2544","2026-02-25","md","current-repo-filesystem","backend/n8n"
566,"test-workflows.sh","backend/n8n/test-workflows.sh","current-repo","4044","2026-02-25","sh","current-repo-filesystem","backend/n8n"
567,"invite-companies-claim.json","backend/n8n/workflows/invite-companies-claim.json","current-repo","5876","2026-02-25","json","current-repo-filesystem","backend/n8n/workflows"
568,"marketing-automation.json","backend/n8n/workflows/marketing-automation.json","current-repo","8028","2026-02-25","json","current-repo-filesystem","backend/n8n/workflows"
569,"rfq-ai-matching.json","backend/n8n/workflows/rfq-ai-matching.json","current-repo","10293","2026-02-25","json","current-repo-filesystem","backend/n8n/workflows"
570,"PRODUCTION_CHECKLIST.md","backend/PRODUCTION_CHECKLIST.md","current-repo","4445","2026-02-25","md","current-repo-filesystem","backend"
571,"README.md","backend/README.md","current-repo","3041","2026-02-25","md","current-repo-filesystem","backend"
572,"requirements.txt","backend/requirements.txt","current-repo","123","2026-02-25","txt","current-repo-filesystem","backend"
573,"clean_fake_data.py","backend/scripts/clean_fake_data.py","current-repo","3556","2026-02-25","py","current-repo-filesystem","backend/scripts"
574,"README_POST_AUDIT.md","backend/scripts/README_POST_AUDIT.md","current-repo","3356","2026-02-25","md","current-repo-filesystem","backend/scripts"
575,"run_post_audit_protocol.py","backend/scripts/run_post_audit_protocol.py","current-repo","590","2026-02-25","py","current-repo-filesystem","backend/scripts"
576,"train_sample_rfq_model.py","backend/scripts/train_sample_rfq_model.py","current-repo","2197","2026-02-25","py","current-repo-filesystem","backend/scripts"
577,"test_ai_explain.py","backend/tests/test_ai_explain.py","current-repo","2371","2026-02-25","py","current-repo-filesystem","backend/tests"
578,"test_ai_service.py","backend/test_ai_service.py","current-repo","981","2026-02-25","py","current-repo-filesystem","backend"
579,"backup-critical-files.cjs","backup-critical-files.cjs","current-repo","6433","2026-02-25","cjs","current-repo-filesystem","."
580,"BELL24h Bootstrap Risk Audit & Mitigation Report.pdf","BELL24h Bootstrap Risk Audit & Mitigation Report.pdf","current-repo","1490427","2026-02-25","pdf","current-repo-filesystem","."
581,"BELL24H-ACCOUNT-AND-DNS-REFERENCE.md","BELL24H-ACCOUNT-AND-DNS-REFERENCE.md","current-repo","6438","2026-02-25","md","current-repo-filesystem","."
582,"BELL24H-COMPREHENSIVE-AUDIT-REPORT.md","BELL24H-COMPREHENSIVE-AUDIT-REPORT.md","current-repo","18208","2026-02-25","md","current-repo-filesystem","."
583,"BELL24H-DOCUMENTATION-ENHANCEMENT-AUDIT.md","BELL24H-DOCUMENTATION-ENHANCEMENT-AUDIT.md","current-repo","13424","2026-02-25","md","current-repo-filesystem","."
584,".env.local","bell24h-production/.env.local","current-repo","2230","2026-01-28","local","current-repo-filesystem","bell24h-production"
585,"bell24h_audit.txt","bell24h_audit.txt","current-repo","8200716","2026-05-23","txt","current-repo-filesystem","."
586,"bell24h_audit_20250726_123214.txt","bell24h_audit_20250726_123214.txt","current-repo","173","2026-02-25","txt","current-repo-filesystem","."
587,"BELL24H_BLOCKCHAIN_DEPLOYMENT_GUIDE.md","BELL24H_BLOCKCHAIN_DEPLOYMENT_GUIDE.md","current-repo","6228","2026-02-25","md","current-repo-filesystem","."
588,"BELL24H_BLOCKCHAIN_IMPLEMENTATION_COMPLETE.md","BELL24H_BLOCKCHAIN_IMPLEMENTATION_COMPLETE.md","current-repo","7634","2026-02-25","md","current-repo-filesystem","."
589,"BELL24H_BLOCKCHAIN_IMPLEMENTATION_PLAN.md","BELL24H_BLOCKCHAIN_IMPLEMENTATION_PLAN.md","current-repo","11498","2026-02-25","md","current-repo-filesystem","."
590,"BELL24H_COMPREHENSIVE_AUDIT.md","BELL24H_COMPREHENSIVE_AUDIT.md","current-repo","12491","2026-02-25","md","current-repo-filesystem","."
591,"BELL24H_COMPREHENSIVE_AUDIT_REPORT.md","BELL24H_COMPREHENSIVE_AUDIT_REPORT.md","current-repo","11104","2026-02-25","md","current-repo-filesystem","."
592,"BELL24H_CURRENT_STATUS.md","BELL24H_CURRENT_STATUS.md","current-repo","6315","2026-02-25","md","current-repo-filesystem","."
593,"BELL24H_DEPLOYMENT_SUCCESS_SUMMARY.md","BELL24H_DEPLOYMENT_SUCCESS_SUMMARY.md","current-repo","8391","2026-02-25","md","current-repo-filesystem","."
594,"BELL24H_EMPIRE_100_PERCENT_COMPLETE.md","BELL24H_EMPIRE_100_PERCENT_COMPLETE.md","current-repo","9677","2026-02-25","md","current-repo-filesystem","."
595,"BELL24H_FEATURES_COMPLETION_TABLE.md","BELL24H_FEATURES_COMPLETION_TABLE.md","current-repo","31590","2026-02-25","md","current-repo-filesystem","."
596,"BELL24H_LAUNCH_READY_COMPLETE.md","BELL24H_LAUNCH_READY_COMPLETE.md","current-repo","6872","2026-02-25","md","current-repo-filesystem","."
597,"BELL24H_MARKETING_CAMPAIGN_LAUNCH.md","BELL24H_MARKETING_CAMPAIGN_LAUNCH.md","current-repo","5177","2026-02-25","md","current-repo-filesystem","."
598,"BELL24H_PLANNED_VS_IMPLEMENTED_FEATURES.md","BELL24H_PLANNED_VS_IMPLEMENTED_FEATURES.md","current-repo","11966","2026-02-25","md","current-repo-filesystem","."
599,"BELL24H_PROJECT_ARCHITECTURE_AUDIT_REPORT.md","BELL24H_PROJECT_ARCHITECTURE_AUDIT_REPORT.md","current-repo","16917","2026-02-25","md","current-repo-filesystem","."
600,"BLOCK1-AUDIT-COMPLETE.md","BLOCK1-AUDIT-COMPLETE.md","current-repo","5963","2026-02-25","md","current-repo-filesystem","."
601,"BLOCK1-STATUS-REPORT.md","BLOCK1-STATUS-REPORT.md","current-repo","9245","2026-02-25","md","current-repo-filesystem","."
602,"BLOCK2-PROGRESS.md","BLOCK2-PROGRESS.md","current-repo","6957","2026-02-25","md","current-repo-filesystem","."
603,"BRANDING-NAVIGATION-AUDIT-REPORT.md","BRANDING-NAVIGATION-AUDIT-REPORT.md","current-repo","11535","2026-02-25","md","current-repo-filesystem","."
604,"BRUTAL_FIX_SETUP.md","BRUTAL_FIX_SETUP.md","current-repo","3096","2026-02-25","md","current-repo-filesystem","."
605,"build_spec.yaml","build_spec.yaml","current-repo","655","2026-02-25","yaml","current-repo-filesystem","."
606,"BUILD_STABILIZATION_TODO.md","BUILD_STABILIZATION_TODO.md","current-repo","341","2026-02-25","md","current-repo-filesystem","."
607,"CATEGORIES_SOLUTION.md","CATEGORIES_SOLUTION.md","current-repo","3052","2026-02-25","md","current-repo-filesystem","."
608,"CHECK-BUILD-ON-VM.md","CHECK-BUILD-ON-VM.md","current-repo","1266","2026-02-25","md","current-repo-filesystem","."
609,"check-build-via-ssh.ps1","check-build-via-ssh.ps1","current-repo","1786","2026-02-25","ps1","current-repo-filesystem","."
610,"CHECK-DOCKER-BUILD-PROGRESS.sh","CHECK-DOCKER-BUILD-PROGRESS.sh","current-repo","1777","2026-02-25","sh","current-repo-filesystem","."
611,"Claude-4.1.txt","CL4R1T4S/ANTHROPIC/Claude-4.1.txt","current-repo","58706","2026-06-13","txt","current-repo-filesystem","CL4R1T4S/ANTHROPIC"
612,"Claude-4.5-Opus.txt","CL4R1T4S/ANTHROPIC/Claude-4.5-Opus.txt","current-repo","93932","2026-06-13","txt","current-repo-filesystem","CL4R1T4S/ANTHROPIC"
613,"Claude-Design-Sys-Prompt.txt","CL4R1T4S/ANTHROPIC/Claude-Design-Sys-Prompt.txt","current-repo","73688","2026-06-13","txt","current-repo-filesystem","CL4R1T4S/ANTHROPIC"
614,"CLAUDE-FABLE-5.md","CL4R1T4S/ANTHROPIC/CLAUDE-FABLE-5.md","current-repo","121625","2026-06-13","md","current-repo-filesystem","CL4R1T4S/ANTHROPIC"
615,"Claude-Opus-4.7.txt","CL4R1T4S/ANTHROPIC/Claude-Opus-4.7.txt","current-repo","151132","2026-06-13","txt","current-repo-filesystem","CL4R1T4S/ANTHROPIC"
616,"Claude_4.txt","CL4R1T4S/ANTHROPIC/Claude_4.txt","current-repo","64855","2026-06-13","txt","current-repo-filesystem","CL4R1T4S/ANTHROPIC"
617,"Claude_Code_03-04-24.md","CL4R1T4S/ANTHROPIC/Claude_Code_03-04-24.md","current-repo","1692","2026-06-13","md","current-repo-filesystem","CL4R1T4S/ANTHROPIC"
618,"Claude_Opus_4.6.txt","CL4R1T4S/ANTHROPIC/Claude_Opus_4.6.txt","current-repo","103734","2026-06-13","txt","current-repo-filesystem","CL4R1T4S/ANTHROPIC"
619,"Claude_Sonnet-4.5_Sep-29-2025.txt","CL4R1T4S/ANTHROPIC/Claude_Sonnet-4.5_Sep-29-2025.txt","current-repo","85818","2026-06-13","txt","current-repo-filesystem","CL4R1T4S/ANTHROPIC"
620,"Claude_Sonnet_3.5.md","CL4R1T4S/ANTHROPIC/Claude_Sonnet_3.5.md","current-repo","23171","2026-06-13","md","current-repo-filesystem","CL4R1T4S/ANTHROPIC"
621,"Claude_Sonnet_3.7_New.txt","CL4R1T4S/ANTHROPIC/Claude_Sonnet_3.7_New.txt","current-repo","63810","2026-06-13","txt","current-repo-filesystem","CL4R1T4S/ANTHROPIC"
622,"UserStyle_Modes.md","CL4R1T4S/ANTHROPIC/UserStyle_Modes.md","current-repo","3763","2026-06-13","md","current-repo-filesystem","CL4R1T4S/ANTHROPIC"
623,"Bolt.txt","CL4R1T4S/BOLT/Bolt.txt","current-repo","16505","2026-06-13","txt","current-repo-filesystem","CL4R1T4S/BOLT"
624,"Cline.md","CL4R1T4S/CLINE/Cline.md","current-repo","47797","2026-06-13","md","current-repo-filesystem","CL4R1T4S/CLINE"
625,"Cursor_2.0_Sys_Prompt.txt","CL4R1T4S/CURSOR/Cursor_2.0_Sys_Prompt.txt","current-repo","23514","2026-06-13","txt","current-repo-filesystem","CL4R1T4S/CURSOR"
626,"Cursor_Prompt.md","CL4R1T4S/CURSOR/Cursor_Prompt.md","current-repo","5523","2026-06-13","md","current-repo-filesystem","CL4R1T4S/CURSOR"
627,"Cursor_Tools.md","CL4R1T4S/CURSOR/Cursor_Tools.md","current-repo","7269","2026-06-13","md","current-repo-filesystem","CL4R1T4S/CURSOR"
628,"Devin2_09-08-2025.md","CL4R1T4S/DEVIN/Devin2_09-08-2025.md","current-repo","51376","2026-06-13","md","current-repo-filesystem","CL4R1T4S/DEVIN"
629,"Devin_2.0.md","CL4R1T4S/DEVIN/Devin_2.0.md","current-repo","6119","2026-06-13","md","current-repo-filesystem","CL4R1T4S/DEVIN"
630,"Devin_2.0_Commands.md","CL4R1T4S/DEVIN/Devin_2.0_Commands.md","current-repo","29935","2026-06-13","md","current-repo-filesystem","CL4R1T4S/DEVIN"
631,"Dia_CodingSkill.txt","CL4R1T4S/DIA/Dia_CodingSkill.txt","current-repo","21764","2026-06-13","txt","current-repo-filesystem","CL4R1T4S/DIA"
632,"Dia_DraftSkill.txt","CL4R1T4S/DIA/Dia_DraftSkill.txt","current-repo","9183","2026-06-13","txt","current-repo-filesystem","CL4R1T4S/DIA"
633,"DROID.txt","CL4R1T4S/FACTORY/DROID.txt","current-repo","17149","2026-06-13","txt","current-repo-filesystem","CL4R1T4S/FACTORY"
634,"Gemini-2.5-Pro-04-18-2025.md","CL4R1T4S/GOOGLE/Gemini-2.5-Pro-04-18-2025.md","current-repo","12285","2026-06-13","md","current-repo-filesystem","CL4R1T4S/GOOGLE"
635,"Gemini_Diffusion.md","CL4R1T4S/GOOGLE/Gemini_Diffusion.md","current-repo","6601","2026-06-13","md","current-repo-filesystem","CL4R1T4S/GOOGLE"
636,"Gemini_Gmail_Assistant.txt","CL4R1T4S/GOOGLE/Gemini_Gmail_Assistant.txt","current-repo","4608","2026-06-13","txt","current-repo-filesystem","CL4R1T4S/GOOGLE"
637,"Hume_Voice_AI.md","CL4R1T4S/HUME/Hume_Voice_AI.md","current-repo","4495","2026-06-13","md","current-repo-filesystem","CL4R1T4S/HUME"
638,"Lovable_2.0.txt","CL4R1T4S/LOVABLE/Lovable_2.0.txt","current-repo","17057","2026-06-13","txt","current-repo-filesystem","CL4R1T4S/LOVABLE"
639,"Manus_Functions.txt","CL4R1T4S/MANUS/Manus_Functions.txt","current-repo","26199","2026-06-13","txt","current-repo-filesystem","CL4R1T4S/MANUS"
640,"Manus_Prompt.txt","CL4R1T4S/MANUS/Manus_Prompt.txt","current-repo","14254","2026-06-13","txt","current-repo-filesystem","CL4R1T4S/MANUS"
641,"Llama4_WhatsApp.txt","CL4R1T4S/META/Llama4_WhatsApp.txt","current-repo","3975","2026-06-13","txt","current-repo-filesystem","CL4R1T4S/META"
642,"Muse_Spark_Apr-08-26.txt","CL4R1T4S/META/Muse_Spark_Apr-08-26.txt","current-repo","49773","2026-06-13","txt","current-repo-filesystem","CL4R1T4S/META"
643,"MiniMax.txt","CL4R1T4S/MINIMAX/MiniMax.txt","current-repo","2513","2026-06-13","txt","current-repo-filesystem","CL4R1T4S/MINIMAX"
644,"LeChat.md","CL4R1T4S/MISTRAL/LeChat.md","current-repo","6685","2026-06-13","md","current-repo-filesystem","CL4R1T4S/MISTRAL"
645,"Kimi_2_July-11-2025.txt","CL4R1T4S/MOONSHOT/Kimi_2_July-11-2025.txt","current-repo","1442","2026-06-13","txt","current-repo-filesystem","CL4R1T4S/MOONSHOT"
646,"Kimi_K2_Thinking.txt","CL4R1T4S/MOONSHOT/Kimi_K2_Thinking.txt","current-repo","965","2026-06-13","txt","current-repo-filesystem","CL4R1T4S/MOONSHOT"
647,"MultiOn.md","CL4R1T4S/MULTION/MultiOn.md","current-repo","9404","2026-06-13","md","current-repo-filesystem","CL4R1T4S/MULTION"
648,"Atlas_10-21-25.txt","CL4R1T4S/OPENAI/Atlas_10-21-25.txt","current-repo","33938","2026-06-13","txt","current-repo-filesystem","CL4R1T4S/OPENAI"
649,"ChatGPT-4o_Sep-27-25.txt","CL4R1T4S/OPENAI/ChatGPT-4o_Sep-27-25.txt","current-repo","9032","2026-06-13","txt","current-repo-filesystem","CL4R1T4S/OPENAI"
650,"ChatGPT_4.1_05-15-2025.txt","CL4R1T4S/OPENAI/ChatGPT_4.1_05-15-2025.txt","current-repo","9352","2026-06-13","txt","current-repo-filesystem","CL4R1T4S/OPENAI"
651,"ChatGPT_4o_04-25-2025.txt","CL4R1T4S/OPENAI/ChatGPT_4o_04-25-2025.txt","current-repo","8759","2026-06-13","txt","current-repo-filesystem","CL4R1T4S/OPENAI"
652,"ChatGPT_Personality_v2_Change.md","CL4R1T4S/OPENAI/ChatGPT_Personality_v2_Change.md","current-repo","1206","2026-06-13","md","current-repo-filesystem","CL4R1T4S/OPENAI"
653,"ChatKit_Docs__Oct-6-25.txt","CL4R1T4S/OPENAI/ChatKit_Docs__Oct-6-25.txt","current-repo","74835","2026-06-13","txt","current-repo-filesystem","CL4R1T4S/OPENAI"
654,"Codex.md","CL4R1T4S/OPENAI/Codex.md","current-repo","6332","2026-06-13","md","current-repo-filesystem","CL4R1T4S/OPENAI"
655,"Codex_Sep-15-2025.md","CL4R1T4S/OPENAI/Codex_Sep-15-2025.md","current-repo","11936","2026-06-13","md","current-repo-filesystem","CL4R1T4S/OPENAI"
656,"GPT-4.5_02-27-25.md","CL4R1T4S/OPENAI/GPT-4.5_02-27-25.md","current-repo","8696","2026-06-13","md","current-repo-filesystem","CL4R1T4S/OPENAI"
657,"GPT-4o_Image_Gen_Postfill.txt","CL4R1T4S/OPENAI/GPT-4o_Image_Gen_Postfill.txt","current-repo","280","2026-06-13","txt","current-repo-filesystem","CL4R1T4S/OPENAI"
658,"Perplexity_Deep_Research.txt","CL4R1T4S/PERPLEXITY/Perplexity_Deep_Research.txt","current-repo","7742","2026-06-13","txt","current-repo-filesystem","CL4R1T4S/PERPLEXITY"
659,"README.md","CL4R1T4S/README.md","current-repo","1665","2026-06-13","md","current-repo-filesystem","CL4R1T4S"
660,"Replit_Agent.md","CL4R1T4S/REPLIT/Replit_Agent.md","current-repo","6818","2026-06-13","md","current-repo-filesystem","CL4R1T4S/REPLIT"
661,"Replit_Functions.md","CL4R1T4S/REPLIT/Replit_Functions.md","current-repo","20788","2026-06-13","md","current-repo-filesystem","CL4R1T4S/REPLIT"
662,"Replit_Initial_Code_Generation_Prompt.md","CL4R1T4S/REPLIT/Replit_Initial_Code_Generation_Prompt.md","current-repo","4606","2026-06-13","md","current-repo-filesystem","CL4R1T4S/REPLIT"
663,"Same_Dev.txt","CL4R1T4S/SAMEDEV/Same_Dev.txt","current-repo","22441","2026-06-13","txt","current-repo-filesystem","CL4R1T4S/SAMEDEV"
664,"Vercel_v0.txt","CL4R1T4S/VERCEL V0/Vercel_v0.txt","current-repo","20428","2026-06-13","txt","current-repo-filesystem","CL4R1T4S/VERCEL V0"
665,"Windsurf_Prompt.md","CL4R1T4S/WINDSURF/Windsurf_Prompt.md","current-repo","9053","2026-06-13","md","current-repo-filesystem","CL4R1T4S/WINDSURF"
666,"Windsurf_Tools.md","CL4R1T4S/WINDSURF/Windsurf_Tools.md","current-repo","25275","2026-06-13","md","current-repo-filesystem","CL4R1T4S/WINDSURF"
667,"GROK-4.1_Nov-17-2025.txt","CL4R1T4S/XAI/GROK-4.1_Nov-17-2025.txt","current-repo","13902","2026-06-13","txt","current-repo-filesystem","CL4R1T4S/XAI"
668,"Grok-Code-Fast-1_Aug-26-2025.txt","CL4R1T4S/XAI/Grok-Code-Fast-1_Aug-26-2025.txt","current-repo","3973","2026-06-13","txt","current-repo-filesystem","CL4R1T4S/XAI"
669,"Grok3.md","CL4R1T4S/XAI/Grok3.md","current-repo","2881","2026-06-13","md","current-repo-filesystem","CL4R1T4S/XAI"
670,"Grok3_updated_07-08-2025.md","CL4R1T4S/XAI/Grok3_updated_07-08-2025.md","current-repo","3689","2026-06-13","md","current-repo-filesystem","CL4R1T4S/XAI"
671,"Grok4-July-10-2025.md","CL4R1T4S/XAI/Grok4-July-10-2025.md","current-repo","10322","2026-06-13","md","current-repo-filesystem","CL4R1T4S/XAI"
672,"CLAUDE.md","CLAUDE.md","current-repo","14649","2026-07-18","md","current-repo-filesystem","."
673,"client-tsconfig.json","client-tsconfig.json","current-repo","408","2026-02-25","json","current-repo-filesystem","."
674,"client_secret_2_1044360968417-avn6r7navbtelcvocsauv7j6ck6egvnl.apps.googleusercontent.com.json","client_secret_2_1044360968417-avn6r7navbtelcvocsauv7j6ck6egvnl.apps.googleusercontent.com.json","current-repo","577","2026-02-25","json","current-repo-filesystem","."
675,"CLOUDFLARE-BUILD-COMMAND-CLARIFICATION.md","CLOUDFLARE-BUILD-COMMAND-CLARIFICATION.md","current-repo","3322","2026-02-25","md","current-repo-filesystem","."
676,"CLOUDFLARE-DNS-QUICK-FIX.md","CLOUDFLARE-DNS-QUICK-FIX.md","current-repo","1413","2026-02-25","md","current-repo-filesystem","."
677,"CLOUDFLARE-PAGES-BUILD-FIX.md","CLOUDFLARE-PAGES-BUILD-FIX.md","current-repo","3507","2026-02-25","md","current-repo-filesystem","."
678,"cloudflare-pages-config.json","cloudflare-pages-config.json","current-repo","834","2026-02-25","json","current-repo-filesystem","."
679,"CLOUDFLARE-PAGES-FINAL-FIX.md","CLOUDFLARE-PAGES-FINAL-FIX.md","current-repo","3072","2026-02-25","md","current-repo-filesystem","."
680,"CLOUDFLARE-PAGES-NEXT-STEPS.md","CLOUDFLARE-PAGES-NEXT-STEPS.md","current-repo","4996","2026-02-25","md","current-repo-filesystem","."
681,"CLOUDFLARE-PAGES-SETTINGS-FIX.md","CLOUDFLARE-PAGES-SETTINGS-FIX.md","current-repo","3772","2026-02-25","md","current-repo-filesystem","."
682,"CLOUDFLARE-PAGES-SETUP.md","CLOUDFLARE-PAGES-SETUP.md","current-repo","5098","2026-02-25","md","current-repo-filesystem","."
683,"CLOUDFLARE-PAGES-TEST.md","CLOUDFLARE-PAGES-TEST.md","current-repo","3772","2026-02-25","md","current-repo-filesystem","."
684,"CLOUDFLARE-SETUP-STEP-BY-STEP.md","CLOUDFLARE-SETUP-STEP-BY-STEP.md","current-repo","8609","2026-02-25","md","current-repo-filesystem","."
685,"commit-and-push-fix.ps1","commit-and-push-fix.ps1","current-repo","312","2026-02-25","ps1","current-repo-filesystem","."
686,"COMPANY_PROFILE_CLAIMING_IMPLEMENTATION_COMPLETE.md","COMPANY_PROFILE_CLAIMING_IMPLEMENTATION_COMPLETE.md","current-repo","8926","2026-02-25","md","current-repo-filesystem","."
687,"COMPANY_PROFILE_CLAIMING_SUMMARY.md","COMPANY_PROFILE_CLAIMING_SUMMARY.md","current-repo","7613","2026-02-25","md","current-repo-filesystem","."
688,"COMPLETE-AUTOMATIC-DEPLOY.ps1","COMPLETE-AUTOMATIC-DEPLOY.ps1","current-repo","1995","2026-02-25","ps1","current-repo-filesystem","."
689,"complete-database-setup-400-categories.sql","complete-database-setup-400-categories.sql","current-repo","29605","2026-02-25","sql","current-repo-filesystem","."
690,"complete-database-setup.sql","complete-database-setup.sql","current-repo","14571","2026-02-25","sql","current-repo-filesystem","."
691,"COMPLETE-DEPLOYMENT.ps1","COMPLETE-DEPLOYMENT.ps1","current-repo","1230","2026-02-25","ps1","current-repo-filesystem","."
692,"COMPLETE-FEATURE-INVENTORY.md","COMPLETE-FEATURE-INVENTORY.md","current-repo","8600","2026-02-25","md","current-repo-filesystem","."
693,"COMPLETE_AUTOMATED_FIX_SUMMARY.md","COMPLETE_AUTOMATED_FIX_SUMMARY.md","current-repo","6968","2026-02-25","md","current-repo-filesystem","."
694,"COMPLETE_DEPLOYMENT_ANALYSIS.md","COMPLETE_DEPLOYMENT_ANALYSIS.md","current-repo","8714","2026-02-25","md","current-repo-filesystem","."
695,"COMPLETE_PROJECT_REBUILD.cjs","COMPLETE_PROJECT_REBUILD.cjs","current-repo","6515","2026-02-25","cjs","current-repo-filesystem","."
696,"COMPLETE_SETUP_SUMMARY.md","COMPLETE_SETUP_SUMMARY.md","current-repo","6333","2026-02-25","md","current-repo-filesystem","."
697,"composer.json","composer.json","current-repo","2905","2026-02-25","json","current-repo-filesystem","."
698,"COMPREHENSIVE-AUDIT-REPORT.md","COMPREHENSIVE-AUDIT-REPORT.md","current-repo","12166","2026-02-25","md","current-repo-filesystem","."
699,"COMPREHENSIVE-FIX.ps1","COMPREHENSIVE-FIX.ps1","current-repo","739","2026-02-25","ps1","current-repo-filesystem","."
700,"COMPREHENSIVE-PROJECT-AUDIT-2025.md","COMPREHENSIVE-PROJECT-AUDIT-2025.md","current-repo","20796","2026-02-25","md","current-repo-filesystem","."
701,"COMPREHENSIVE-PROJECT-AUDIT-AND-ASSESSMENT.md","COMPREHENSIVE-PROJECT-AUDIT-AND-ASSESSMENT.md","current-repo","24184","2026-02-25","md","current-repo-filesystem","."
702,"COMPREHENSIVE_AUDIT_REPORT.md","COMPREHENSIVE_AUDIT_REPORT.md","current-repo","10864","2026-02-25","md","current-repo-filesystem","."
703,"COMPREHENSIVE_MCP_AUDIT_REPORT.md","COMPREHENSIVE_MCP_AUDIT_REPORT.md","current-repo","5491","2026-02-25","md","current-repo-filesystem","."
704,"COMPREHENSIVE_MCP_AUDIT_REPORT_FINAL.md","COMPREHENSIVE_MCP_AUDIT_REPORT_FINAL.md","current-repo","5392","2026-02-25","md","current-repo-filesystem","."
705,"COPY-PASTE-COMMANDS.txt","COPY-PASTE-COMMANDS.txt","current-repo","2001","2026-02-25","txt","current-repo-filesystem","."
706,"COPY_PASTE_DEPLOYMENT.txt","COPY_PASTE_DEPLOYMENT.txt","current-repo","2766","2026-02-25","txt","current-repo-filesystem","."
707,"CRITICAL-BUGS-FIXED.md","CRITICAL-BUGS-FIXED.md","current-repo","10043","2026-02-25","md","current-repo-filesystem","."
708,"CURRENT-STATUS-AND-NEXT-STEPS.md","CURRENT-STATUS-AND-NEXT-STEPS.md","current-repo","7365","2026-02-25","md","current-repo-filesystem","."
709,"cursor-mcp-config.json","cursor-mcp-config.json","current-repo","2234","2026-02-25","json","current-repo-filesystem","."
710,"CURSOR-MCP-HYBRID-INTEGRATION.md","CURSOR-MCP-HYBRID-INTEGRATION.md","current-repo","11526","2026-02-25","md","current-repo-filesystem","."
711,"CURSOR-MCP-INTEGRATION-COMPLETE-REPORT.md","CURSOR-MCP-INTEGRATION-COMPLETE-REPORT.md","current-repo","8158","2026-02-25","md","current-repo-filesystem","."
712,"CURSOR-MCP-INTEGRATION-GUIDE.md","CURSOR-MCP-INTEGRATION-GUIDE.md","current-repo","8499","2026-02-25","md","current-repo-filesystem","."
713,"CURSOR-MCP-USAGE.md","CURSOR-MCP-USAGE.md","current-repo","1532","2026-02-25","md","current-repo-filesystem","."
714,"cursor_settings.json","cursor_settings.json","current-repo","418","2026-02-25","json","current-repo-filesystem","."
715,"CYPRESS_FIX_SUMMARY.md","CYPRESS_FIX_SUMMARY.md","current-repo","3152","2026-02-25","md","current-repo-filesystem","."
716,"DASHBOARD-AUDIT-COMPLETE.md","DASHBOARD-AUDIT-COMPLETE.md","current-repo","8443","2026-02-25","md","current-repo-filesystem","."
717,"DASHBOARD-FIX-COMPLETE.md","DASHBOARD-FIX-COMPLETE.md","current-repo","6740","2026-02-25","md","current-repo-filesystem","."
718,"DASHBOARD-QUICK-ACCESS-GUIDE.md","DASHBOARD-QUICK-ACCESS-GUIDE.md","current-repo","9647","2026-02-25","md","current-repo-filesystem","."
719,"DAY2_COMPLETION_SUMMARY.md","DAY2_COMPLETION_SUMMARY.md","current-repo","4535","2026-02-25","md","current-repo-filesystem","."
720,"DAY2_SETUP_INSTRUCTIONS.md","DAY2_SETUP_INSTRUCTIONS.md","current-repo","3389","2026-02-25","md","current-repo-filesystem","."
721,"DELETE-CNAME-ADD-A-RECORD.md","DELETE-CNAME-ADD-A-RECORD.md","current-repo","3682","2026-02-25","md","current-repo-filesystem","."
722,"DEMO-LOGIN-GUIDE.md","DEMO-LOGIN-GUIDE.md","current-repo","5147","2026-02-25","md","current-repo-filesystem","."
723,"deploy-2step-verification.ps1","deploy-2step-verification.ps1","current-repo","6731","2026-02-25","ps1","current-repo-filesystem","."
724,"deploy-auto.sh","deploy-auto.sh","current-repo","3060","2026-02-25","sh","current-repo-filesystem","."
725,"DEPLOY-CLOUDFLARE-PAGES.md","DEPLOY-CLOUDFLARE-PAGES.md","current-repo","7376","2026-02-25","md","current-repo-filesystem","."
726,"deploy-fast-html-site.ps1","deploy-fast-html-site.ps1","current-repo","13845","2026-02-25","ps1","current-repo-filesystem","."
727,"deploy-html-clean.ps1","deploy-html-clean.ps1","current-repo","4398","2026-02-25","ps1","current-repo-filesystem","."
728,"deploy-html-fast-site-fixed.ps1","deploy-html-fast-site-fixed.ps1","current-repo","19789","2026-02-25","ps1","current-repo-filesystem","."
729,"deploy-html-fast-site.ps1","deploy-html-fast-site.ps1","current-repo","25389","2026-02-25","ps1","current-repo-filesystem","."
730,"deploy-mobile-otp-registration-flow.ps1","deploy-mobile-otp-registration-flow.ps1","current-repo","12937","2026-02-25","ps1","current-repo-filesystem","."
731,"deploy-now.ps1","deploy-now.ps1","current-repo","520","2026-02-25","ps1","current-repo-filesystem","."
732,"DEPLOY-NOW.txt","DEPLOY-NOW.txt","current-repo","1036","2026-02-25","txt","current-repo-filesystem","."
733,"deploy-oracle-vm.sh","deploy-oracle-vm.sh","current-repo","4102","2026-02-25","sh","current-repo-filesystem","."
734,"deploy-script.sh","deploy-script.sh","current-repo","1001","2026-02-25","sh","current-repo-filesystem","."
735,"deployment-config.json","deployment-config.json","current-repo","764","2026-02-25","json","current-repo-filesystem","."
736,"DEPLOYMENT-CRASH-AUDIT-AND-FIX.md","DEPLOYMENT-CRASH-AUDIT-AND-FIX.md","current-repo","8167","2026-02-25","md","current-repo-filesystem","."
737,"deployment-protection.cjs","deployment-protection.cjs","current-repo","5363","2026-02-25","cjs","current-repo-filesystem","."
738,"DEPLOYMENT-STATUS-AND-FIX.md","DEPLOYMENT-STATUS-AND-FIX.md","current-repo","6188","2026-02-25","md","current-repo-filesystem","."
739,"DEPLOYMENT-STATUS.md","DEPLOYMENT-STATUS.md","current-repo","5170","2026-02-25","md","current-repo-filesystem","."
740,"DEPLOYMENT.md","DEPLOYMENT.md","current-repo","6702","2026-02-25","md","current-repo-filesystem","."
741,"DEPLOYMENT_ACTION_PLAN.txt","DEPLOYMENT_ACTION_PLAN.txt","current-repo","1164","2026-02-25","txt","current-repo-filesystem","."
742,"DEPLOYMENT_CHECKLIST.md","DEPLOYMENT_CHECKLIST.md","current-repo","7307","2026-02-25","md","current-repo-filesystem","."
743,"DEPLOYMENT_FIX_COMPLETE.md","DEPLOYMENT_FIX_COMPLETE.md","current-repo","5330","2026-02-25","md","current-repo-filesystem","."
744,"DEPLOYMENT_SUMMARY.md","DEPLOYMENT_SUMMARY.md","current-repo","3028","2026-02-25","md","current-repo-filesystem","."
745,"DEPLOYMENT_VERIFICATION_GUIDE.md","DEPLOYMENT_VERIFICATION_GUIDE.md","current-repo","9095","2026-02-25","md","current-repo-filesystem","."
746,"deploy_existing_500_pages.ps1","deploy_existing_500_pages.ps1","current-repo","7569","2026-02-25","ps1","current-repo-filesystem","."
747,"deploy_hero_fix.ps1","deploy_hero_fix.ps1","current-repo","1218","2026-02-25","ps1","current-repo-filesystem","."
748,"deploy_homepage_fix.ps1","deploy_homepage_fix.ps1","current-repo","1509","2026-02-25","ps1","current-repo-filesystem","."
749,"DETAILED-FILE-INVENTORY-2025.md","DETAILED-FILE-INVENTORY-2025.md","current-repo","16137","2026-02-25","md","current-repo-filesystem","."
750,"DIAGNOSE-502-ERROR.sh","DIAGNOSE-502-ERROR.sh","current-repo","2433","2026-02-25","sh","current-repo-filesystem","."
751,"disable-all-failing-workflows.ps1","disable-all-failing-workflows.ps1","current-repo","1077","2026-02-25","ps1","current-repo-filesystem","."
752,"disable-webthinker.ps1","disable-webthinker.ps1","current-repo","490","2026-02-25","ps1","current-repo-filesystem","."
753,"DNS-COMPLETE-NEXT-STEPS.md","DNS-COMPLETE-NEXT-STEPS.md","current-repo","5495","2026-02-25","md","current-repo-filesystem","."
754,"DOCKER-BUILD-NOT-FROZEN-GUIDE.md","DOCKER-BUILD-NOT-FROZEN-GUIDE.md","current-repo","5556","2026-02-25","md","current-repo-filesystem","."
755,"docker-compose.debug.yml","docker-compose.debug.yml","current-repo","323","2026-02-25","yml","current-repo-filesystem","."
756,"docker-compose.perplexity.yml","docker-compose.perplexity.yml","current-repo","321","2026-02-25","yml","current-repo-filesystem","."
757,"docker-compose.yml","docker-compose.yml","current-repo","1305","2026-02-25","yml","current-repo-filesystem","."
758,"Dockerfile","Dockerfile","current-repo","1331","2026-02-25","Dockerfile","current-repo-filesystem","."
759,"Dockerfile.client","Dockerfile.client","current-repo","1747","2026-02-25","client","current-repo-filesystem","."
760,"Dockerfile.final","Dockerfile.final","current-repo","1403","2026-02-25","final","current-repo-filesystem","."
761,"Dockerfile.fixed","Dockerfile.fixed","current-repo","1363","2026-02-25","fixed","current-repo-filesystem","."
762,"Dockerfile.oracle","Dockerfile.oracle","current-repo","1498","2026-02-25","oracle","current-repo-filesystem","."
763,"Dockerfile.oracle-fixed","Dockerfile.oracle-fixed","current-repo","1636","2026-02-25","oracle-fixed","current-repo-filesystem","."
764,"swagger.json","docs/api/swagger.json","current-repo","5444","2026-02-25","json","current-repo-filesystem","docs/api"
765,"AUTOMATION_ARCHITECTURE.md","docs/AUTOMATION_ARCHITECTURE.md","current-repo","5443","2026-06-27","md","current-repo-filesystem","docs"
766,"BELL24H_SUPPLIER_ACQUISITION_ENGINE_V2.md","docs/BELL24H_SUPPLIER_ACQUISITION_ENGINE_V2.md","current-repo","13511","2026-02-25","md","current-repo-filesystem","docs"
767,"vyaparsethu-studio.md","docs/claude-personas/vyaparsethu-studio.md","current-repo","3404","2026-06-14","md","current-repo-filesystem","docs/claude-personas"
768,"DEPLOYMENT_GUIDE.md","docs/DEPLOYMENT_GUIDE.md","current-repo","3241","2026-02-25","md","current-repo-filesystem","docs"
769,"E2E_VALIDATION_CHECKLIST_PHASE_B.md","docs/E2E_VALIDATION_CHECKLIST_PHASE_B.md","current-repo","14079","2026-07-18","md","current-repo-filesystem","docs"
770,"E2E_VALIDATION_REPORT_PHASE_B_2026-07-18.md","docs/E2E_VALIDATION_REPORT_PHASE_B_2026-07-18.md","current-repo","10476","2026-07-19","md","current-repo-filesystem","docs"
771,"ENTERPRISE_SEO_BACKLOG.md","docs/ENTERPRISE_SEO_BACKLOG.md","current-repo","36950","2026-07-31","md","current-repo-filesystem","docs"
772,"ENTERPRISE_SEO_MASTER_PROGRAM.md","docs/ENTERPRISE_SEO_MASTER_PROGRAM.md","current-repo","26731","2026-07-31","md","current-repo-filesystem","docs"
773,"MANUAL_SETUP_CHECKLIST.md","docs/MANUAL_SETUP_CHECKLIST.md","current-repo","2818","2026-06-26","md","current-repo-filesystem","docs"
774,"MASTER_HISTORICAL_AUDIT_2026-08-02.md","docs/MASTER_HISTORICAL_AUDIT_2026-08-02.md","current-repo","20308","2026-08-02","md","current-repo-filesystem","docs"
775,"NEXT_30_DAYS_SPRINT.md","docs/NEXT_30_DAYS_SPRINT.md","current-repo","16237","2026-05-30","md","current-repo-filesystem","docs"
776,"OLD_REPO_HISTORICAL_RECONSTRUCTION_2026-08-03.md","docs/OLD_REPO_HISTORICAL_RECONSTRUCTION_2026-08-03.md","current-repo","14400","2026-08-03","md","current-repo-filesystem","docs"
777,"openapi.yaml","docs/openapi.yaml","current-repo","4165","2026-02-25","yaml","current-repo-filesystem","docs"
778,"production-readiness-roadmap-2026-07-27.md","docs/production-readiness-roadmap-2026-07-27.md","current-repo","7274","2026-07-27","md","current-repo-filesystem","docs"
779,"PRODUCTION_SETUP.md","docs/PRODUCTION_SETUP.md","current-repo","6368","2026-02-25","md","current-repo-filesystem","docs"
780,"PRODUCT_INDUSTRY_INTELLIGENCE_ARCHITECTURE.md","docs/PRODUCT_INDUSTRY_INTELLIGENCE_ARCHITECTURE.md","current-repo","10079","2026-07-18","md","current-repo-filesystem","docs"
781,"README_EXPORT_SUMMARY.txt","docs/README_EXPORT_SUMMARY.txt","current-repo","584","2026-02-25","txt","current-repo-filesystem","docs"
782,"SEO_DECISIONS.md","docs/SEO_DECISIONS.md","current-repo","25242","2026-07-31","md","current-repo-filesystem","docs"
783,"SEO_TESTING_CHECKLIST.md","docs/SEO_TESTING_CHECKLIST.md","current-repo","17708","2026-07-31","md","current-repo-filesystem","docs"
784,"smoke-test-2026-07-26.md","docs/smoke-test-2026-07-26.md","current-repo","7394","2026-07-26","md","current-repo-filesystem","docs"
785,"SPRINT_01_TECHNICAL_SEO.md","docs/SPRINT_01_TECHNICAL_SEO.md","current-repo","16057","2026-07-31","md","current-repo-filesystem","docs"
786,"SPRINT_02_STRUCTURED_DATA.md","docs/SPRINT_02_STRUCTURED_DATA.md","current-repo","13266","2026-07-31","md","current-repo-filesystem","docs"
787,"SPRINT_03_INDEXATION.md","docs/SPRINT_03_INDEXATION.md","current-repo","15424","2026-07-31","md","current-repo-filesystem","docs"
788,"supplier-category-backfill-1785243436900.json","docs/supplier-category-backfill-1785243436900.json","current-repo","80393","2026-07-28","json","current-repo-filesystem","docs"
789,"supplier-category-recovery-batch-1785246938285.json","docs/supplier-category-recovery-batch-1785246938285.json","current-repo","2241","2026-07-28","json","current-repo-filesystem","docs"
790,"VYAPARSETHU_MASTER_PLAN.md","docs/VYAPARSETHU_MASTER_PLAN.md","current-repo","36954","2026-05-30","md","current-repo-filesystem","docs"
791,"VYAPARSETHU_MASTER_SKILL.md","docs/VYAPARSETHU_MASTER_SKILL.md","current-repo","12038","2026-05-30","md","current-repo-filesystem","docs"
792,"VYAPARSETHU_VISION.md","docs/VYAPARSETHU_VISION.md","current-repo","4704","2026-06-26","md","current-repo-filesystem","docs"
793,"package.json","Downloads/Pro/Bell24h/package.json","current-repo","1653","2026-02-25","json","current-repo-filesystem","Downloads/Pro/Bell24h"
794,"e2e-test-mobile-otp.ps1","e2e-test-mobile-otp.ps1","current-repo","7126","2026-02-25","ps1","current-repo-filesystem","."
795,"ECG-MARKETING-IMPLEMENTATION-PLAN.md","ECG-MARKETING-IMPLEMENTATION-PLAN.md","current-repo","8483","2026-02-25","md","current-repo-filesystem","."
796,"EMERGENCY-502-FIX-SCRIPT.sh","EMERGENCY-502-FIX-SCRIPT.sh","current-repo","3807","2026-02-25","sh","current-repo-filesystem","."
797,"ENABLE-HTTPS-CLOUDFLARE.md","ENABLE-HTTPS-CLOUDFLARE.md","current-repo","4217","2026-02-25","md","current-repo-filesystem","."
798,"env-list.txt","env-list.txt","current-repo","778","2026-02-25","txt","current-repo-filesystem","."
799,"ERROR_HANDLING_GUIDE.md","ERROR_HANDLING_GUIDE.md","current-repo","14561","2026-02-25","md","current-repo-filesystem","."
800,"EVERYTHING-WORKING-WAIT-FOR-SSL.md","EVERYTHING-WORKING-WAIT-FOR-SSL.md","current-repo","3609","2026-02-25","md","current-repo-filesystem","."
801,"explain_api.py","explain_api.py","current-repo","1449","2026-02-25","py","current-repo-filesystem","."
802,"FEATURE-COMPARISON-TABLE.md","FEATURE-COMPARISON-TABLE.md","current-repo","11366","2026-02-25","md","current-repo-filesystem","."
803,"FEATURE-COMPLETENESS-ANALYSIS.md","FEATURE-COMPLETENESS-ANALYSIS.md","current-repo","6963","2026-02-25","md","current-repo-filesystem","."
804,"FINAL-521-FIX.md","FINAL-521-FIX.md","current-repo","6072","2026-02-25","md","current-repo-filesystem","."
805,"FINAL-AUDIT-SUMMARY-2025.md","FINAL-AUDIT-SUMMARY-2025.md","current-repo","12181","2026-02-25","md","current-repo-filesystem","."
806,"FINAL-FEATURE-COMPARISON.md","FINAL-FEATURE-COMPARISON.md","current-repo","11801","2026-02-25","md","current-repo-filesystem","."
807,"FINAL-STATUS-REPORT.md","FINAL-STATUS-REPORT.md","current-repo","4925","2026-02-25","md","current-repo-filesystem","."
808,"FINAL-TEST-FINDINGS.md","FINAL-TEST-FINDINGS.md","current-repo","9028","2026-02-28","md","current-repo-filesystem","."
809,"FINAL_BLUEPRINT.md","FINAL_BLUEPRINT.md","current-repo","28096","2026-02-25","md","current-repo-filesystem","."
810,"FINAL_DEPLOYMENT_ORDER.md","FINAL_DEPLOYMENT_ORDER.md","current-repo","5880","2026-02-25","md","current-repo-filesystem","."
811,"FINAL_DEPLOYMENT_STATUS_REPORT.md","FINAL_DEPLOYMENT_STATUS_REPORT.md","current-repo","7981","2026-02-25","md","current-repo-filesystem","."
812,"find-server-port.cjs","find-server-port.cjs","current-repo","2979","2026-02-25","cjs","current-repo-filesystem","."
813,"FIX-404-DNS-GUIDE.md","FIX-404-DNS-GUIDE.md","current-repo","5938","2026-02-25","md","current-repo-filesystem","."
814,"FIX-502-ERROR.sh","FIX-502-ERROR.sh","current-repo","2745","2026-02-25","sh","current-repo-filesystem","."
815,"FIX-521-ERROR.sh","FIX-521-ERROR.sh","current-repo","4675","2026-02-25","sh","current-repo-filesystem","."
816,"FIX-521-QUICK-FIX.md","FIX-521-QUICK-FIX.md","current-repo","4509","2026-02-25","md","current-repo-filesystem","."
817,"fix-build-error.sh","fix-build-error.sh","current-repo","762","2026-02-25","sh","current-repo-filesystem","."
818,"FIX-BUILD-NOW.md","FIX-BUILD-NOW.md","current-repo","2027","2026-02-25","md","current-repo-filesystem","."
819,"fix-category-id.sql","fix-category-id.sql","current-repo","564","2026-02-25","sql","current-repo-filesystem","."
820,"FIX-CLOUDFLARE-521-ERROR.md","FIX-CLOUDFLARE-521-ERROR.md","current-repo","8475","2026-02-25","md","current-repo-filesystem","."
821,"FIX-CLOUDFLARE-AUTO.ps1","FIX-CLOUDFLARE-AUTO.ps1","current-repo","3760","2026-02-25","ps1","current-repo-filesystem","."
822,"FIX-CLOUDFLARE-BUILD-FAILURE.md","FIX-CLOUDFLARE-BUILD-FAILURE.md","current-repo","5335","2026-02-25","md","current-repo-filesystem","."
823,"FIX-CLOUDFLARE-DNS-CONFLICT.md","FIX-CLOUDFLARE-DNS-CONFLICT.md","current-repo","4552","2026-02-25","md","current-repo-filesystem","."
824,"FIX-CLOUDFLARE-FINAL.ps1","FIX-CLOUDFLARE-FINAL.ps1","current-repo","4291","2026-02-25","ps1","current-repo-filesystem","."
825,"FIX-CLOUDFLARE-MANUAL.txt","FIX-CLOUDFLARE-MANUAL.txt","current-repo","993","2026-02-25","txt","current-repo-filesystem","."
826,"FIX-CLOUDFLARE-PAGES-404.md","FIX-CLOUDFLARE-PAGES-404.md","current-repo","2141","2026-02-25","md","current-repo-filesystem","."
827,"FIX-CLOUDFLARE-SUBMODULES.ps1","FIX-CLOUDFLARE-SUBMODULES.ps1","current-repo","3237","2026-02-25","ps1","current-repo-filesystem","."
828,"fix-cloudflare.ps1","fix-cloudflare.ps1","current-repo","1201","2026-02-25","ps1","current-repo-filesystem","."
829,"FIX-CONNECTION-TIMEOUT.md","FIX-CONNECTION-TIMEOUT.md","current-repo","5522","2026-02-25","md","current-repo-filesystem","."
830,"FIX-DASHBOARD-COMPLETE-GUIDE.md","FIX-DASHBOARD-COMPLETE-GUIDE.md","current-repo","3898","2026-02-25","md","current-repo-filesystem","."
831,"FIX-DISK-SPACE-AND-NGINX.sh","FIX-DISK-SPACE-AND-NGINX.sh","current-repo","2515","2026-02-25","sh","current-repo-filesystem","."
832,"FIX-DNS-APP-N8N.md","FIX-DNS-APP-N8N.md","current-repo","3498","2026-02-25","md","current-repo-filesystem","."
833,"FIX-DOCKER-BUILD-STANDALONE-ERROR.md","FIX-DOCKER-BUILD-STANDALONE-ERROR.md","current-repo","1768","2026-02-25","md","current-repo-filesystem","."
834,"fix-docker-build.sh","fix-docker-build.sh","current-repo","460","2026-02-25","sh","current-repo-filesystem","."
835,"fix-github-actions.ps1","fix-github-actions.ps1","current-repo","6421","2026-02-25","ps1","current-repo-filesystem","."
836,"FIX-GITHUB-PUSH-FINAL.ps1","FIX-GITHUB-PUSH-FINAL.ps1","current-repo","5697","2026-02-25","ps1","current-repo-filesystem","."
837,"FIX-GITHUB-SECRET.md","FIX-GITHUB-SECRET.md","current-repo","3658","2026-02-25","md","current-repo-filesystem","."
838,"FIX-LOGIN-COOKIE.md","FIX-LOGIN-COOKIE.md","current-repo","1895","2026-02-25","md","current-repo-filesystem","."
839,"fix-lucide-imports.ps1","fix-lucide-imports.ps1","current-repo","1893","2026-02-25","ps1","current-repo-filesystem","."
840,"FIX-MERGE-CONFLICTS.ps1","FIX-MERGE-CONFLICTS.ps1","current-repo","4592","2026-02-25","ps1","current-repo-filesystem","."
841,"FIX-MISSING-PAGES.md","FIX-MISSING-PAGES.md","current-repo","1364","2026-02-25","md","current-repo-filesystem","."
842,"FIX-N8N-502.sh","FIX-N8N-502.sh","current-repo","2522","2026-02-25","sh","current-repo-filesystem","."
843,"FIX-NODE-MODULES-SUBMODULE.ps1","FIX-NODE-MODULES-SUBMODULE.ps1","current-repo","4926","2026-02-25","ps1","current-repo-filesystem","."
844,"FIX-PORT-80-CONFLICT.sh","FIX-PORT-80-CONFLICT.sh","current-repo","4124","2026-02-25","sh","current-repo-filesystem","."
845,"FIX-PORT-80-QUICK.txt","FIX-PORT-80-QUICK.txt","current-repo","2241","2026-02-25","txt","current-repo-filesystem","."
846,"FIX-PUSH-ERROR.ps1","FIX-PUSH-ERROR.ps1","current-repo","5258","2026-02-25","ps1","current-repo-filesystem","."
847,"fix-quotes-table.sql","fix-quotes-table.sql","current-repo","4413","2026-02-28","sql","current-repo-filesystem","."
848,"FIX-RECURSIVE-BUILD-ERROR.md","FIX-RECURSIVE-BUILD-ERROR.md","current-repo","3987","2026-02-25","md","current-repo-filesystem","."
849,"fix-secret.sh","fix-secret.sh","current-repo","233","2026-02-25","sh","current-repo-filesystem","."
850,"FIX-SSH-KEY-ISSUE.md","FIX-SSH-KEY-ISSUE.md","current-repo","5108","2026-02-25","md","current-repo-filesystem","."
851,"FIX-SSL-AND-N8N.md","FIX-SSL-AND-N8N.md","current-repo","6337","2026-02-25","md","current-repo-filesystem","."
852,"FIX-SUBMODULE-CLOUDFLARE.md","FIX-SUBMODULE-CLOUDFLARE.md","current-repo","2631","2026-02-25","md","current-repo-filesystem","."
853,"FIX-SUBMODULE-ERROR-FINAL.ps1","FIX-SUBMODULE-ERROR-FINAL.ps1","current-repo","4451","2026-02-25","ps1","current-repo-filesystem","."
854,"FIX-SUBMODULES-COMPLETE.ps1","FIX-SUBMODULES-COMPLETE.ps1","current-repo","5106","2026-02-25","ps1","current-repo-filesystem","."
855,"FIX-SUPPLIERS-PAGE-ERROR.md","FIX-SUPPLIERS-PAGE-ERROR.md","current-repo","452","2026-02-25","md","current-repo-filesystem","."
856,"fix-unescaped-entities.ps1","fix-unescaped-entities.ps1","current-repo","935","2026-02-25","ps1","current-repo-filesystem","."
857,"FIXES_APPLIED.md","FIXES_APPLIED.md","current-repo","3582","2026-02-25","md","current-repo-filesystem","."
858,"fix_build_error.ps1","fix_build_error.ps1","current-repo","1006","2026-02-25","ps1","current-repo-filesystem","."
859,"fix_build_errors.ps1","fix_build_errors.ps1","current-repo","3661","2026-02-25","ps1","current-repo-filesystem","."
860,"fix_build_error_final.ps1","fix_build_error_final.ps1","current-repo","16760","2026-02-25","ps1","current-repo-filesystem","."
861,"fix_icons.ps1","fix_icons.ps1","current-repo","990","2026-02-25","ps1","current-repo-filesystem","."
862,"force-push-all.ps1","force-push-all.ps1","current-repo","945","2026-02-25","ps1","current-repo-filesystem","."
863,"freelancer-ai-agent.zip","freelancer-ai-agent.zip","current-repo","191523","2026-01-28","zip","current-repo-filesystem","."
864,"GITHUB-ACTIONS-SETUP.md","GITHUB-ACTIONS-SETUP.md","current-repo","5262","2026-02-25","md","current-repo-filesystem","."
865,"GITHUB-ORACLE-AUTO-DEPLOY-GUIDE.md","GITHUB-ORACLE-AUTO-DEPLOY-GUIDE.md","current-repo","9635","2026-02-25","md","current-repo-filesystem","."
866,"github-setup-commands.txt","github-setup-commands.txt","current-repo","1150","2026-02-25","txt","current-repo-filesystem","."
867,"gitkraken.env","gitkraken.env","current-repo","195","2026-02-25","env","current-repo-filesystem","."
868,"GIT_REPOSITORY_FIX_COMPLETE.md","GIT_REPOSITORY_FIX_COMPLETE.md","current-repo","3961","2026-02-25","md","current-repo-filesystem","."
869,"hardhat.config.cjs","hardhat.config.cjs","current-repo","1573","2026-02-25","cjs","current-repo-filesystem","."
870,"hell -ExecutionPolicy Bypass -File commit-and-push-fix.ps1","hell -ExecutionPolicy Bypass -File commit-and-push-fix.ps1","current-repo","630","2026-02-25","ps1","current-repo-filesystem","."
871,"HOMEPAGE_BUILD_COMPLETE.md","HOMEPAGE_BUILD_COMPLETE.md","current-repo","9859","2026-02-25","md","current-repo-filesystem","."
872,"HYBRID-APPROACH-COMPLETE-GUIDE.md","HYBRID-APPROACH-COMPLETE-GUIDE.md","current-repo","10779","2026-02-25","md","current-repo-filesystem","."
873,"IMMEDIATE-502-FIX.sh","IMMEDIATE-502-FIX.sh","current-repo","3351","2026-02-25","sh","current-repo-filesystem","."
874,"IMMEDIATE-FIX-COMMANDS.txt","IMMEDIATE-FIX-COMMANDS.txt","current-repo","1790","2026-02-25","txt","current-repo-filesystem","."
875,"jest.config.cjs","jest.config.cjs","current-repo","863","2026-02-25","cjs","current-repo-filesystem","."
876,"jest.integration.config.cjs","jest.integration.config.cjs","current-repo","1325","2026-02-25","cjs","current-repo-filesystem","."
877,"JSON-SYNTAX-ERROR-FIX-REPORT.md","JSON-SYNTAX-ERROR-FIX-REPORT.md","current-repo","4045","2026-02-25","md","current-repo-filesystem","."
878,"LAUNCH_DAY_SCHEDULE.md","LAUNCH_DAY_SCHEDULE.md","current-repo","6614","2026-02-25","md","current-repo-filesystem","."
879,"LAUNCH_PLAN.md","LAUNCH_PLAN.md","current-repo","17311","2026-02-25","md","current-repo-filesystem","."
880,"LAUNCH_PREPARATION_NOV_22.md","LAUNCH_PREPARATION_NOV_22.md","current-repo","4136","2026-02-25","md","current-repo-filesystem","."
881,"LAUNCH_READY_SUMMARY.md","LAUNCH_READY_SUMMARY.md","current-repo","6537","2026-02-25","md","current-repo-filesystem","."
882,"LAUNCH_SOCIAL_MEDIA_POSTS.md","LAUNCH_SOCIAL_MEDIA_POSTS.md","current-repo","4670","2026-02-25","md","current-repo-filesystem","."
883,"package-lock.json","load-testing/package-lock.json","current-repo","323943","2026-02-25","json","current-repo-filesystem","load-testing"
884,"package.json","load-testing/package.json","current-repo","2990","2026-02-25","json","current-repo-filesystem","load-testing"
885,"tsconfig.json","load-testing/tsconfig.json","current-repo","1331","2026-02-25","json","current-repo-filesystem","load-testing"
886,"LOCAL_CSS_FIX_GUIDE.md","LOCAL_CSS_FIX_GUIDE.md","current-repo","6074","2026-02-25","md","current-repo-filesystem","."
887,"MANUAL-FIX-COMMANDS.txt","MANUAL-FIX-COMMANDS.txt","current-repo","1494","2026-02-25","txt","current-repo-filesystem","."
888,"MANUAL-SSL-SETUP-STEPS.md","MANUAL-SSL-SETUP-STEPS.md","current-repo","7511","2026-02-25","md","current-repo-filesystem","."
889,"MANUAL_GITKRAKEN_SETUP.txt","MANUAL_GITKRAKEN_SETUP.txt","current-repo","2693","2026-02-25","txt","current-repo-filesystem","."
890,"whatsapp-messages.txt","marketing/whatsapp-messages.txt","current-repo","1287","2026-02-25","txt","current-repo-filesystem","marketing"
891,"MARKETING_PLAN_COMPANY_PROFILE_CLAIMING.md","MARKETING_PLAN_COMPANY_PROFILE_CLAIMING.md","current-repo","12256","2026-02-25","md","current-repo-filesystem","."
892,"mcp-gitkraken.json","mcp-gitkraken.json","current-repo","347","2026-02-25","json","current-repo-filesystem","."
893,"mcp_config.json","mcp_config.json","current-repo","1722","2026-02-25","json","current-repo-filesystem","."
894,"migrate-existing-data.sql","migrate-existing-data.sql","current-repo","4173","2026-02-28","sql","current-repo-filesystem","."
895,"MIGRATION-CLOUDFLARE-PAGES.md","MIGRATION-CLOUDFLARE-PAGES.md","current-repo","588","2026-02-25","md","current-repo-filesystem","."
896,"MIGRATION_ACTION_PLAN.txt","MIGRATION_ACTION_PLAN.txt","current-repo","1589","2026-02-25","txt","current-repo-filesystem","."
897,"MINIMAL-FIX-INSTALLATION.md","MINIMAL-FIX-INSTALLATION.md","current-repo","4531","2026-02-25","md","current-repo-filesystem","."
898,"settings.json","mobile/vyaparsethu/.claude/settings.json","current-repo","71","2026-07-19","json","current-repo-filesystem","mobile/vyaparsethu/.claude"
899,"devices.json","mobile/vyaparsethu/.expo/devices.json","current-repo","20","2026-07-20","json","current-repo-filesystem","mobile/vyaparsethu/.expo"
900,"README.md","mobile/vyaparsethu/.expo/README.md","current-repo","889","2026-07-20","md","current-repo-filesystem","mobile/vyaparsethu/.expo"
901,"AGENTS.md","mobile/vyaparsethu/AGENTS.md","current-repo","118","2026-07-19","md","current-repo-filesystem","mobile/vyaparsethu"
902,"app.json","mobile/vyaparsethu/app.json","current-repo","2150","2026-07-20","json","current-repo-filesystem","mobile/vyaparsethu"
903,"CLAUDE.md","mobile/vyaparsethu/CLAUDE.md","current-repo","11","2026-07-19","md","current-repo-filesystem","mobile/vyaparsethu"
904,"eas.json","mobile/vyaparsethu/eas.json","current-repo","344","2026-07-20","json","current-repo-filesystem","mobile/vyaparsethu"
905,"package-lock.json","mobile/vyaparsethu/package-lock.json","current-repo","276196","2026-07-21","json","current-repo-filesystem","mobile/vyaparsethu"
906,"package.json","mobile/vyaparsethu/package.json","current-repo","1035","2026-07-21","json","current-repo-filesystem","mobile/vyaparsethu"
907,"tsconfig.json","mobile/vyaparsethu/tsconfig.json","current-repo","85","2026-07-19","json","current-repo-filesystem","mobile/vyaparsethu"
908,"mobile-otp-only-deploy.ps1","mobile-otp-only-deploy.ps1","current-repo","6167","2026-02-25","ps1","current-repo-filesystem","."
909,"MOBILE_OTP_ERROR_HANDLING.md","MOBILE_OTP_ERROR_HANDLING.md","current-repo","4922","2026-02-25","md","current-repo-filesystem","."
910,"MOVE-TO-PORT-80.md","MOVE-TO-PORT-80.md","current-repo","2719","2026-02-25","md","current-repo-filesystem","."
911,"MSG91_INTEGRATION_COMPLETE.md","MSG91_INTEGRATION_COMPLETE.md","current-repo","12563","2026-02-25","md","current-repo-filesystem","."
912,"MSG91_QUICK_SETUP.md","MSG91_QUICK_SETUP.md","current-repo","3718","2026-02-25","md","current-repo-filesystem","."
913,"MSG91_SETUP_COMPLETE.md","MSG91_SETUP_COMPLETE.md","current-repo","4717","2026-02-25","md","current-repo-filesystem","."
914,"bell24h-deerflow-v1.json","n8n/bell24h-deerflow-v1.json","current-repo","4412","2026-03-26","json","current-repo-filesystem","n8n"
915,"bell24h-integration.workflow.json","n8n/workflows/bell24h-integration.workflow.json","current-repo","5176","2026-02-25","json","current-repo-filesystem","n8n/workflows"
916,"category-analytics.workflow.json","n8n/workflows/category-analytics.workflow.json","current-repo","7216","2026-02-25","json","current-repo-filesystem","n8n/workflows"
917,"category-seo-automation.workflow.json","n8n/workflows/category-seo-automation.workflow.json","current-repo","13008","2026-02-25","json","current-repo-filesystem","n8n/workflows"
918,"escrow.workflow.json","n8n/workflows/escrow.workflow.json","current-repo","1323","2026-02-25","json","current-repo-filesystem","n8n/workflows"
919,"mock-order-generation.workflow.json","n8n/workflows/mock-order-generation.workflow.json","current-repo","10136","2026-02-25","json","current-repo-filesystem","n8n/workflows"
920,"rfq.workflow.json","n8n/workflows/rfq.workflow.json","current-repo","1111","2026-02-25","json","current-repo-filesystem","n8n/workflows"
921,"user.onboarding.workflow.json","n8n/workflows/user.onboarding.workflow.json","current-repo","1099","2026-02-25","json","current-repo-filesystem","n8n/workflows"
922,"N8N-RUNNING-FIX-SSL.md","N8N-RUNNING-FIX-SSL.md","current-repo","4491","2026-02-25","md","current-repo-filesystem","."
923,"N8N-WORKFLOW-A-E-MICRO-LEVEL-GUIDE.md","N8N-WORKFLOW-A-E-MICRO-LEVEL-GUIDE.md","current-repo","16778","2026-02-25","md","current-repo-filesystem","."
924,"supplier-onboarding-welcome-email.json","n8n-workflows/supplier-onboarding-welcome-email.json","current-repo","1863","2026-02-25","json","current-repo-filesystem","n8n-workflows"
925,"supplier-onboarding-welcome-sms.json","n8n-workflows/supplier-onboarding-welcome-sms.json","current-repo","2144","2026-02-25","json","current-repo-filesystem","n8n-workflows"
926,"N8N_SETUP_QUICK_REFERENCE.md","N8N_SETUP_QUICK_REFERENCE.md","current-repo","5165","2026-02-25","md","current-repo-filesystem","."
927,"N8N_WORKFLOWS_COMPLETE.md","N8N_WORKFLOWS_COMPLETE.md","current-repo","2885","2026-02-25","md","current-repo-filesystem","."
928,"netlify.toml","netlify.toml","current-repo","647","2026-02-25","toml","current-repo-filesystem","."
929,"NEXT-STEPS-TODO-LIST.md","NEXT-STEPS-TODO-LIST.md","current-repo","5752","2026-02-25","md","current-repo-filesystem","."
930,"nixpacks.toml","nixpacks.toml","current-repo","184","2026-02-25","toml","current-repo-filesystem","."
931,"NO-Q-PREFIX-AUTOMATION.ps1","NO-Q-PREFIX-AUTOMATION.ps1","current-repo","5889","2026-02-25","ps1","current-repo-filesystem","."
932,"NON-CODER-DEPLOYMENT-PRIORITY-GUIDE.md","NON-CODER-DEPLOYMENT-PRIORITY-GUIDE.md","current-repo","14417","2026-02-25","md","current-repo-filesystem","."
933,"NOV-20-LAUNCH-CHECKLIST.md","NOV-20-LAUNCH-CHECKLIST.md","current-repo","11089","2026-02-25","md","current-repo-filesystem","."
934,"nuclear_fix.ps1","nuclear_fix.ps1","current-repo","1140","2026-02-25","ps1","current-repo-filesystem","."
935,"nuclear_fix_all.ps1","nuclear_fix_all.ps1","current-repo","1456","2026-02-25","ps1","current-repo-filesystem","."
936,"ONE-PAGE-BRUTAL-TRUTH-REVENUE-SUMMARY.md","ONE-PAGE-BRUTAL-TRUTH-REVENUE-SUMMARY.md","current-repo","2478","2026-02-25","md","current-repo-filesystem","."
937,"openapitools.json","openapitools.json","current-repo","154","2026-02-25","json","current-repo-filesystem","."
938,".env.example","oracle/.env.example","current-repo","778","2026-02-25","example","current-repo-filesystem","oracle"
939,"default.json","oracle/config/default.json","current-repo","452","2026-02-25","json","current-repo-filesystem","oracle/config"
940,"package.json","oracle/package.json","current-repo","590","2026-02-25","json","current-repo-filesystem","oracle"
941,"ORACLE-CLOUD-DEPLOYMENT-GUIDE.md","ORACLE-CLOUD-DEPLOYMENT-GUIDE.md","current-repo","7713","2026-02-25","md","current-repo-filesystem","."
942,"complete-categories.sql","oracle-cloud-n8n/database/complete-categories.sql","current-repo","17499","2026-02-25","sql","current-repo-filesystem","oracle-cloud-n8n/database"
943,"missing-tables.sql","oracle-cloud-n8n/database/missing-tables.sql","current-repo","6685","2026-02-25","sql","current-repo-filesystem","oracle-cloud-n8n/database"
944,"docker-compose.yml","oracle-cloud-n8n/docker-compose.yml","current-repo","2292","2026-02-25","yml","current-repo-filesystem","oracle-cloud-n8n"
945,"README.md","oracle-cloud-n8n/README.md","current-repo","5148","2026-02-25","md","current-repo-filesystem","oracle-cloud-n8n"
946,"setup-oracle-cloud.sh","oracle-cloud-n8n/setup-oracle-cloud.sh","current-repo","3865","2026-02-25","sh","current-repo-filesystem","oracle-cloud-n8n"
947,"lead-test-data.json","oracle-cloud-n8n/test-data/lead-test-data.json","current-repo","745","2026-02-25","json","current-repo-filesystem","oracle-cloud-n8n/test-data"
948,"rfq-test-data.json","oracle-cloud-n8n/test-data/rfq-test-data.json","current-repo","965","2026-02-25","json","current-repo-filesystem","oracle-cloud-n8n/test-data"
949,"bell24h-ai-category-worker-complete.json","oracle-cloud-n8n/workflows/bell24h-ai-category-worker-complete.json","current-repo","28608","2026-02-25","json","current-repo-filesystem","oracle-cloud-n8n/workflows"
950,"bell24h-ai-category-worker-with-db.json","oracle-cloud-n8n/workflows/bell24h-ai-category-worker-with-db.json","current-repo","20967","2026-02-25","json","current-repo-filesystem","oracle-cloud-n8n/workflows"
951,"bell24h-ai-category-worker.json","oracle-cloud-n8n/workflows/bell24h-ai-category-worker.json","current-repo","8746","2026-02-25","json","current-repo-filesystem","oracle-cloud-n8n/workflows"
952,"bell24h-ai-scraper-master-with-db.json","oracle-cloud-n8n/workflows/bell24h-ai-scraper-master-with-db.json","current-repo","15444","2026-02-25","json","current-repo-filesystem","oracle-cloud-n8n/workflows"
953,"bell24h-ai-scraper-master.json","oracle-cloud-n8n/workflows/bell24h-ai-scraper-master.json","current-repo","5114","2026-02-25","json","current-repo-filesystem","oracle-cloud-n8n/workflows"
954,"bell24h-lead-scoring-complete.json","oracle-cloud-n8n/workflows/bell24h-lead-scoring-complete.json","current-repo","14563","2026-02-25","json","current-repo-filesystem","oracle-cloud-n8n/workflows"
955,"bell24h-lead-scoring-with-db.json","oracle-cloud-n8n/workflows/bell24h-lead-scoring-with-db.json","current-repo","18924","2026-02-25","json","current-repo-filesystem","oracle-cloud-n8n/workflows"
956,"bell24h-lead-scoring.json","oracle-cloud-n8n/workflows/bell24h-lead-scoring.json","current-repo","4429","2026-02-25","json","current-repo-filesystem","oracle-cloud-n8n/workflows"
957,"bell24h-rfq-notification-complete.json","oracle-cloud-n8n/workflows/bell24h-rfq-notification-complete.json","current-repo","8472","2026-02-25","json","current-repo-filesystem","oracle-cloud-n8n/workflows"
958,"bell24h-rfq-notification-fixed.json","oracle-cloud-n8n/workflows/bell24h-rfq-notification-fixed.json","current-repo","8335","2026-02-25","json","current-repo-filesystem","oracle-cloud-n8n/workflows"
959,"bell24h-rfq-notification-with-db.json","oracle-cloud-n8n/workflows/bell24h-rfq-notification-with-db.json","current-repo","14440","2026-02-25","json","current-repo-filesystem","oracle-cloud-n8n/workflows"
960,"bell24h-rfq-notification.json","oracle-cloud-n8n/workflows/bell24h-rfq-notification.json","current-repo","3234","2026-02-25","json","current-repo-filesystem","oracle-cloud-n8n/workflows"
961,"nano-banana-enrichment.json","oracle-cloud-n8n/workflows/nano-banana-enrichment.json","current-repo","11379","2026-02-25","json","current-repo-filesystem","oracle-cloud-n8n/workflows"
962,"ORACLE-VM-DEPLOYMENT-GUIDE.md","ORACLE-VM-DEPLOYMENT-GUIDE.md","current-repo","6777","2026-02-25","md","current-repo-filesystem","."
963,"package-lock.json","package-lock.json","current-repo","421202","2026-07-20","json","current-repo-filesystem","."
964,"package.json","package.json","current-repo","2670","2026-07-20","json","current-repo-filesystem","."
965,"page-test-report.json","page-test-report.json","current-repo","5132","2026-02-25","json","current-repo-filesystem","."
966,"page-verification-report.json","page-verification-report.json","current-repo","39816","2026-02-25","json","current-repo-filesystem","."
967,"PERMANENT-Q-PREFIX-FIX.sh","PERMANENT-Q-PREFIX-FIX.sh","current-repo","6449","2026-02-25","sh","current-repo-filesystem","."
968,"postcss.config.cjs","postcss.config.cjs","current-repo","96","2026-02-25","cjs","current-repo-filesystem","."
969,"POST_AUDIT_PROTOCOL_COMPLETE.md","POST_AUDIT_PROTOCOL_COMPLETE.md","current-repo","3434","2026-02-25","md","current-repo-filesystem","."
970,"POST_AUDIT_PROTOCOL_IMPLEMENTATION_SUMMARY.md","POST_AUDIT_PROTOCOL_IMPLEMENTATION_SUMMARY.md","current-repo","5783","2026-02-25","md","current-repo-filesystem","."
971,"migration.sql","prisma/migrations/0001_baseline/migration.sql","current-repo","18335","2026-05-26","sql","current-repo-filesystem","prisma/migrations/0001_baseline"
972,"migration.sql","prisma/migrations/0002_leads_dpdp/migration.sql","current-repo","2282","2026-06-15","sql","current-repo-filesystem","prisma/migrations/0002_leads_dpdp"
973,"migration.sql","prisma/migrations/0003_campaign_rules/migration.sql","current-repo","640","2026-06-15","sql","current-repo-filesystem","prisma/migrations/0003_campaign_rules"
974,"migration.sql","prisma/migrations/0003_company_dna/migration.sql","current-repo","2831","2026-06-26","sql","current-repo-filesystem","prisma/migrations/0003_company_dna"
975,"migration.sql","prisma/migrations/0004_business_life_events/migration.sql","current-repo","1455","2026-06-26","sql","current-repo-filesystem","prisma/migrations/0004_business_life_events"
976,"migration.sql","prisma/migrations/0004_seed_campaign_rules/migration.sql","current-repo","311","2026-06-15","sql","current-repo-filesystem","prisma/migrations/0004_seed_campaign_rules"
977,"migration.sql","prisma/migrations/0005_product_industry_intelligence/migration.sql","current-repo","2500","2026-07-17","sql","current-repo-filesystem","prisma/migrations/0005_product_industry_intelligence"
978,"migration.sql","prisma/migrations/0006_concierge_quotes/migration.sql","current-repo","772","2026-07-22","sql","current-repo-filesystem","prisma/migrations/0006_concierge_quotes"
979,"migration.sql","prisma/migrations/0007_kyc_documents/migration.sql","current-repo","1588","2026-07-22","sql","current-repo-filesystem","prisma/migrations/0007_kyc_documents"
980,"migration.sql","prisma/migrations/0008_consent_jurisdiction_basis/migration.sql","current-repo","489","2026-07-23","sql","current-repo-filesystem","prisma/migrations/0008_consent_jurisdiction_basis"
981,"migration.sql","prisma/migrations/0009_rfq_video_url/migration.sql","current-repo","699","2026-07-26","sql","current-repo-filesystem","prisma/migrations/0009_rfq_video_url"
982,"migration.sql","prisma/migrations/0010_reviews/migration.sql","current-repo","1304","2026-08-02","sql","current-repo-filesystem","prisma/migrations/0010_reviews"
983,"migration_lock.toml","prisma/migrations/migration_lock.toml","current-repo","128","2026-05-26","toml","current-repo-filesystem","prisma/migrations"
984,"seed-50-categories.sql","prisma/seed-50-categories.sql","current-repo","7402","2026-02-25","sql","current-repo-filesystem","prisma"
985,"PRISMA_FIX_COMPLETE.md","PRISMA_FIX_COMPLETE.md","current-repo","4434","2026-02-25","md","current-repo-filesystem","."
986,"production.env.template","production.env.template","current-repo","1690","2026-02-25","template","current-repo-filesystem","."
987,"PRODUCTION_DEPLOYMENT_SUMMARY.md","PRODUCTION_DEPLOYMENT_SUMMARY.md","current-repo","5632","2026-02-25","md","current-repo-filesystem","."
988,"PRODUCTION_SUMMARY.md","PRODUCTION_SUMMARY.md","current-repo","3768","2026-02-25","md","current-repo-filesystem","."
989,"PROJECT-ENHANCEMENT-SUMMARY.md","PROJECT-ENHANCEMENT-SUMMARY.md","current-repo","6675","2026-02-25","md","current-repo-filesystem","."
990,"PROJECT-STATUS-CHECK.md","PROJECT-STATUS-CHECK.md","current-repo","3742","2026-02-25","md","current-repo-filesystem","."
991,"llms.txt","public/llms.txt","current-repo","1071","2026-06-23","txt","current-repo-filesystem","public"
992,"common.json","public/locales/en/common.json","current-repo","7140","2026-02-25","json","current-repo-filesystem","public/locales/en"
993,"common.json","public/locales/hi/common.json","current-repo","768","2026-02-25","json","current-repo-filesystem","public/locales/hi"
994,"dashboard.json","public/locales/hi/dashboard.json","current-repo","490","2026-02-25","json","current-repo-filesystem","public/locales/hi"
995,"manifest.json","public/manifest.json","current-repo","993","2026-07-19","json","current-repo-filesystem","public"
996,"temple-bell.mp3.txt","public/sounds/temple-bell.mp3.txt","current-repo","702","2026-02-25","txt","current-repo-filesystem","public/sounds"
997,"QUALITY-CHECK-COMPLETE.md","QUALITY-CHECK-COMPLETE.md","current-repo","9831","2026-02-25","md","current-repo-filesystem","."
998,"QUICK-502-DIAGNOSIS.md","QUICK-502-DIAGNOSIS.md","current-repo","6676","2026-02-25","md","current-repo-filesystem","."
999,"QUICK-DEPLOY-ORACLE.md","QUICK-DEPLOY-ORACLE.md","current-repo","3004","2026-02-25","md","current-repo-filesystem","."
1000,"quick-deploy.cjs","quick-deploy.cjs","current-repo","5927","2026-02-25","cjs","current-repo-filesystem","."
1001,"QUICK-DIAGNOSTIC-COMMANDS.sh","QUICK-DIAGNOSTIC-COMMANDS.sh","current-repo","1271","2026-02-25","sh","current-repo-filesystem","."
1002,"QUICK-FIX-N8N.sh","QUICK-FIX-N8N.sh","current-repo","1733","2026-02-25","sh","current-repo-filesystem","."
1003,"quick-fix-production.sql","quick-fix-production.sql","current-repo","4927","2026-02-28","sql","current-repo-filesystem","."
1004,"QUICK-FIX-TIMEOUT.md","QUICK-FIX-TIMEOUT.md","current-repo","1752","2026-02-25","md","current-repo-filesystem","."
1005,"quick-platform-test.cjs","quick-platform-test.cjs","current-repo","7605","2026-02-25","cjs","current-repo-filesystem","."
1006,"QUICK-ROLLBACK.sh","QUICK-ROLLBACK.sh","current-repo","1887","2026-02-25","sh","current-repo-filesystem","."
1007,"QUICK-START-AUTO-DEPLOY.md","QUICK-START-AUTO-DEPLOY.md","current-repo","2029","2026-02-25","md","current-repo-filesystem","."
1008,"quick-status-check.cjs","quick-status-check.cjs","current-repo","886","2026-02-25","cjs","current-repo-filesystem","."
1009,"QUICK_DEPLOYMENT_STEPS.txt","QUICK_DEPLOYMENT_STEPS.txt","current-repo","1318","2026-02-25","txt","current-repo-filesystem","."
1010,"QUICK_DEPLOYMENT_TEST.txt","QUICK_DEPLOYMENT_TEST.txt","current-repo","10250","2026-02-25","txt","current-repo-filesystem","."
1011,"QUICK_DEPLOY_COMMANDS.txt","QUICK_DEPLOY_COMMANDS.txt","current-repo","1941","2026-02-25","txt","current-repo-filesystem","."
1012,"QUICK_DEPLOY_GUIDE.md","QUICK_DEPLOY_GUIDE.md","current-repo","3485","2026-02-25","md","current-repo-filesystem","."
1013,"QUICK_START_PRODUCTION.md","QUICK_START_PRODUCTION.md","current-repo","1522","2026-02-25","md","current-repo-filesystem","."
1014,"railway.env.example","railway.env.example","current-repo","436","2026-02-25","example","current-repo-filesystem","."
1015,"railway.json","railway.json","current-repo","186","2026-02-25","json","current-repo-filesystem","."
1016,"railway.toml","railway.toml","current-repo","123","2026-02-25","toml","current-repo-filesystem","."
1017,"RE-RUN-DEPLOYMENT.md","RE-RUN-DEPLOYMENT.md","current-repo","3122","2026-02-25","md","current-repo-filesystem","."
1018,"README.md","README.md","current-repo","871","2026-02-25","md","current-repo-filesystem","."
1019,"README_DATABASE_ALTERNATIVES.md","README_DATABASE_ALTERNATIVES.md","current-repo","2077","2026-02-25","md","current-repo-filesystem","."
1020,"REMOVE-FROM-HISTORY.ps1","REMOVE-FROM-HISTORY.ps1","current-repo","3801","2026-02-25","ps1","current-repo-filesystem","."
1021,"REMOVE-LARGE-FILES.ps1","REMOVE-LARGE-FILES.ps1","current-repo","4422","2026-02-25","ps1","current-repo-filesystem","."
1022,"REMOVE-NETLIFY-SIMPLE.ps1","REMOVE-NETLIFY-SIMPLE.ps1","current-repo","3798","2026-02-25","ps1","current-repo-filesystem","."
1023,"render.yaml","render.yaml","current-repo","393","2026-06-23","yaml","current-repo-filesystem","."
1024,"request_body.json","request_body.json","current-repo","75","2026-02-25","json","current-repo-filesystem","."
1025,"RESTORE_BACKUP_COMPLETE.sh","RESTORE_BACKUP_COMPLETE.sh","current-repo","13196","2026-02-25","sh","current-repo-filesystem","."
1026,"RUN-EMERGENCY-FIX-NOW.sh","RUN-EMERGENCY-FIX-NOW.sh","current-repo","2806","2026-02-25","sh","current-repo-filesystem","."
1027,"audit-pages.cjs","scripts/audit-pages.cjs","current-repo","16807","2026-02-25","cjs","current-repo-filesystem","scripts"
1028,"backup-vercel-production.cjs","scripts/backup-vercel-production.cjs","current-repo","5886","2026-02-25","cjs","current-repo-filesystem","scripts"
1029,"backup.cjs","scripts/backup.cjs","current-repo","1659","2026-02-25","cjs","current-repo-filesystem","scripts"
1030,"create-staging-environment.cjs","scripts/create-staging-environment.cjs","current-repo","12073","2026-02-25","cjs","current-repo-filesystem","scripts"
1031,"deploy-escrow.cjs","scripts/deploy-escrow.cjs","current-repo","4016","2026-02-25","cjs","current-repo-filesystem","scripts"
1032,"deploy-production.sh","scripts/deploy-production.sh","current-repo","4714","2026-02-25","sh","current-repo-filesystem","scripts"
1033,"deploy-safe.cjs","scripts/deploy-safe.cjs","current-repo","4182","2026-02-25","cjs","current-repo-filesystem","scripts"
1034,"dev-workflow.cjs","scripts/dev-workflow.cjs","current-repo","9594","2026-02-25","cjs","current-repo-filesystem","scripts"
1035,"migrate-missing-pages.cjs","scripts/migrate-missing-pages.cjs","current-repo","11807","2026-02-25","cjs","current-repo-filesystem","scripts"
1036,"migration-test.cjs","scripts/migration-test.cjs","current-repo","10058","2026-02-25","cjs","current-repo-filesystem","scripts"
1037,"prisma-baseline.sh","scripts/prisma-baseline.sh","current-repo","138","2026-05-26","sh","current-repo-filesystem","scripts"
1038,"protect-files.cjs","scripts/protect-files.cjs","current-repo","2847","2026-02-25","cjs","current-repo-filesystem","scripts"
1039,"pull-vercel-source.cjs","scripts/pull-vercel-source.cjs","current-repo","11328","2026-02-25","cjs","current-repo-filesystem","scripts"
1040,"run-fixed-page-validation.cjs","scripts/run-fixed-page-validation.cjs","current-repo","9910","2026-02-25","cjs","current-repo-filesystem","scripts"
1041,"safe-merge.cjs","scripts/safe-merge.cjs","current-repo","13306","2026-02-25","cjs","current-repo-filesystem","scripts"
1042,"setup-api-integrations.cjs","scripts/setup-api-integrations.cjs","current-repo","19898","2026-02-25","cjs","current-repo-filesystem","scripts"
1043,"setup-database.cjs","scripts/setup-database.cjs","current-repo","8780","2026-02-25","cjs","current-repo-filesystem","scripts"
1044,"setup-env.cjs","scripts/setup-env.cjs","current-repo","5970","2026-02-25","cjs","current-repo-filesystem","scripts"
1045,"setup-production-db.sh","scripts/setup-production-db.sh","current-repo","3358","2026-02-25","sh","current-repo-filesystem","scripts"
1046,"setup-vercel-env.sh","scripts/setup-vercel-env.sh","current-repo","3762","2026-02-25","sh","current-repo-filesystem","scripts"
1047,"smoke-test.ps1","scripts/smoke-test.ps1","current-repo","1910","2026-03-20","ps1","current-repo-filesystem","scripts"
1048,"smoke-test.sh","scripts/smoke-test.sh","current-repo","1596","2026-03-20","sh","current-repo-filesystem","scripts"
1049,"test-all-pages.cjs","scripts/test-all-pages.cjs","current-repo","7067","2026-02-25","cjs","current-repo-filesystem","scripts"
1050,"vercel-import.cjs","scripts/vercel-import.cjs","current-repo","9796","2026-02-25","cjs","current-repo-filesystem","scripts"
1051,"verify-pages.cjs","scripts/verify-pages.cjs","current-repo","8105","2026-02-25","cjs","current-repo-filesystem","scripts"
1052,"scripts.json","scripts.json","current-repo","93","2026-02-25","json","current-repo-filesystem","."
1053,"SEO-HERO-SECTION-UPDATE.md","SEO-HERO-SECTION-UPDATE.md","current-repo","5735","2026-02-25","md","current-repo-filesystem","."
1054,".env.example","server/.env.example","current-repo","680","2026-02-25","example","current-repo-filesystem","server"
1055,".env.test","server/.env.test","current-repo","231","2026-02-25","test","current-repo-filesystem","server"
1056,"test.spec.cjs","server/e2e/test.spec.cjs","current-repo","194","2026-02-25","cjs","current-repo-filesystem","server/e2e"
1057,"tsconfig.json","server/e2e/tsconfig.json","current-repo","773","2026-02-25","json","current-repo-filesystem","server/e2e"
1058,"package-lock.json","server/package-lock.json","current-repo","429277","2026-02-25","json","current-repo-filesystem","server"
1059,"package.json","server/package.json","current-repo","3960","2026-02-25","json","current-repo-filesystem","server"
1060,"tsconfig.json","server/tsconfig.json","current-repo","374","2026-02-25","json","current-repo-filesystem","server"
1061,"tsconfig.test.json","server/tsconfig.test.json","current-repo","350","2026-02-25","json","current-repo-filesystem","server"
1062,"server-tsconfig.json","server-tsconfig.json","current-repo","264","2026-02-25","json","current-repo-filesystem","."
1063,"SESSION-SUMMARY-AI-INTEGRATION.md","SESSION-SUMMARY-AI-INTEGRATION.md","current-repo","13675","2026-02-25","md","current-repo-filesystem","."
1064,"setup-github-deploy.ps1","setup-github-deploy.ps1","current-repo","2032","2026-02-25","ps1","current-repo-filesystem","."
1065,"SETUP-GITHUB-SECRET.md","SETUP-GITHUB-SECRET.md","current-repo","4196","2026-02-25","md","current-repo-filesystem","."
1066,"setup-ssl-automated.sh","setup-ssl-automated.sh","current-repo","7212","2026-02-25","sh","current-repo-filesystem","."
1067,"setup-ssl-direct.ps1","setup-ssl-direct.ps1","current-repo","9011","2026-02-25","ps1","current-repo-filesystem","."
1068,"setup-ssl-upload-execute.ps1","setup-ssl-upload-execute.ps1","current-repo","3033","2026-02-25","ps1","current-repo-filesystem","."
1069,"setup-ssl-via-ssh.ps1","setup-ssl-via-ssh.ps1","current-repo","2599","2026-02-25","ps1","current-repo-filesystem","."
1070,"SETUP_COMPLETE.md","SETUP_COMPLETE.md","current-repo","5614","2026-02-25","md","current-repo-filesystem","."
1071,"SIMPLE-DEPLOY-STEPS.md","SIMPLE-DEPLOY-STEPS.md","current-repo","7066","2026-02-25","md","current-repo-filesystem","."
1072,"SIMPLE_DEPLOY_COMMANDS.txt","SIMPLE_DEPLOY_COMMANDS.txt","current-repo","897","2026-02-25","txt","current-repo-filesystem","."
1073,"SITE-IS-LIVE-NEXT-STEPS.md","SITE-IS-LIVE-NEXT-STEPS.md","current-repo","6150","2026-02-25","md","current-repo-filesystem","."
1074,"marketplace.json","skills/marketing/.claude-plugin/marketplace.json","current-repo","871","2026-06-16","json","current-repo-filesystem","skills/marketing/.claude-plugin"
1075,"plugin.json","skills/marketing/.claude-plugin/plugin.json","current-repo","423","2026-06-16","json","current-repo-filesystem","skills/marketing/.claude-plugin"
1076,"FUNDING.yml","skills/marketing/.github/FUNDING.yml","current-repo","102","2026-06-16","yml","current-repo-filesystem","skills/marketing/.github"
1077,"config.yml","skills/marketing/.github/ISSUE_TEMPLATE/config.yml","current-repo","382","2026-06-16","yml","current-repo-filesystem","skills/marketing/.github/ISSUE_TEMPLATE"
1078,"skill-request.yml","skills/marketing/.github/ISSUE_TEMPLATE/skill-request.yml","current-repo","1994","2026-06-16","yml","current-repo-filesystem","skills/marketing/.github/ISSUE_TEMPLATE"
1079,"documentation.md","skills/marketing/.github/PULL_REQUEST_TEMPLATE/documentation.md","current-repo","282","2026-06-16","md","current-repo-filesystem","skills/marketing/.github/PULL_REQUEST_TEMPLATE"
1080,"new-skill.md","skills/marketing/.github/PULL_REQUEST_TEMPLATE/new-skill.md","current-repo","430","2026-06-16","md","current-repo-filesystem","skills/marketing/.github/PULL_REQUEST_TEMPLATE"
1081,"skill-update.md","skills/marketing/.github/PULL_REQUEST_TEMPLATE/skill-update.md","current-repo","402","2026-06-16","md","current-repo-filesystem","skills/marketing/.github/PULL_REQUEST_TEMPLATE"
1082,"sync-skills.yml","skills/marketing/.github/workflows/sync-skills.yml","current-repo","848","2026-06-16","yml","current-repo-filesystem","skills/marketing/.github/workflows"
1083,"validate-skill.yml","skills/marketing/.github/workflows/validate-skill.yml","current-repo","1848","2026-06-16","yml","current-repo-filesystem","skills/marketing/.github/workflows"
1084,"AGENTS.md","skills/marketing/AGENTS.md","current-repo","9761","2026-06-16","md","current-repo-filesystem","skills/marketing"
1085,"CLAUDE.md","skills/marketing/CLAUDE.md","current-repo","9","2026-06-16","md","current-repo-filesystem","skills/marketing"
1086,"CONTRIBUTING.md","skills/marketing/CONTRIBUTING.md","current-repo","2661","2026-06-16","md","current-repo-filesystem","skills/marketing"
1087,"README.md","skills/marketing/README.md","current-repo","19649","2026-06-16","md","current-repo-filesystem","skills/marketing"
1088,"evals.json","skills/marketing/skills/ab-testing/evals/evals.json","current-repo","8027","2026-06-16","json","current-repo-filesystem","skills/marketing/skills/ab-testing/evals"
1089,"sample-size-guide.md","skills/marketing/skills/ab-testing/references/sample-size-guide.md","current-repo","7716","2026-06-16","md","current-repo-filesystem","skills/marketing/skills/ab-testing/references"
1090,"test-templates.md","skills/marketing/skills/ab-testing/references/test-templates.md","current-repo","6750","2026-06-16","md","current-repo-filesystem","skills/marketing/skills/ab-testing/references"
1091,"SKILL.md","skills/marketing/skills/ab-testing/SKILL.md","current-repo","11515","2026-06-16","md","current-repo-filesystem","skills/marketing/skills/ab-testing"
1092,"evals.json","skills/marketing/skills/ad-creative/evals/evals.json","current-repo","6940","2026-06-16","json","current-repo-filesystem","skills/marketing/skills/ad-creative/evals"
1093,"generative-tools.md","skills/marketing/skills/ad-creative/references/generative-tools.md","current-repo","24741","2026-06-16","md","current-repo-filesystem","skills/marketing/skills/ad-creative/references"
1094,"platform-specs.md","skills/marketing/skills/ad-creative/references/platform-specs.md","current-repo","6738","2026-06-16","md","current-repo-filesystem","skills/marketing/skills/ad-creative/references"
1095,"SKILL.md","skills/marketing/skills/ad-creative/SKILL.md","current-repo","13968","2026-06-16","md","current-repo-filesystem","skills/marketing/skills/ad-creative"
1096,"evals.json","skills/marketing/skills/ads/evals/evals.json","current-repo","6554","2026-06-16","json","current-repo-filesystem","skills/marketing/skills/ads/evals"
1097,"ad-copy-templates.md","skills/marketing/skills/ads/references/ad-copy-templates.md","current-repo","5028","2026-06-16","md","current-repo-filesystem","skills/marketing/skills/ads/references"
1098,"audience-targeting.md","skills/marketing/skills/ads/references/audience-targeting.md","current-repo","6310","2026-06-16","md","current-repo-filesystem","skills/marketing/skills/ads/references"
1099,"conversion-tracking.md","skills/marketing/skills/ads/references/conversion-tracking.md","current-repo","11494","2026-06-16","md","current-repo-filesystem","skills/marketing/skills/ads/references"
1100,"platform-setup-checklists.md","skills/marketing/skills/ads/references/platform-setup-checklists.md","current-repo","7890","2026-06-16","md","current-repo-filesystem","skills/marketing/skills/ads/references"
1101,"SKILL.md","skills/marketing/skills/ads/SKILL.md","current-repo","14581","2026-06-16","md","current-repo-filesystem","skills/marketing/skills/ads"
1102,"evals.json","skills/marketing/skills/ai-seo/evals/evals.json","current-repo","6677","2026-06-16","json","current-repo-filesystem","skills/marketing/skills/ai-seo/evals"
1103,"content-patterns.md","skills/marketing/skills/ai-seo/references/content-patterns.md","current-repo","10322","2026-06-16","md","current-repo-filesystem","skills/marketing/skills/ai-seo/references"
1104,"content-types.md","skills/marketing/skills/ai-seo/references/content-types.md","current-repo","2609","2026-06-16","md","current-repo-filesystem","skills/marketing/skills/ai-seo/references"
1105,"okf.md","skills/marketing/skills/ai-seo/references/okf.md","current-repo","6056","2026-06-16","md","current-repo-filesystem","skills/marketing/skills/ai-seo/references"
1106,"platform-ranking-factors.md","skills/marketing/skills/ai-seo/references/platform-ranking-factors.md","current-repo","11336","2026-06-16","md","current-repo-filesystem","skills/marketing/skills/ai-seo/references"
1107,"SKILL.md","skills/marketing/skills/ai-seo/SKILL.md","current-repo","26544","2026-06-16","md","current-repo-filesystem","skills/marketing/skills/ai-seo"
1108,"evals.json","skills/marketing/skills/analytics/evals/evals.json","current-repo","6455","2026-06-16","json","current-repo-filesystem","skills/marketing/skills/analytics/evals"
1109,"event-library.md","skills/marketing/skills/analytics/references/event-library.md","current-repo","8914","2026-06-16","md","current-repo-filesystem","skills/marketing/skills/analytics/references"
1110,"ga4-implementation.md","skills/marketing/skills/analytics/references/ga4-implementation.md","current-repo","6643","2026-06-16","md","current-repo-filesystem","skills/marketing/skills/analytics/references"
1111,"gtm-implementation.md","skills/marketing/skills/analytics/references/gtm-implementation.md","current-repo","7960","2026-06-16","md","current-repo-filesystem","skills/marketing/skills/analytics/references"
1112,"SKILL.md","skills/marketing/skills/analytics/SKILL.md","current-repo","8670","2026-06-16","md","current-repo-filesystem","skills/marketing/skills/analytics"
1113,"evals.json","skills/marketing/skills/aso/evals/evals.json","current-repo","7491","2026-06-16","json","current-repo-filesystem","skills/marketing/skills/aso/evals"
1114,"apple-specs.md","skills/marketing/skills/aso/references/apple-specs.md","current-repo","6196","2026-06-16","md","current-repo-filesystem","skills/marketing/skills/aso/references"
1115,"benchmarks.md","skills/marketing/skills/aso/references/benchmarks.md","current-repo","5162","2026-06-16","md","current-repo-filesystem","skills/marketing/skills/aso/references"
1116,"google-play-specs.md","skills/marketing/skills/aso/references/google-play-specs.md","current-repo","6139","2026-06-16","md","current-repo-filesystem","skills/marketing/skills/aso/references"
1117,"report-template.md","skills/marketing/skills/aso/references/report-template.md","current-repo","5337","2026-06-16","md","current-repo-filesystem","skills/marketing/skills/aso/references"
1118,"scoring-criteria.md","skills/marketing/skills/aso/references/scoring-criteria.md","current-repo","13880","2026-06-16","md","current-repo-filesystem","skills/marketing/skills/aso/references"
1119,"SKILL.md","skills/marketing/skills/aso/SKILL.md","current-repo","15908","2026-06-16","md","current-repo-filesystem","skills/marketing/skills/aso"
1120,"evals.json","skills/marketing/skills/churn-prevention/evals/evals.json","current-repo","6755","2026-06-16","json","current-repo-filesystem","skills/marketing/skills/churn-prevention/evals"
1121,"cancel-flow-patterns.md","skills/marketing/skills/churn-prevention/references/cancel-flow-patterns.md","current-repo","10966","2026-06-16","md","current-repo-filesystem","skills/marketing/skills/churn-prevention/references"
1122,"dunning-playbook.md","skills/marketing/skills/churn-prevention/references/dunning-playbook.md","current-repo","13096","2026-06-16","md","current-repo-filesystem","skills/marketing/skills/churn-prevention/references"
1123,"SKILL.md","skills/marketing/skills/churn-prevention/SKILL.md","current-repo","18844","2026-06-16","md","current-repo-filesystem","skills/marketing/skills/churn-prevention"
1124,"evals.json","skills/marketing/skills/co-marketing/evals/evals.json","current-repo","6988","2026-06-16","json","current-repo-filesystem","skills/marketing/skills/co-marketing/evals"
1125,"SKILL.md","skills/marketing/skills/co-marketing/SKILL.md","current-repo","10443","2026-06-16","md","current-repo-filesystem","skills/marketing/skills/co-marketing"
1126,"evals.json","skills/marketing/skills/cold-email/evals/evals.json","current-repo","7119","2026-06-16","json","current-repo-filesystem","skills/marketing/skills/cold-email/evals"
1127,"benchmarks.md","skills/marketing/skills/cold-email/references/benchmarks.md","current-repo","5900","2026-06-16","md","current-repo-filesystem","skills/marketing/skills/cold-email/references"
1128,"follow-up-sequences.md","skills/marketing/skills/cold-email/references/follow-up-sequences.md","current-repo","3956","2026-06-16","md","current-repo-filesystem","skills/marketing/skills/cold-email/references"
1129,"frameworks.md","skills/marketing/skills/cold-email/references/frameworks.md","current-repo","5493","2026-06-16","md","current-repo-filesystem","skills/marketing/skills/cold-email/references"
1130,"personalization.md","skills/marketing/skills/cold-email/references/personalization.md","current-repo","4516","2026-06-16","md","current-repo-filesystem","skills/marketing/skills/cold-email/references"
1131,"subject-lines.md","skills/marketing/skills/cold-email/references/subject-lines.md","current-repo","3068","2026-06-16","md","current-repo-filesystem","skills/marketing/skills/cold-email/references"
1132,"SKILL.md","skills/marketing/skills/cold-email/SKILL.md","current-repo","7509","2026-06-16","md","current-repo-filesystem","skills/marketing/skills/cold-email"
1133,"evals.json","skills/marketing/skills/community-marketing/evals/evals.json","current-repo","7803","2026-06-16","json","current-repo-filesystem","skills/marketing/skills/community-marketing/evals"
1134,"SKILL.md","skills/marketing/skills/community-marketing/SKILL.md","current-repo","9122","2026-06-16","md","current-repo-filesystem","skills/marketing/skills/community-marketing"
1135,"evals.json","skills/marketing/skills/competitor-profiling/evals/evals.json","current-repo","7581","2026-06-16","json","current-repo-filesystem","skills/marketing/skills/competitor-profiling/evals"
1136,"templates.md","skills/marketing/skills/competitor-profiling/references/templates.md","current-repo","4835","2026-06-16","md","current-repo-filesystem","skills/marketing/skills/competitor-profiling/references"
1137,"tool-reference.md","skills/marketing/skills/competitor-profiling/references/tool-reference.md","current-repo","7261","2026-06-16","md","current-repo-filesystem","skills/marketing/skills/competitor-profiling/references"
1138,"SKILL.md","skills/marketing/skills/competitor-profiling/SKILL.md","current-repo","14657","2026-06-16","md","current-repo-filesystem","skills/marketing/skills/competitor-profiling"
1139,"evals.json","skills/marketing/skills/competitors/evals/evals.json","current-repo","6777","2026-06-16","json","current-repo-filesystem","skills/marketing/skills/competitors/evals"
1140,"content-architecture.md","skills/marketing/skills/competitors/references/content-architecture.md","current-repo","7862","2026-06-16","md","current-repo-filesystem","skills/marketing/skills/competitors/references"
1141,"templates.md","skills/marketing/skills/competitors/references/templates.md","current-repo","5638","2026-06-16","md","current-repo-filesystem","skills/marketing/skills/competitors/references"
1142,"SKILL.md","skills/marketing/skills/competitors/SKILL.md","current-repo","8586","2026-06-16","md","current-repo-filesystem","skills/marketing/skills/competitors"
1143,"evals.json","skills/marketing/skills/content-strategy/evals/evals.json","current-repo","6618","2026-06-16","json","current-repo-filesystem","skills/marketing/skills/content-strategy/evals"
1144,"headless-cms.md","skills/marketing/skills/content-strategy/references/headless-cms.md","current-repo","8627","2026-06-16","md","current-repo-filesystem","skills/marketing/skills/content-strategy/references"
1145,"SKILL.md","skills/marketing/skills/content-strategy/SKILL.md","current-repo","12637","2026-06-16","md","current-repo-filesystem","skills/marketing/skills/content-strategy"
1146,"evals.json","skills/marketing/skills/copy-editing/evals/evals.json","current-repo","7636","2026-06-16","json","current-repo-filesystem","skills/marketing/skills/copy-editing/evals"
1147,"checklist.md","skills/marketing/skills/copy-editing/references/checklist.md","current-repo","1794","2026-06-16","md","current-repo-filesystem","skills/marketing/skills/copy-editing/references"
1148,"content-refresh.md","skills/marketing/skills/copy-editing/references/content-refresh.md","current-repo","2336","2026-06-16","md","current-repo-filesystem","skills/marketing/skills/copy-editing/references"
1149,"plain-english-alternatives.md","skills/marketing/skills/copy-editing/references/plain-english-alternatives.md","current-repo","8652","2026-06-16","md","current-repo-filesystem","skills/marketing/skills/copy-editing/references"
1150,"SKILL.md","skills/marketing/skills/copy-editing/SKILL.md","current-repo","15457","2026-06-16","md","current-repo-filesystem","skills/marketing/skills/copy-editing"
1151,"evals.json","skills/marketing/skills/copywriting/evals/evals.json","current-repo","8229","2026-06-16","json","current-repo-filesystem","skills/marketing/skills/copywriting/evals"
1152,"copy-frameworks.md","skills/marketing/skills/copywriting/references/copy-frameworks.md","current-repo","8231","2026-06-16","md","current-repo-filesystem","skills/marketing/skills/copywriting/references"
1153,"natural-transitions.md","skills/marketing/skills/copywriting/references/natural-transitions.md","current-repo","5956","2026-06-16","md","current-repo-filesystem","skills/marketing/skills/copywriting/references"
1154,"SKILL.md","skills/marketing/skills/copywriting/SKILL.md","current-repo","7795","2026-06-16","md","current-repo-filesystem","skills/marketing/skills/copywriting"
1155,"evals.json","skills/marketing/skills/cro/evals/evals.json","current-repo","7767","2026-06-16","json","current-repo-filesystem","skills/marketing/skills/cro/evals"
1156,"experiments.md","skills/marketing/skills/cro/references/experiments.md","current-repo","8098","2026-06-16","md","current-repo-filesystem","skills/marketing/skills/cro/references"
1157,"form.md","skills/marketing/skills/cro/references/form.md","current-repo","10734","2026-06-16","md","current-repo-filesystem","skills/marketing/skills/cro/references"
1158,"SKILL.md","skills/marketing/skills/cro/SKILL.md","current-repo","6288","2026-06-16","md","current-repo-filesystem","skills/marketing/skills/cro"
1159,"evals.json","skills/marketing/skills/customer-research/evals/evals.json","current-repo","11169","2026-06-16","json","current-repo-filesystem","skills/marketing/skills/customer-research/evals"
1160,"source-guides.md","skills/marketing/skills/customer-research/references/source-guides.md","current-repo","16591","2026-06-16","md","current-repo-filesystem","skills/marketing/skills/customer-research/references"
1161,"SKILL.md","skills/marketing/skills/customer-research/SKILL.md","current-repo","12162","2026-06-16","md","current-repo-filesystem","skills/marketing/skills/customer-research"
1162,"evals.json","skills/marketing/skills/directory-submissions/evals/evals.json","current-repo","8450","2026-06-16","json","current-repo-filesystem","skills/marketing/skills/directory-submissions/evals"
1163,"directory-list.md","skills/marketing/skills/directory-submissions/references/directory-list.md","current-repo","26171","2026-06-16","md","current-repo-filesystem","skills/marketing/skills/directory-submissions/references"
1164,"positioning-variations.md","skills/marketing/skills/directory-submissions/references/positioning-variations.md","current-repo","9580","2026-06-16","md","current-repo-filesystem","skills/marketing/skills/directory-submissions/references"
1165,"submission-tracker-template.csv","skills/marketing/skills/directory-submissions/references/submission-tracker-template.csv","current-repo","20078","2026-06-16","csv","current-repo-filesystem","skills/marketing/skills/directory-submissions/references"
1166,"SKILL.md","skills/marketing/skills/directory-submissions/SKILL.md","current-repo","23742","2026-06-16","md","current-repo-filesystem","skills/marketing/skills/directory-submissions"
1167,"evals.json","skills/marketing/skills/emails/evals/evals.json","current-repo","6759","2026-06-16","json","current-repo-filesystem","skills/marketing/skills/emails/evals"
1168,"copy-guidelines.md","skills/marketing/skills/emails/references/copy-guidelines.md","current-repo","2445","2026-06-16","md","current-repo-filesystem","skills/marketing/skills/emails/references"
1169,"email-types.md","skills/marketing/skills/emails/references/email-types.md","current-repo","14765","2026-06-16","md","current-repo-filesystem","skills/marketing/skills/emails/references"
1170,"sequence-templates.md","skills/marketing/skills/emails/references/sequence-templates.md","current-repo","4086","2026-06-16","md","current-repo-filesystem","skills/marketing/skills/emails/references"
1171,"SKILL.md","skills/marketing/skills/emails/SKILL.md","current-repo","8873","2026-06-16","md","current-repo-filesystem","skills/marketing/skills/emails"
1172,"evals.json","skills/marketing/skills/free-tools/evals/evals.json","current-repo","6334","2026-06-16","json","current-repo-filesystem","skills/marketing/skills/free-tools/evals"
1173,"tool-types.md","skills/marketing/skills/free-tools/references/tool-types.md","current-repo","4229","2026-06-16","md","current-repo-filesystem","skills/marketing/skills/free-tools/references"
1174,"SKILL.md","skills/marketing/skills/free-tools/SKILL.md","current-repo","6121","2026-06-16","md","current-repo-filesystem","skills/marketing/skills/free-tools"
1175,"evals.json","skills/marketing/skills/image/evals/evals.json","current-repo","7021","2026-06-16","json","current-repo-filesystem","skills/marketing/skills/image/evals"
1176,"ai-image-prompting.md","skills/marketing/skills/image/references/ai-image-prompting.md","current-repo","8319","2026-06-16","md","current-repo-filesystem","skills/marketing/skills/image/references"
1177,"SKILL.md","skills/marketing/skills/image/SKILL.md","current-repo","16138","2026-06-16","md","current-repo-filesystem","skills/marketing/skills/image"
1178,"evals.json","skills/marketing/skills/launch/evals/evals.json","current-repo","6558","2026-06-16","json","current-repo-filesystem","skills/marketing/skills/launch/evals"
1179,"SKILL.md","skills/marketing/skills/launch/SKILL.md","current-repo","13234","2026-06-16","md","current-repo-filesystem","skills/marketing/skills/launch"
1180,"evals.json","skills/marketing/skills/lead-magnets/evals/evals.json","current-repo","8131","2026-06-16","json","current-repo-filesystem","skills/marketing/skills/lead-magnets/evals"
1181,"benchmarks.md","skills/marketing/skills/lead-magnets/references/benchmarks.md","current-repo","4363","2026-06-16","md","current-repo-filesystem","skills/marketing/skills/lead-magnets/references"
1182,"format-guide.md","skills/marketing/skills/lead-magnets/references/format-guide.md","current-repo","6022","2026-06-16","md","current-repo-filesystem","skills/marketing/skills/lead-magnets/references"
1183,"SKILL.md","skills/marketing/skills/lead-magnets/SKILL.md","current-repo","11235","2026-06-16","md","current-repo-filesystem","skills/marketing/skills/lead-magnets"
1184,"evals.json","skills/marketing/skills/marketing-ideas/evals/evals.json","current-repo","6068","2026-06-16","json","current-repo-filesystem","skills/marketing/skills/marketing-ideas/evals"
1185,"ideas-by-category.md","skills/marketing/skills/marketing-ideas/references/ideas-by-category.md","current-repo","15592","2026-06-16","md","current-repo-filesystem","skills/marketing/skills/marketing-ideas/references"
1186,"SKILL.md","skills/marketing/skills/marketing-ideas/SKILL.md","current-repo","5469","2026-06-16","md","current-repo-filesystem","skills/marketing/skills/marketing-ideas"
1187,"evals.json","skills/marketing/skills/marketing-plan/evals/evals.json","current-repo","7848","2026-06-16","json","current-repo-filesystem","skills/marketing/skills/marketing-plan/evals"
1188,"aarrr-framework.md","skills/marketing/skills/marketing-plan/references/aarrr-framework.md","current-repo","10946","2026-06-16","md","current-repo-filesystem","skills/marketing/skills/marketing-plan/references"
1189,"budget-planning.md","skills/marketing/skills/marketing-plan/references/budget-planning.md","current-repo","8739","2026-06-16","md","current-repo-filesystem","skills/marketing/skills/marketing-plan/references"
1190,"client-types.md","skills/marketing/skills/marketing-plan/references/client-types.md","current-repo","11759","2026-06-16","md","current-repo-filesystem","skills/marketing/skills/marketing-plan/references"
1191,"current-state-rubric.md","skills/marketing/skills/marketing-plan/references/current-state-rubric.md","current-repo","11911","2026-06-16","md","current-repo-filesystem","skills/marketing/skills/marketing-plan/references"
1192,"example-quietude.md","skills/marketing/skills/marketing-plan/references/example-quietude.md","current-repo","70088","2026-06-16","md","current-repo-filesystem","skills/marketing/skills/marketing-plan/references"
1193,"funding-stage-unlocks.md","skills/marketing/skills/marketing-plan/references/funding-stage-unlocks.md","current-repo","10027","2026-06-16","md","current-repo-filesystem","skills/marketing/skills/marketing-plan/references"
1194,"growth-patterns.md","skills/marketing/skills/marketing-plan/references/growth-patterns.md","current-repo","9682","2026-06-16","md","current-repo-filesystem","skills/marketing/skills/marketing-plan/references"
1195,"idea-cross-reference.md","skills/marketing/skills/marketing-plan/references/idea-cross-reference.md","current-repo","13683","2026-06-16","md","current-repo-filesystem","skills/marketing/skills/marketing-plan/references"
1196,"measurement-framework.md","skills/marketing/skills/marketing-plan/references/measurement-framework.md","current-repo","11058","2026-06-16","md","current-repo-filesystem","skills/marketing/skills/marketing-plan/references"
1197,"methodology.md","skills/marketing/skills/marketing-plan/references/methodology.md","current-repo","16940","2026-06-16","md","current-repo-filesystem","skills/marketing/skills/marketing-plan/references"
1198,"ops-stack-mapping.md","skills/marketing/skills/marketing-plan/references/ops-stack-mapping.md","current-repo","12418","2026-06-16","md","current-repo-filesystem","skills/marketing/skills/marketing-plan/references"
1199,"plan-template.md","skills/marketing/skills/marketing-plan/references/plan-template.md","current-repo","19229","2026-06-16","md","current-repo-filesystem","skills/marketing/skills/marketing-plan/references"
1200,"team-and-agency-model.md","skills/marketing/skills/marketing-plan/references/team-and-agency-model.md","current-repo","14815","2026-06-16","md","current-repo-filesystem","skills/marketing/skills/marketing-plan/references"
1201,"SKILL.md","skills/marketing/skills/marketing-plan/SKILL.md","current-repo","21551","2026-06-16","md","current-repo-filesystem","skills/marketing/skills/marketing-plan"
1202,"evals.json","skills/marketing/skills/marketing-psychology/evals/evals.json","current-repo","6124","2026-06-16","json","current-repo-filesystem","skills/marketing/skills/marketing-psychology/evals"
1203,"SKILL.md","skills/marketing/skills/marketing-psychology/SKILL.md","current-repo","22339","2026-06-16","md","current-repo-filesystem","skills/marketing/skills/marketing-psychology"
1204,"evals.json","skills/marketing/skills/onboarding/evals/evals.json","current-repo","6352","2026-06-16","json","current-repo-filesystem","skills/marketing/skills/onboarding/evals"
1205,"experiments.md","skills/marketing/skills/onboarding/references/experiments.md","current-repo","8054","2026-06-16","md","current-repo-filesystem","skills/marketing/skills/onboarding/references"
1206,"SKILL.md","skills/marketing/skills/onboarding/SKILL.md","current-repo","6811","2026-06-16","md","current-repo-filesystem","skills/marketing/skills/onboarding"
1207,"evals.json","skills/marketing/skills/paywalls/evals/evals.json","current-repo","6500","2026-06-16","json","current-repo-filesystem","skills/marketing/skills/paywalls/evals"
1208,"experiments.md","skills/marketing/skills/paywalls/references/experiments.md","current-repo","5583","2026-06-16","md","current-repo-filesystem","skills/marketing/skills/paywalls/references"
1209,"SKILL.md","skills/marketing/skills/paywalls/SKILL.md","current-repo","6026","2026-06-16","md","current-repo-filesystem","skills/marketing/skills/paywalls"
1210,"evals.json","skills/marketing/skills/popups/evals/evals.json","current-repo","6679","2026-06-16","json","current-repo-filesystem","skills/marketing/skills/popups/evals"
1211,"SKILL.md","skills/marketing/skills/popups/SKILL.md","current-repo","12259","2026-06-16","md","current-repo-filesystem","skills/marketing/skills/popups"
1212,"evals.json","skills/marketing/skills/pricing/evals/evals.json","current-repo","6542","2026-06-16","json","current-repo-filesystem","skills/marketing/skills/pricing/evals"
1213,"research-methods.md","skills/marketing/skills/pricing/references/research-methods.md","current-repo","4932","2026-06-16","md","current-repo-filesystem","skills/marketing/skills/pricing/references"
1214,"tier-structure.md","skills/marketing/skills/pricing/references/tier-structure.md","current-repo","7431","2026-06-16","md","current-repo-filesystem","skills/marketing/skills/pricing/references"
1215,"SKILL.md","skills/marketing/skills/pricing/SKILL.md","current-repo","7293","2026-06-16","md","current-repo-filesystem","skills/marketing/skills/pricing"
1216,"evals.json","skills/marketing/skills/product-marketing/evals/evals.json","current-repo","5921","2026-06-16","json","current-repo-filesystem","skills/marketing/skills/product-marketing/evals"
1217,"SKILL.md","skills/marketing/skills/product-marketing/SKILL.md","current-repo","7879","2026-06-16","md","current-repo-filesystem","skills/marketing/skills/product-marketing"
1218,"evals.json","skills/marketing/skills/programmatic-seo/evals/evals.json","current-repo","6971","2026-06-16","json","current-repo-filesystem","skills/marketing/skills/programmatic-seo/evals"
1219,"playbooks.md","skills/marketing/skills/programmatic-seo/references/playbooks.md","current-repo","8612","2026-06-16","md","current-repo-filesystem","skills/marketing/skills/programmatic-seo/references"
1220,"SKILL.md","skills/marketing/skills/programmatic-seo/SKILL.md","current-repo","7336","2026-06-16","md","current-repo-filesystem","skills/marketing/skills/programmatic-seo"
1221,"evals.json","skills/marketing/skills/prospecting/evals/evals.json","current-repo","9926","2026-06-16","json","current-repo-filesystem","skills/marketing/skills/prospecting/evals"
1222,"b2b-prospecting.md","skills/marketing/skills/prospecting/references/b2b-prospecting.md","current-repo","5066","2026-06-16","md","current-repo-filesystem","skills/marketing/skills/prospecting/references"
1223,"compliance.md","skills/marketing/skills/prospecting/references/compliance.md","current-repo","6355","2026-06-16","md","current-repo-filesystem","skills/marketing/skills/prospecting/references"
1224,"data-sources.md","skills/marketing/skills/prospecting/references/data-sources.md","current-repo","11687","2026-06-16","md","current-repo-filesystem","skills/marketing/skills/prospecting/references"
1225,"local-prospecting.md","skills/marketing/skills/prospecting/references/local-prospecting.md","current-repo","8315","2026-06-16","md","current-repo-filesystem","skills/marketing/skills/prospecting/references"
1226,"saas-prospecting.md","skills/marketing/skills/prospecting/references/saas-prospecting.md","current-repo","6174","2026-06-16","md","current-repo-filesystem","skills/marketing/skills/prospecting/references"
1227,"SKILL.md","skills/marketing/skills/prospecting/SKILL.md","current-repo","15400","2026-06-16","md","current-repo-filesystem","skills/marketing/skills/prospecting"
1228,"journalist-pitching.md","skills/marketing/skills/public-relations/references/journalist-pitching.md","current-repo","11433","2026-06-16","md","current-repo-filesystem","skills/marketing/skills/public-relations/references"
1229,"media-outlets.md","skills/marketing/skills/public-relations/references/media-outlets.md","current-repo","9514","2026-06-16","md","current-repo-filesystem","skills/marketing/skills/public-relations/references"
1230,"newsjacking.md","skills/marketing/skills/public-relations/references/newsjacking.md","current-repo","8677","2026-06-16","md","current-repo-filesystem","skills/marketing/skills/public-relations/references"
1231,"press-platforms.md","skills/marketing/skills/public-relations/references/press-platforms.md","current-repo","7097","2026-06-16","md","current-repo-filesystem","skills/marketing/skills/public-relations/references"
1232,"SKILL.md","skills/marketing/skills/public-relations/SKILL.md","current-repo","7204","2026-06-16","md","current-repo-filesystem","skills/marketing/skills/public-relations"
1233,"evals.json","skills/marketing/skills/referrals/evals/evals.json","current-repo","6553","2026-06-16","json","current-repo-filesystem","skills/marketing/skills/referrals/evals"
1234,"affiliate-programs.md","skills/marketing/skills/referrals/references/affiliate-programs.md","current-repo","4567","2026-06-16","md","current-repo-filesystem","skills/marketing/skills/referrals/references"
1235,"program-examples.md","skills/marketing/skills/referrals/references/program-examples.md","current-repo","3452","2026-06-16","md","current-repo-filesystem","skills/marketing/skills/referrals/references"
1236,"SKILL.md","skills/marketing/skills/referrals/SKILL.md","current-repo","7758","2026-06-16","md","current-repo-filesystem","skills/marketing/skills/referrals"
1237,"evals.json","skills/marketing/skills/revops/evals/evals.json","current-repo","6234","2026-06-16","json","current-repo-filesystem","skills/marketing/skills/revops/evals"
1238,"automation-playbooks.md","skills/marketing/skills/revops/references/automation-playbooks.md","current-repo","11151","2026-06-16","md","current-repo-filesystem","skills/marketing/skills/revops/references"
1239,"lifecycle-definitions.md","skills/marketing/skills/revops/references/lifecycle-definitions.md","current-repo","7297","2026-06-16","md","current-repo-filesystem","skills/marketing/skills/revops/references"
1240,"routing-rules.md","skills/marketing/skills/revops/references/routing-rules.md","current-repo","6995","2026-06-16","md","current-repo-filesystem","skills/marketing/skills/revops/references"
1241,"scoring-models.md","skills/marketing/skills/revops/references/scoring-models.md","current-repo","7697","2026-06-16","md","current-repo-filesystem","skills/marketing/skills/revops/references"
1242,"SKILL.md","skills/marketing/skills/revops/SKILL.md","current-repo","15686","2026-06-16","md","current-repo-filesystem","skills/marketing/skills/revops"
1243,"evals.json","skills/marketing/skills/sales-enablement/evals/evals.json","current-repo","6503","2026-06-16","json","current-repo-filesystem","skills/marketing/skills/sales-enablement/evals"
1244,"deck-frameworks.md","skills/marketing/skills/sales-enablement/references/deck-frameworks.md","current-repo","7993","2026-06-16","md","current-repo-filesystem","skills/marketing/skills/sales-enablement/references"
1245,"demo-scripts.md","skills/marketing/skills/sales-enablement/references/demo-scripts.md","current-repo","12124","2026-06-16","md","current-repo-filesystem","skills/marketing/skills/sales-enablement/references"
1246,"objection-library.md","skills/marketing/skills/sales-enablement/references/objection-library.md","current-repo","13663","2026-06-16","md","current-repo-filesystem","skills/marketing/skills/sales-enablement/references"
1247,"one-pager-templates.md","skills/marketing/skills/sales-enablement/references/one-pager-templates.md","current-repo","6031","2026-06-16","md","current-repo-filesystem","skills/marketing/skills/sales-enablement/references"
1248,"SKILL.md","skills/marketing/skills/sales-enablement/SKILL.md","current-repo","15001","2026-06-16","md","current-repo-filesystem","skills/marketing/skills/sales-enablement"
1249,"evals.json","skills/marketing/skills/schema/evals/evals.json","current-repo","6077","2026-06-16","json","current-repo-filesystem","skills/marketing/skills/schema/evals"
1250,"schema-examples.md","skills/marketing/skills/schema/references/schema-examples.md","current-repo","8627","2026-06-16","md","current-repo-filesystem","skills/marketing/skills/schema/references"
1251,"SKILL.md","skills/marketing/skills/schema/SKILL.md","current-repo","5427","2026-06-16","md","current-repo-filesystem","skills/marketing/skills/schema"
1252,"evals.json","skills/marketing/skills/seo-audit/evals/evals.json","current-repo","9932","2026-06-16","json","current-repo-filesystem","skills/marketing/skills/seo-audit/evals"
1253,"ai-writing-detection.md","skills/marketing/skills/seo-audit/references/ai-writing-detection.md","current-repo","6728","2026-06-16","md","current-repo-filesystem","skills/marketing/skills/seo-audit/references"
1254,"international-seo.md","skills/marketing/skills/seo-audit/references/international-seo.md","current-repo","14488","2026-06-16","md","current-repo-filesystem","skills/marketing/skills/seo-audit/references"
1255,"SKILL.md","skills/marketing/skills/seo-audit/SKILL.md","current-repo","16947","2026-06-16","md","current-repo-filesystem","skills/marketing/skills/seo-audit"
1256,"evals.json","skills/marketing/skills/signup/evals/evals.json","current-repo","6331","2026-06-16","json","current-repo-filesystem","skills/marketing/skills/signup/evals"
1257,"SKILL.md","skills/marketing/skills/signup/SKILL.md","current-repo","10741","2026-06-16","md","current-repo-filesystem","skills/marketing/skills/signup"
1258,"evals.json","skills/marketing/skills/site-architecture/evals/evals.json","current-repo","6177","2026-06-16","json","current-repo-filesystem","skills/marketing/skills/site-architecture/evals"
1259,"mermaid-templates.md","skills/marketing/skills/site-architecture/references/mermaid-templates.md","current-repo","5138","2026-06-16","md","current-repo-filesystem","skills/marketing/skills/site-architecture/references"
1260,"navigation-patterns.md","skills/marketing/skills/site-architecture/references/navigation-patterns.md","current-repo","11038","2026-06-16","md","current-repo-filesystem","skills/marketing/skills/site-architecture/references"
1261,"site-type-templates.md","skills/marketing/skills/site-architecture/references/site-type-templates.md","current-repo","9917","2026-06-16","md","current-repo-filesystem","skills/marketing/skills/site-architecture/references"
1262,"SKILL.md","skills/marketing/skills/site-architecture/SKILL.md","current-repo","14025","2026-06-16","md","current-repo-filesystem","skills/marketing/skills/site-architecture"
1263,"evals.json","skills/marketing/skills/sms/evals/evals.json","current-repo","8991","2026-06-16","json","current-repo-filesystem","skills/marketing/skills/sms/evals"
1264,"compliance.md","skills/marketing/skills/sms/references/compliance.md","current-repo","8035","2026-06-16","md","current-repo-filesystem","skills/marketing/skills/sms/references"
1265,"platforms.md","skills/marketing/skills/sms/references/platforms.md","current-repo","10183","2026-06-16","md","current-repo-filesystem","skills/marketing/skills/sms/references"
1266,"sequence-templates.md","skills/marketing/skills/sms/references/sequence-templates.md","current-repo","7352","2026-06-16","md","current-repo-filesystem","skills/marketing/skills/sms/references"
1267,"SKILL.md","skills/marketing/skills/sms/SKILL.md","current-repo","17147","2026-06-16","md","current-repo-filesystem","skills/marketing/skills/sms"
1268,"evals.json","skills/marketing/skills/social/evals/evals.json","current-repo","6448","2026-06-16","json","current-repo-filesystem","skills/marketing/skills/social/evals"
1269,"listening-sources-template.md","skills/marketing/skills/social/references/listening-sources-template.md","current-repo","3602","2026-06-16","md","current-repo-filesystem","skills/marketing/skills/social/references"
1270,"listening.md","skills/marketing/skills/social/references/listening.md","current-repo","12347","2026-06-16","md","current-repo-filesystem","skills/marketing/skills/social/references"
1271,"platform-limits.md","skills/marketing/skills/social/references/platform-limits.md","current-repo","2940","2026-06-16","md","current-repo-filesystem","skills/marketing/skills/social/references"
1272,"platforms.md","skills/marketing/skills/social/references/platforms.md","current-repo","4590","2026-06-16","md","current-repo-filesystem","skills/marketing/skills/social/references"
1273,"post-templates.md","skills/marketing/skills/social/references/post-templates.md","current-repo","3871","2026-06-16","md","current-repo-filesystem","skills/marketing/skills/social/references"
1274,"reverse-engineering.md","skills/marketing/skills/social/references/reverse-engineering.md","current-repo","5746","2026-06-16","md","current-repo-filesystem","skills/marketing/skills/social/references"
1275,"short-form-video.md","skills/marketing/skills/social/references/short-form-video.md","current-repo","6737","2026-06-16","md","current-repo-filesystem","skills/marketing/skills/social/references"
1276,"SKILL.md","skills/marketing/skills/social/SKILL.md","current-repo","14895","2026-06-16","md","current-repo-filesystem","skills/marketing/skills/social"
1277,"evals.json","skills/marketing/skills/video/evals/evals.json","current-repo","7730","2026-06-16","json","current-repo-filesystem","skills/marketing/skills/video/evals"
1278,"ai-video-prompting.md","skills/marketing/skills/video/references/ai-video-prompting.md","current-repo","5433","2026-06-16","md","current-repo-filesystem","skills/marketing/skills/video/references"
1279,"SKILL.md","skills/marketing/skills/video/SKILL.md","current-repo","13869","2026-06-16","md","current-repo-filesystem","skills/marketing/skills/video"
1280,"README.md","skills/marketing/tools/clis/README.md","current-repo","8436","2026-06-16","md","current-repo-filesystem","skills/marketing/tools/clis"
1281,"marketing-tools.md","skills/marketing/tools/composio/marketing-tools.md","current-repo","4691","2026-06-16","md","current-repo-filesystem","skills/marketing/tools/composio"
1282,"README.md","skills/marketing/tools/composio/README.md","current-repo","2696","2026-06-16","md","current-repo-filesystem","skills/marketing/tools/composio"
1283,"activecampaign.md","skills/marketing/tools/integrations/activecampaign.md","current-repo","6713","2026-06-16","md","current-repo-filesystem","skills/marketing/tools/integrations"
1284,"adobe-analytics.md","skills/marketing/tools/integrations/adobe-analytics.md","current-repo","3391","2026-06-16","md","current-repo-filesystem","skills/marketing/tools/integrations"
1285,"ahrefs.md","skills/marketing/tools/integrations/ahrefs.md","current-repo","3132","2026-06-16","md","current-repo-filesystem","skills/marketing/tools/integrations"
1286,"airops.md","skills/marketing/tools/integrations/airops.md","current-repo","3147","2026-06-16","md","current-repo-filesystem","skills/marketing/tools/integrations"
1287,"amplitude.md","skills/marketing/tools/integrations/amplitude.md","current-repo","2749","2026-06-16","md","current-repo-filesystem","skills/marketing/tools/integrations"
1288,"apollo.md","skills/marketing/tools/integrations/apollo.md","current-repo","3651","2026-06-16","md","current-repo-filesystem","skills/marketing/tools/integrations"
1289,"attentive.md","skills/marketing/tools/integrations/attentive.md","current-repo","4008","2026-06-16","md","current-repo-filesystem","skills/marketing/tools/integrations"
1290,"audiencetap.md","skills/marketing/tools/integrations/audiencetap.md","current-repo","3778","2026-06-16","md","current-repo-filesystem","skills/marketing/tools/integrations"
1291,"beehiiv.md","skills/marketing/tools/integrations/beehiiv.md","current-repo","4095","2026-06-16","md","current-repo-filesystem","skills/marketing/tools/integrations"
1292,"brevo.md","skills/marketing/tools/integrations/brevo.md","current-repo","5911","2026-06-16","md","current-repo-filesystem","skills/marketing/tools/integrations"
1293,"browserbase.md","skills/marketing/tools/integrations/browserbase.md","current-repo","4241","2026-06-16","md","current-repo-filesystem","skills/marketing/tools/integrations"
1294,"buffer.md","skills/marketing/tools/integrations/buffer.md","current-repo","3833","2026-06-16","md","current-repo-filesystem","skills/marketing/tools/integrations"
1295,"calendly.md","skills/marketing/tools/integrations/calendly.md","current-repo","4202","2026-06-16","md","current-repo-filesystem","skills/marketing/tools/integrations"
1296,"clay.md","skills/marketing/tools/integrations/clay.md","current-repo","3407","2026-06-16","md","current-repo-filesystem","skills/marketing/tools/integrations"
1297,"clearbit.md","skills/marketing/tools/integrations/clearbit.md","current-repo","4203","2026-06-16","md","current-repo-filesystem","skills/marketing/tools/integrations"
1298,"close.md","skills/marketing/tools/integrations/close.md","current-repo","4264","2026-06-16","md","current-repo-filesystem","skills/marketing/tools/integrations"
1299,"cogny.md","skills/marketing/tools/integrations/cogny.md","current-repo","6298","2026-06-16","md","current-repo-filesystem","skills/marketing/tools/integrations"
1300,"composio.md","skills/marketing/tools/integrations/composio.md","current-repo","6851","2026-06-16","md","current-repo-filesystem","skills/marketing/tools/integrations"
1301,"contentful.md","skills/marketing/tools/integrations/contentful.md","current-repo","4988","2026-06-16","md","current-repo-filesystem","skills/marketing/tools/integrations"
1302,"coupler.md","skills/marketing/tools/integrations/coupler.md","current-repo","3693","2026-06-16","md","current-repo-filesystem","skills/marketing/tools/integrations"
1303,"crossbeam.md","skills/marketing/tools/integrations/crossbeam.md","current-repo","3392","2026-06-16","md","current-repo-filesystem","skills/marketing/tools/integrations"
1304,"customer-io.md","skills/marketing/tools/integrations/customer-io.md","current-repo","3419","2026-06-16","md","current-repo-filesystem","skills/marketing/tools/integrations"
1305,"dataforseo.md","skills/marketing/tools/integrations/dataforseo.md","current-repo","3666","2026-06-16","md","current-repo-filesystem","skills/marketing/tools/integrations"
1306,"demio.md","skills/marketing/tools/integrations/demio.md","current-repo","4241","2026-06-16","md","current-repo-filesystem","skills/marketing/tools/integrations"
1307,"dub-co.md","skills/marketing/tools/integrations/dub-co.md","current-repo","3287","2026-06-16","md","current-repo-filesystem","skills/marketing/tools/integrations"
1308,"exa.md","skills/marketing/tools/integrations/exa.md","current-repo","4817","2026-06-16","md","current-repo-filesystem","skills/marketing/tools/integrations"
1309,"firecrawl.md","skills/marketing/tools/integrations/firecrawl.md","current-repo","4681","2026-06-16","md","current-repo-filesystem","skills/marketing/tools/integrations"
1310,"firehose.md","skills/marketing/tools/integrations/firehose.md","current-repo","3955","2026-06-16","md","current-repo-filesystem","skills/marketing/tools/integrations"
1311,"g2.md","skills/marketing/tools/integrations/g2.md","current-repo","4692","2026-06-16","md","current-repo-filesystem","skills/marketing/tools/integrations"
1312,"ga4.md","skills/marketing/tools/integrations/ga4.md","current-repo","3004","2026-06-16","md","current-repo-filesystem","skills/marketing/tools/integrations"
1313,"github.md","skills/marketing/tools/integrations/github.md","current-repo","7756","2026-06-16","md","current-repo-filesystem","skills/marketing/tools/integrations"
1314,"gong.md","skills/marketing/tools/integrations/gong.md","current-repo","4446","2026-06-16","md","current-repo-filesystem","skills/marketing/tools/integrations"
1315,"google-ads.md","skills/marketing/tools/integrations/google-ads.md","current-repo","4054","2026-06-16","md","current-repo-filesystem","skills/marketing/tools/integrations"
1316,"google-search-console.md","skills/marketing/tools/integrations/google-search-console.md","current-repo","2977","2026-06-16","md","current-repo-filesystem","skills/marketing/tools/integrations"
1317,"heygen.md","skills/marketing/tools/integrations/heygen.md","current-repo","3124","2026-06-16","md","current-repo-filesystem","skills/marketing/tools/integrations"
1318,"hotjar.md","skills/marketing/tools/integrations/hotjar.md","current-repo","3392","2026-06-16","md","current-repo-filesystem","skills/marketing/tools/integrations"
1319,"hubspot.md","skills/marketing/tools/integrations/hubspot.md","current-repo","3295","2026-06-16","md","current-repo-filesystem","skills/marketing/tools/integrations"
1320,"hunter.md","skills/marketing/tools/integrations/hunter.md","current-repo","2167","2026-06-16","md","current-repo-filesystem","skills/marketing/tools/integrations"
1321,"hyperframes.md","skills/marketing/tools/integrations/hyperframes.md","current-repo","5002","2026-06-16","md","current-repo-filesystem","skills/marketing/tools/integrations"
1322,"instantly.md","skills/marketing/tools/integrations/instantly.md","current-repo","3016","2026-06-16","md","current-repo-filesystem","skills/marketing/tools/integrations"
1323,"intercom.md","skills/marketing/tools/integrations/intercom.md","current-repo","5548","2026-06-16","md","current-repo-filesystem","skills/marketing/tools/integrations"
1324,"introw.md","skills/marketing/tools/integrations/introw.md","current-repo","5028","2026-06-16","md","current-repo-filesystem","skills/marketing/tools/integrations"
1325,"keywords-everywhere.md","skills/marketing/tools/integrations/keywords-everywhere.md","current-repo","4101","2026-06-16","md","current-repo-filesystem","skills/marketing/tools/integrations"
1326,"kit.md","skills/marketing/tools/integrations/kit.md","current-repo","3179","2026-06-16","md","current-repo-filesystem","skills/marketing/tools/integrations"
1327,"klaviyo.md","skills/marketing/tools/integrations/klaviyo.md","current-repo","5086","2026-06-16","md","current-repo-filesystem","skills/marketing/tools/integrations"
1328,"lemlist.md","skills/marketing/tools/integrations/lemlist.md","current-repo","2915","2026-06-16","md","current-repo-filesystem","skills/marketing/tools/integrations"
1329,"linkedin-ads.md","skills/marketing/tools/integrations/linkedin-ads.md","current-repo","3370","2026-06-16","md","current-repo-filesystem","skills/marketing/tools/integrations"
1330,"livestorm.md","skills/marketing/tools/integrations/livestorm.md","current-repo","7124","2026-06-16","md","current-repo-filesystem","skills/marketing/tools/integrations"
1331,"mailchimp.md","skills/marketing/tools/integrations/mailchimp.md","current-repo","3024","2026-06-16","md","current-repo-filesystem","skills/marketing/tools/integrations"
1332,"mention-me.md","skills/marketing/tools/integrations/mention-me.md","current-repo","3380","2026-06-16","md","current-repo-filesystem","skills/marketing/tools/integrations"
1333,"meta-ads.md","skills/marketing/tools/integrations/meta-ads.md","current-repo","3585","2026-06-16","md","current-repo-filesystem","skills/marketing/tools/integrations"
1334,"mixpanel.md","skills/marketing/tools/integrations/mixpanel.md","current-repo","2727","2026-06-16","md","current-repo-filesystem","skills/marketing/tools/integrations"
1335,"nitrosend.md","skills/marketing/tools/integrations/nitrosend.md","current-repo","3984","2026-06-16","md","current-repo-filesystem","skills/marketing/tools/integrations"
1336,"onesignal.md","skills/marketing/tools/integrations/onesignal.md","current-repo","5730","2026-06-16","md","current-repo-filesystem","skills/marketing/tools/integrations"
1337,"optimizely.md","skills/marketing/tools/integrations/optimizely.md","current-repo","4143","2026-06-16","md","current-repo-filesystem","skills/marketing/tools/integrations"
1338,"outreach.md","skills/marketing/tools/integrations/outreach.md","current-repo","4752","2026-06-16","md","current-repo-filesystem","skills/marketing/tools/integrations"
1339,"paddle.md","skills/marketing/tools/integrations/paddle.md","current-repo","4566","2026-06-16","md","current-repo-filesystem","skills/marketing/tools/integrations"
1340,"partnerstack.md","skills/marketing/tools/integrations/partnerstack.md","current-repo","4892","2026-06-16","md","current-repo-filesystem","skills/marketing/tools/integrations"
1341,"pendo.md","skills/marketing/tools/integrations/pendo.md","current-repo","4893","2026-06-16","md","current-repo-filesystem","skills/marketing/tools/integrations"
1342,"plausible.md","skills/marketing/tools/integrations/plausible.md","current-repo","4332","2026-06-16","md","current-repo-filesystem","skills/marketing/tools/integrations"
1343,"plivo.md","skills/marketing/tools/integrations/plivo.md","current-repo","3783","2026-06-16","md","current-repo-filesystem","skills/marketing/tools/integrations"
1344,"posthog.md","skills/marketing/tools/integrations/posthog.md","current-repo","3020","2026-06-16","md","current-repo-filesystem","skills/marketing/tools/integrations"
1345,"postmark.md","skills/marketing/tools/integrations/postmark.md","current-repo","5711","2026-06-16","md","current-repo-filesystem","skills/marketing/tools/integrations"
1346,"postscript.md","skills/marketing/tools/integrations/postscript.md","current-repo","3391","2026-06-16","md","current-repo-filesystem","skills/marketing/tools/integrations"
1347,"rankparse.md","skills/marketing/tools/integrations/rankparse.md","current-repo","5708","2026-06-16","md","current-repo-filesystem","skills/marketing/tools/integrations"
1348,"rb2b.md","skills/marketing/tools/integrations/rb2b.md","current-repo","3895","2026-06-16","md","current-repo-filesystem","skills/marketing/tools/integrations"
1349,"resend.md","skills/marketing/tools/integrations/resend.md","current-repo","3878","2026-06-16","md","current-repo-filesystem","skills/marketing/tools/integrations"
1350,"rewardful.md","skills/marketing/tools/integrations/rewardful.md","current-repo","3387","2026-06-16","md","current-repo-filesystem","skills/marketing/tools/integrations"
1351,"salesforce.md","skills/marketing/tools/integrations/salesforce.md","current-repo","3180","2026-06-16","md","current-repo-filesystem","skills/marketing/tools/integrations"
1352,"sanity.md","skills/marketing/tools/integrations/sanity.md","current-repo","3838","2026-06-16","md","current-repo-filesystem","skills/marketing/tools/integrations"
1353,"savvycal.md","skills/marketing/tools/integrations/savvycal.md","current-repo","3623","2026-06-16","md","current-repo-filesystem","skills/marketing/tools/integrations"
1354,"segment.md","skills/marketing/tools/integrations/segment.md","current-repo","3191","2026-06-16","md","current-repo-filesystem","skills/marketing/tools/integrations"
1355,"semrush.md","skills/marketing/tools/integrations/semrush.md","current-repo","2864","2026-06-16","md","current-repo-filesystem","skills/marketing/tools/integrations"
1356,"sendgrid.md","skills/marketing/tools/integrations/sendgrid.md","current-repo","2966","2026-06-16","md","current-repo-filesystem","skills/marketing/tools/integrations"
1357,"sequenzy.md","skills/marketing/tools/integrations/sequenzy.md","current-repo","7297","2026-06-16","md","current-repo-filesystem","skills/marketing/tools/integrations"
1358,"shopify.md","skills/marketing/tools/integrations/shopify.md","current-repo","3298","2026-06-16","md","current-repo-filesystem","skills/marketing/tools/integrations"
1359,"similarweb.md","skills/marketing/tools/integrations/similarweb.md","current-repo","4434","2026-06-16","md","current-repo-filesystem","skills/marketing/tools/integrations"
1360,"snov.md","skills/marketing/tools/integrations/snov.md","current-repo","2377","2026-06-16","md","current-repo-filesystem","skills/marketing/tools/integrations"
1361,"sparktoro.md","skills/marketing/tools/integrations/sparktoro.md","current-repo","4846","2026-06-16","md","current-repo-filesystem","skills/marketing/tools/integrations"
1362,"strapi.md","skills/marketing/tools/integrations/strapi.md","current-repo","4291","2026-06-16","md","current-repo-filesystem","skills/marketing/tools/integrations"
1363,"stripe.md","skills/marketing/tools/integrations/stripe.md","current-repo","3334","2026-06-16","md","current-repo-filesystem","skills/marketing/tools/integrations"
1364,"supermetrics.md","skills/marketing/tools/integrations/supermetrics.md","current-repo","4007","2026-06-16","md","current-repo-filesystem","skills/marketing/tools/integrations"
1365,"tiktok-ads.md","skills/marketing/tools/integrations/tiktok-ads.md","current-repo","3455","2026-06-16","md","current-repo-filesystem","skills/marketing/tools/integrations"
1366,"tolt.md","skills/marketing/tools/integrations/tolt.md","current-repo","3002","2026-06-16","md","current-repo-filesystem","skills/marketing/tools/integrations"
1367,"truelist.md","skills/marketing/tools/integrations/truelist.md","current-repo","7792","2026-06-16","md","current-repo-filesystem","skills/marketing/tools/integrations"
1368,"trustpilot.md","skills/marketing/tools/integrations/trustpilot.md","current-repo","4872","2026-06-16","md","current-repo-filesystem","skills/marketing/tools/integrations"
1369,"twilio.md","skills/marketing/tools/integrations/twilio.md","current-repo","4756","2026-06-16","md","current-repo-filesystem","skills/marketing/tools/integrations"
1370,"typeform.md","skills/marketing/tools/integrations/typeform.md","current-repo","4167","2026-06-16","md","current-repo-filesystem","skills/marketing/tools/integrations"
1371,"webflow.md","skills/marketing/tools/integrations/webflow.md","current-repo","3749","2026-06-16","md","current-repo-filesystem","skills/marketing/tools/integrations"
1372,"wistia.md","skills/marketing/tools/integrations/wistia.md","current-repo","4005","2026-06-16","md","current-repo-filesystem","skills/marketing/tools/integrations"
1373,"wordpress.md","skills/marketing/tools/integrations/wordpress.md","current-repo","3348","2026-06-16","md","current-repo-filesystem","skills/marketing/tools/integrations"
1374,"zapier.md","skills/marketing/tools/integrations/zapier.md","current-repo","5958","2026-06-16","md","current-repo-filesystem","skills/marketing/tools/integrations"
1375,"zoominfo.md","skills/marketing/tools/integrations/zoominfo.md","current-repo","4667","2026-06-16","md","current-repo-filesystem","skills/marketing/tools/integrations"
1376,"REGISTRY.md","skills/marketing/tools/REGISTRY.md","current-repo","31633","2026-06-16","md","current-repo-filesystem","skills/marketing/tools"
1377,"validate-skills-official.sh","skills/marketing/validate-skills-official.sh","current-repo","2045","2026-06-16","sh","current-repo-filesystem","skills/marketing"
1378,"validate-skills.sh","skills/marketing/validate-skills.sh","current-repo","6038","2026-06-16","sh","current-repo-filesystem","skills/marketing"
1379,"VERSIONS.md","skills/marketing/VERSIONS.md","current-repo","17006","2026-06-16","md","current-repo-filesystem","skills/marketing"
1380,"skills-lock.json","skills-lock.json","current-repo","744","2026-06-17","json","current-repo-filesystem","."
1381,"001_create_supplier_schema.sql","src/backend/database/migrations/001_create_supplier_schema.sql","current-repo","5620","2026-02-25","sql","current-repo-filesystem","src/backend/database/migrations"
1382,"package.json","src/generated/prisma/package.json","current-repo","4219","2026-02-25","json","current-repo-filesystem","src/generated/prisma"
1383,"001_create_supplier_schema.sql","src.backup/backend/database/migrations/001_create_supplier_schema.sql","current-repo","5620","2026-02-25","sql","current-repo-filesystem","src.backup/backend/database/migrations"
1384,"SSL-ACTIVE-CONFIGURE-N8N-ROUTING.md","SSL-ACTIVE-CONFIGURE-N8N-ROUTING.md","current-repo","5794","2026-02-25","md","current-repo-filesystem","."
1385,"SSL-CERTIFICATES-ALREADY-ACTIVE.md","SSL-CERTIFICATES-ALREADY-ACTIVE.md","current-repo","3776","2026-02-25","md","current-repo-filesystem","."
1386,"SSL-CONFIGURED-FIX-CONNECTION.md","SSL-CONFIGURED-FIX-CONNECTION.md","current-repo","4945","2026-02-25","md","current-repo-filesystem","."
1387,"SSL-SETUP-COMMAND.txt","SSL-SETUP-COMMAND.txt","current-repo","6735","2026-02-25","txt","current-repo-filesystem","."
1388,"START-NGINX-VERIFY-CONFIG.md","START-NGINX-VERIFY-CONFIG.md","current-repo","5209","2026-02-25","md","current-repo-filesystem","."
1389,"start_clean_dev.ps1","start_clean_dev.ps1","current-repo","2832","2026-02-25","ps1","current-repo-filesystem","."
1390,"20251109_leaderboard.sql","supabase/migrations/20251109_leaderboard.sql","current-repo","114","2026-02-25","sql","current-repo-filesystem","supabase/migrations"
1391,"SUPPLIER_PROFILE_FILES_INVENTORY.md","SUPPLIER_PROFILE_FILES_INVENTORY.md","current-repo","8660","2026-02-25","md","current-repo-filesystem","."
1392,"SUPPLIER_PROFILE_IMPLEMENTATION_PLAN.md","SUPPLIER_PROFILE_IMPLEMENTATION_PLAN.md","current-repo","13904","2026-02-25","md","current-repo-filesystem","."
1393,"task-definition.json","task-definition.json","current-repo","4324","2026-02-25","json","current-repo-filesystem","."
1394,"test-bell24h-complete.cjs","test-bell24h-complete.cjs","current-repo","13044","2026-02-25","cjs","current-repo-filesystem","."
1395,"test-final-fixes.cjs","test-final-fixes.cjs","current-repo","5768","2026-02-25","cjs","current-repo-filesystem","."
1396,"test-system-complete.cjs","test-system-complete.cjs","current-repo","6141","2026-02-25","cjs","current-repo-filesystem","."
1397,"tmp-explain-test.json","tmp-explain-test.json","current-repo","621","2026-06-26","json","current-repo-filesystem","."
1398,"TODO-21-25-IMPLEMENTATION-COMPLETE.md","TODO-21-25-IMPLEMENTATION-COMPLETE.md","current-repo","5742","2026-02-25","md","current-repo-filesystem","."
1399,"TODO-21-25-IMPLEMENTATION-PLAN.md","TODO-21-25-IMPLEMENTATION-PLAN.md","current-repo","1613","2026-02-25","md","current-repo-filesystem","."
1400,"TODO-ITEMS-21-25-EXTRACTED.md","TODO-ITEMS-21-25-EXTRACTED.md","current-repo","4598","2026-02-25","md","current-repo-filesystem","."
1401,"train_supplier_model.py","train_supplier_model.py","current-repo","1049","2026-02-25","py","current-repo-filesystem","."
1402,"TRANSACTION-LOOP-TEST-REPORT.md","TRANSACTION-LOOP-TEST-REPORT.md","current-repo","6714","2026-02-28","md","current-repo-filesystem","."
1403,"trust-engine.sql","trust-engine.sql","current-repo","838","2026-03-26","sql","current-repo-filesystem","."
1404,"tsconfig.e2e.json","tsconfig.e2e.json","current-repo","186","2026-02-25","json","current-repo-filesystem","."
1405,"tsconfig.json","tsconfig.json","current-repo","709","2026-06-17","json","current-repo-filesystem","."
1406,"tsconfig.server.json","tsconfig.server.json","current-repo","157","2026-02-25","json","current-repo-filesystem","."
1407,"ULTRA-FAST-MCP-WORKING-REPORT.md","ULTRA-FAST-MCP-WORKING-REPORT.md","current-repo","10083","2026-02-25","md","current-repo-filesystem","."
1408,"update-env.sh","update-env.sh","current-repo","1085","2026-02-25","sh","current-repo-filesystem","."
1409,"USER-DASHBOARD-FEATURES-LIST.md","USER-DASHBOARD-FEATURES-LIST.md","current-repo","8092","2026-02-25","md","current-repo-filesystem","."
1410,"vercel.json","vercel.json","current-repo","2119","2026-07-21","json","current-repo-filesystem","."
1411,"vercel.local.json","vercel.local.json","current-repo","3","2026-02-25","json","current-repo-filesystem","."
1412,"vercel.production.json","vercel.production.json","current-repo","1714","2026-02-25","json","current-repo-filesystem","."
1413,"VERCEL_ENV_SETUP.md","VERCEL_ENV_SETUP.md","current-repo","3477","2026-02-25","md","current-repo-filesystem","."
1414,"VERIFY-SITE-STATUS.md","VERIFY-SITE-STATUS.md","current-repo","3966","2026-02-25","md","current-repo-filesystem","."
1415,"WHAT-IS-NEXT.md","WHAT-IS-NEXT.md","current-repo","4097","2026-02-25","md","current-repo-filesystem","."
1416,"wrangler.toml","wrangler.toml","current-repo","1216","2026-06-16","toml","current-repo-filesystem","."
1417,"new-mcp-server.yaml","_archive/bell24h-main/.continue/mcpServers/new-mcp-server.yaml","current-repo","160","2026-02-25","yaml","current-repo-filesystem","_archive/bell24h-main/.continue/mcpServers"
1418,"new-mcpServer.yaml","_archive/bell24h-main/.continue/mcpServers/new-mcpServer.yaml","current-repo","159","2026-02-25","yaml","current-repo-filesystem","_archive/bell24h-main/.continue/mcpServers"
1419,"new-model.yaml","_archive/bell24h-main/.continue/models/new-model.yaml","current-repo","220","2026-02-25","yaml","current-repo-filesystem","_archive/bell24h-main/.continue/models"
1420,"Dockerfile","_archive/bell24h-main/.cursor/Dockerfile","current-repo","1460","2026-02-25","Dockerfile","current-repo-filesystem","_archive/bell24h-main/.cursor"
1421,"environment.json","_archive/bell24h-main/.cursor/environment.json","current-repo","21","2026-02-25","json","current-repo-filesystem","_archive/bell24h-main/.cursor"
1422,"mcp.json","_archive/bell24h-main/.cursor/mcp.json","current-repo","1879","2026-02-25","json","current-repo-filesystem","_archive/bell24h-main/.cursor"
1423,"settings.json","_archive/bell24h-main/.cursor/settings.json","current-repo","1652","2026-02-25","json","current-repo-filesystem","_archive/bell24h-main/.cursor"
1424,".env.example","_archive/bell24h-main/.env.example","current-repo","186","2026-02-25","example","current-repo-filesystem","_archive/bell24h-main"
1425,".env.local.backup.1756839874707","_archive/bell24h-main/.env.local.backup.1756839874707","current-repo","99","2026-02-25","1756839874707","current-repo-filesystem","_archive/bell24h-main"
1426,".env.local.backup.1756844683945","_archive/bell24h-main/.env.local.backup.1756844683945","current-repo","2132","2026-02-25","1756844683945","current-repo-filesystem","_archive/bell24h-main"
1427,".env.local.example","_archive/bell24h-main/.env.local.example","current-repo","356","2026-02-25","example","current-repo-filesystem","_archive/bell24h-main"
1428,".env.local.txt","_archive/bell24h-main/.env.local.txt","current-repo","512","2026-02-25","txt","current-repo-filesystem","_archive/bell24h-main"
1429,".env.neon","_archive/bell24h-main/.env.neon","current-repo","613","2026-02-25","neon","current-repo-filesystem","_archive/bell24h-main"
1430,".env.neon.example","_archive/bell24h-main/.env.neon.example","current-repo","359","2026-02-25","example","current-repo-filesystem","_archive/bell24h-main"
1431,".env.production.example","_archive/bell24h-main/.env.production.example","current-repo","238","2026-02-25","example","current-repo-filesystem","_archive/bell24h-main"
1432,".env.production.protected-backup","_archive/bell24h-main/.env.production.protected-backup","current-repo","885","2026-02-25","protected-backup","current-repo-filesystem","_archive/bell24h-main"
1433,".env.production.template","_archive/bell24h-main/.env.production.template","current-repo","2591","2026-02-25","template","current-repo-filesystem","_archive/bell24h-main"
1434,".env.staging","_archive/bell24h-main/.env.staging","current-repo","1015","2026-02-25","staging","current-repo-filesystem","_archive/bell24h-main"
1435,".env.template","_archive/bell24h-main/.env.template","current-repo","3433","2026-02-25","template","current-repo-filesystem","_archive/bell24h-main"
1436,".env.test","_archive/bell24h-main/.env.test","current-repo","2343","2026-02-25","test","current-repo-filesystem","_archive/bell24h-main"
1437,".env.windsurf","_archive/bell24h-main/.env.windsurf","current-repo","943","2026-02-25","windsurf","current-repo-filesystem","_archive/bell24h-main"
1438,"cypress.yml","_archive/bell24h-main/.github/workflows/cypress.yml","current-repo","3411","2026-02-25","yml","current-repo-filesystem","_archive/bell24h-main/.github/workflows"
1439,"deploy.yml","_archive/bell24h-main/.github/workflows/deploy.yml","current-repo","3281","2026-02-25","yml","current-repo-filesystem","_archive/bell24h-main/.github/workflows"
1440,"pages.yml","_archive/bell24h-main/.github/workflows/pages.yml","current-repo","743","2026-02-25","yml","current-repo-filesystem","_archive/bell24h-main/.github/workflows"
1441,".protected-files-checksums.json","_archive/bell24h-main/.protected-files-checksums.json","current-repo","535","2026-02-25","json","current-repo-filesystem","_archive/bell24h-main"
1442,"Complete RFQ Routes, Prisma Baseline, and Deploy.md","_archive/bell24h-main/.trae/documents/Complete RFQ Routes, Prisma Baseline, and Deploy.md","current-repo","3422","2026-02-25","md","current-repo-filesystem","_archive/bell24h-main/.trae/documents"
1443,"Server Verification And n8n 502 Fix Over SSH.md","_archive/bell24h-main/.trae/documents/Server Verification And n8n 502 Fix Over SSH.md","current-repo","3272","2026-02-25","md","current-repo-filesystem","_archive/bell24h-main/.trae/documents"
1444,".vercel-env-vars.txt","_archive/bell24h-main/.vercel-env-vars.txt","current-repo","474","2026-02-25","txt","current-repo-filesystem","_archive/bell24h-main"
1445,".webthinkerrc.json","_archive/bell24h-main/.webthinkerrc.json","current-repo","970","2026-02-25","json","current-repo-filesystem","_archive/bell24h-main"
1446,"ADD-DNS-A-RECORDS.md","_archive/bell24h-main/ADD-DNS-A-RECORDS.md","current-repo","4045","2026-02-25","md","current-repo-filesystem","_archive/bell24h-main"
1447,"ADMIN-PANEL-COMPREHENSIVE-AUDIT.md","_archive/bell24h-main/ADMIN-PANEL-COMPREHENSIVE-AUDIT.md","current-repo","15847","2026-02-25","md","current-repo-filesystem","_archive/bell24h-main"
1448,"Aggressive-Git-Cleanup.ps1","_archive/bell24h-main/Aggressive-Git-Cleanup.ps1","current-repo","4125","2026-02-25","ps1","current-repo-filesystem","_archive/bell24h-main"
1449,"docker-compose.yml","_archive/bell24h-main/ai-explainability-service/docker-compose.yml","current-repo","327","2026-02-25","yml","current-repo-filesystem","_archive/bell24h-main/ai-explainability-service"
1450,"Dockerfile","_archive/bell24h-main/ai-explainability-service/Dockerfile","current-repo","456","2026-02-25","Dockerfile","current-repo-filesystem","_archive/bell24h-main/ai-explainability-service"
1451,"main.py","_archive/bell24h-main/ai-explainability-service/main.py","current-repo","13398","2026-02-25","py","current-repo-filesystem","_archive/bell24h-main/ai-explainability-service"
1452,"monitoring.py","_archive/bell24h-main/ai-explainability-service/monitoring.py","current-repo","1566","2026-02-25","py","current-repo-filesystem","_archive/bell24h-main/ai-explainability-service"
1453,"requirements.txt","_archive/bell24h-main/ai-explainability-service/requirements.txt","current-repo","263","2026-02-25","txt","current-repo-filesystem","_archive/bell24h-main/ai-explainability-service"
1454,"AI-FEATURES-COMPLETE-STATUS.md","_archive/bell24h-main/AI-FEATURES-COMPLETE-STATUS.md","current-repo","6941","2026-02-25","md","current-repo-filesystem","_archive/bell24h-main"
1455,"ALL-API-ROUTES-SUMMARY.md","_archive/bell24h-main/ALL-API-ROUTES-SUMMARY.md","current-repo","5537","2026-02-25","md","current-repo-filesystem","_archive/bell24h-main"
1456,"API-AI-FEATURES-VERIFICATION.md","_archive/bell24h-main/API-AI-FEATURES-VERIFICATION.md","current-repo","6432","2026-02-25","md","current-repo-filesystem","_archive/bell24h-main"
1457,"api-spec.yaml","_archive/bell24h-main/api-spec.yaml","current-repo","16547","2026-02-25","yaml","current-repo-filesystem","_archive/bell24h-main"
1458,"package.json","_archive/bell24h-main/AppData/Roaming/npm/my-project/package.json","current-repo","47","2026-02-25","json","current-repo-filesystem","_archive/bell24h-main/AppData/Roaming/npm/my-project"
1459,"audit-report-2025-09-02.json","_archive/bell24h-main/audit-report-2025-09-02.json","current-repo","14867","2026-02-25","json","current-repo-filesystem","_archive/bell24h-main"
1460,"404-scan-20250801_022036.txt","_archive/bell24h-main/audit-results/404-scan-20250801_022036.txt","current-repo","2406","2026-02-25","txt","current-repo-filesystem","_archive/bell24h-main/audit-results"
1461,"auto-deploy-everything.ps1","_archive/bell24h-main/auto-deploy-everything.ps1","current-repo","5316","2026-02-25","ps1","current-repo-filesystem","_archive/bell24h-main"
1462,"AUTO-DEPLOY-NOW.ps1","_archive/bell24h-main/AUTO-DEPLOY-NOW.ps1","current-repo","3228","2026-02-25","ps1","current-repo-filesystem","_archive/bell24h-main"
1463,"AUTO-DEPLOY-SUMMARY.md","_archive/bell24h-main/AUTO-DEPLOY-SUMMARY.md","current-repo","3515","2026-02-25","md","current-repo-filesystem","_archive/bell24h-main"
1464,"auto-execution-config.json","_archive/bell24h-main/auto-execution-config.json","current-repo","794","2026-02-25","json","current-repo-filesystem","_archive/bell24h-main"
1465,"auto-fix-502-and-deploy.sh","_archive/bell24h-main/auto-fix-502-and-deploy.sh","current-repo","7869","2026-02-25","sh","current-repo-filesystem","_archive/bell24h-main"
1466,"AUTO-VERIFY-SITE.ps1","_archive/bell24h-main/AUTO-VERIFY-SITE.ps1","current-repo","6542","2026-02-25","ps1","current-repo-filesystem","_archive/bell24h-main"
1467,"automated-deployment-verification.ps1","_archive/bell24h-main/automated-deployment-verification.ps1","current-repo","3895","2026-02-25","ps1","current-repo-filesystem","_archive/bell24h-main"
1468,"AUTO_DEPLOY_FINAL.cjs","_archive/bell24h-main/AUTO_DEPLOY_FINAL.cjs","current-repo","6107","2026-02-25","cjs","current-repo-filesystem","_archive/bell24h-main"
1469,"engine.py","_archive/bell24h-main/backend/app/ab_test/engine.py","current-repo","6528","2026-02-25","py","current-repo-filesystem","_archive/bell24h-main/backend/app/ab_test"
1470,"engine_prisma.py","_archive/bell24h-main/backend/app/ab_test/engine_prisma.py","current-repo","3550","2026-02-25","py","current-repo-filesystem","_archive/bell24h-main/backend/app/ab_test"
1471,"__init__.py","_archive/bell24h-main/backend/app/ab_test/__init__.py","current-repo","22","2026-02-25","py","current-repo-filesystem","_archive/bell24h-main/backend/app/ab_test"
1472,"ab_test.py","_archive/bell24h-main/backend/app/api/admin/ab_test.py","current-repo","214","2026-02-25","py","current-repo-filesystem","_archive/bell24h-main/backend/app/api/admin"
1473,"tasks.py","_archive/bell24h-main/backend/app/api/admin/tasks.py","current-repo","602","2026-02-25","py","current-repo-filesystem","_archive/bell24h-main/backend/app/api/admin"
1474,"__init__.py","_archive/bell24h-main/backend/app/api/admin/__init__.py","current-repo","20","2026-02-25","py","current-repo-filesystem","_archive/bell24h-main/backend/app/api/admin"
1475,"ai.py","_archive/bell24h-main/backend/app/api/endpoints/ai.py","current-repo","1285","2026-02-25","py","current-repo-filesystem","_archive/bell24h-main/backend/app/api/endpoints"
1476,"__init__.py","_archive/bell24h-main/backend/app/api/endpoints/__init__.py","current-repo","21","2026-02-25","py","current-repo-filesystem","_archive/bell24h-main/backend/app/api/endpoints"
1477,"__init__.py","_archive/bell24h-main/backend/app/api/__init__.py","current-repo","15","2026-02-25","py","current-repo-filesystem","_archive/bell24h-main/backend/app/api"
1478,"prioritizer.py","_archive/bell24h-main/backend/app/bug_tracking/prioritizer.py","current-repo","7108","2026-02-25","py","current-repo-filesystem","_archive/bell24h-main/backend/app/bug_tracking"
1479,"__init__.py","_archive/bell24h-main/backend/app/bug_tracking/__init__.py","current-repo","23","2026-02-25","py","current-repo-filesystem","_archive/bell24h-main/backend/app/bug_tracking"
1480,"verify.py","_archive/bell24h-main/backend/app/claim/verify.py","current-repo","0","2026-02-25","py","current-repo-filesystem","_archive/bell24h-main/backend/app/claim"
1481,"postgres.py","_archive/bell24h-main/backend/app/db/postgres.py","current-repo","2617","2026-02-25","py","current-repo-filesystem","_archive/bell24h-main/backend/app/db"
1482,"scaling.py","_archive/bell24h-main/backend/app/infrastructure/scaling.py","current-repo","6313","2026-02-25","py","current-repo-filesystem","_archive/bell24h-main/backend/app/infrastructure"
1483,"__init__.py","_archive/bell24h-main/backend/app/infrastructure/__init__.py","current-repo","25","2026-02-25","py","current-repo-filesystem","_archive/bell24h-main/backend/app/infrastructure"
1484,"conversion_dashboard.py","_archive/bell24h-main/backend/app/monitoring/conversion_dashboard.py","current-repo","1524","2026-02-25","py","current-repo-filesystem","_archive/bell24h-main/backend/app/monitoring"
1485,"__init__.py","_archive/bell24h-main/backend/app/monitoring/__init__.py","current-repo","21","2026-02-25","py","current-repo-filesystem","_archive/bell24h-main/backend/app/monitoring"
1486,"protocol.py","_archive/bell24h-main/backend/app/post_audit/protocol.py","current-repo","6368","2026-02-25","py","current-repo-filesystem","_archive/bell24h-main/backend/app/post_audit"
1487,"__init__.py","_archive/bell24h-main/backend/app/post_audit/__init__.py","current-repo","30","2026-02-25","py","current-repo-filesystem","_archive/bell24h-main/backend/app/post_audit"
1488,"ai_services.py","_archive/bell24h-main/backend/app/services/ai_services.py","current-repo","7199","2026-02-25","py","current-repo-filesystem","_archive/bell24h-main/backend/app/services"
1489,"__init__.py","_archive/bell24h-main/backend/app/services/__init__.py","current-repo","20","2026-02-25","py","current-repo-filesystem","_archive/bell24h-main/backend/app/services"
1490,"enhancement_queue.py","_archive/bell24h-main/backend/app/tasks/enhancement_queue.py","current-repo","7706","2026-02-25","py","current-repo-filesystem","_archive/bell24h-main/backend/app/tasks"
1491,"__init__.py","_archive/bell24h-main/backend/app/tasks/__init__.py","current-repo","16","2026-02-25","py","current-repo-filesystem","_archive/bell24h-main/backend/app/tasks"
1492,"__init__.py","_archive/bell24h-main/backend/app/__init__.py","current-repo","15","2026-02-25","py","current-repo-filesystem","_archive/bell24h-main/backend/app"
1493,"deploy.sh","_archive/bell24h-main/backend/deploy.sh","current-repo","3653","2026-02-25","sh","current-repo-filesystem","_archive/bell24h-main/backend"
1494,"DEPLOYMENT.md","_archive/bell24h-main/backend/DEPLOYMENT.md","current-repo","7743","2026-02-25","md","current-repo-filesystem","_archive/bell24h-main/backend"
1495,"dev_server.py","_archive/bell24h-main/backend/dev_server.py","current-repo","4599","2026-02-25","py","current-repo-filesystem","_archive/bell24h-main/backend"
1496,"docker-compose.yml","_archive/bell24h-main/backend/docker-compose.yml","current-repo","688","2026-02-25","yml","current-repo-filesystem","_archive/bell24h-main/backend"
1497,"Dockerfile","_archive/bell24h-main/backend/Dockerfile","current-repo","878","2026-02-25","Dockerfile","current-repo-filesystem","_archive/bell24h-main/backend"
1498,"N8N_WORKFLOW_SETUP.md","_archive/bell24h-main/backend/n8n/N8N_WORKFLOW_SETUP.md","current-repo","7098","2026-02-25","md","current-repo-filesystem","_archive/bell24h-main/backend/n8n"
1499,"README.md","_archive/bell24h-main/backend/n8n/README.md","current-repo","2544","2026-02-25","md","current-repo-filesystem","_archive/bell24h-main/backend/n8n"
1500,"test-workflows.sh","_archive/bell24h-main/backend/n8n/test-workflows.sh","current-repo","4044","2026-02-25","sh","current-repo-filesystem","_archive/bell24h-main/backend/n8n"
1501,"invite-companies-claim.json","_archive/bell24h-main/backend/n8n/workflows/invite-companies-claim.json","current-repo","5876","2026-02-25","json","current-repo-filesystem","_archive/bell24h-main/backend/n8n/workflows"
1502,"marketing-automation.json","_archive/bell24h-main/backend/n8n/workflows/marketing-automation.json","current-repo","8028","2026-02-25","json","current-repo-filesystem","_archive/bell24h-main/backend/n8n/workflows"
1503,"rfq-ai-matching.json","_archive/bell24h-main/backend/n8n/workflows/rfq-ai-matching.json","current-repo","10293","2026-02-25","json","current-repo-filesystem","_archive/bell24h-main/backend/n8n/workflows"
1504,"PRODUCTION_CHECKLIST.md","_archive/bell24h-main/backend/PRODUCTION_CHECKLIST.md","current-repo","4445","2026-02-25","md","current-repo-filesystem","_archive/bell24h-main/backend"
1505,"README.md","_archive/bell24h-main/backend/README.md","current-repo","3041","2026-02-25","md","current-repo-filesystem","_archive/bell24h-main/backend"
1506,"requirements.txt","_archive/bell24h-main/backend/requirements.txt","current-repo","123","2026-02-25","txt","current-repo-filesystem","_archive/bell24h-main/backend"
1507,"clean_fake_data.py","_archive/bell24h-main/backend/scripts/clean_fake_data.py","current-repo","3556","2026-02-25","py","current-repo-filesystem","_archive/bell24h-main/backend/scripts"
1508,"README_POST_AUDIT.md","_archive/bell24h-main/backend/scripts/README_POST_AUDIT.md","current-repo","3356","2026-02-25","md","current-repo-filesystem","_archive/bell24h-main/backend/scripts"
1509,"run_post_audit_protocol.py","_archive/bell24h-main/backend/scripts/run_post_audit_protocol.py","current-repo","590","2026-02-25","py","current-repo-filesystem","_archive/bell24h-main/backend/scripts"
1510,"train_sample_rfq_model.py","_archive/bell24h-main/backend/scripts/train_sample_rfq_model.py","current-repo","2197","2026-02-25","py","current-repo-filesystem","_archive/bell24h-main/backend/scripts"
1511,"test_ai_explain.py","_archive/bell24h-main/backend/tests/test_ai_explain.py","current-repo","2371","2026-02-25","py","current-repo-filesystem","_archive/bell24h-main/backend/tests"
1512,"test_ai_service.py","_archive/bell24h-main/backend/test_ai_service.py","current-repo","981","2026-02-25","py","current-repo-filesystem","_archive/bell24h-main/backend"
1513,"backup-critical-files.cjs","_archive/bell24h-main/backup-critical-files.cjs","current-repo","6433","2026-02-25","cjs","current-repo-filesystem","_archive/bell24h-main"
1514,"BELL24h Bootstrap Risk Audit & Mitigation Report.pdf","_archive/bell24h-main/BELL24h Bootstrap Risk Audit & Mitigation Report.pdf","current-repo","1490427","2026-02-25","pdf","current-repo-filesystem","_archive/bell24h-main"
1515,"BELL24H-COMPREHENSIVE-AUDIT-REPORT.md","_archive/bell24h-main/BELL24H-COMPREHENSIVE-AUDIT-REPORT.md","current-repo","18208","2026-02-25","md","current-repo-filesystem","_archive/bell24h-main"
1516,"BELL24H-DOCUMENTATION-ENHANCEMENT-AUDIT.md","_archive/bell24h-main/BELL24H-DOCUMENTATION-ENHANCEMENT-AUDIT.md","current-repo","13424","2026-02-25","md","current-repo-filesystem","_archive/bell24h-main"
1517,"bell24h_audit_20250726_123214.txt","_archive/bell24h-main/bell24h_audit_20250726_123214.txt","current-repo","173","2026-02-25","txt","current-repo-filesystem","_archive/bell24h-main"
1518,"BELL24H_BLOCKCHAIN_DEPLOYMENT_GUIDE.md","_archive/bell24h-main/BELL24H_BLOCKCHAIN_DEPLOYMENT_GUIDE.md","current-repo","6228","2026-02-25","md","current-repo-filesystem","_archive/bell24h-main"
1519,"BELL24H_BLOCKCHAIN_IMPLEMENTATION_COMPLETE.md","_archive/bell24h-main/BELL24H_BLOCKCHAIN_IMPLEMENTATION_COMPLETE.md","current-repo","7634","2026-02-25","md","current-repo-filesystem","_archive/bell24h-main"
1520,"BELL24H_BLOCKCHAIN_IMPLEMENTATION_PLAN.md","_archive/bell24h-main/BELL24H_BLOCKCHAIN_IMPLEMENTATION_PLAN.md","current-repo","11498","2026-02-25","md","current-repo-filesystem","_archive/bell24h-main"
1521,"BELL24H_COMPREHENSIVE_AUDIT.md","_archive/bell24h-main/BELL24H_COMPREHENSIVE_AUDIT.md","current-repo","12491","2026-02-25","md","current-repo-filesystem","_archive/bell24h-main"
1522,"BELL24H_COMPREHENSIVE_AUDIT_REPORT.md","_archive/bell24h-main/BELL24H_COMPREHENSIVE_AUDIT_REPORT.md","current-repo","11104","2026-02-25","md","current-repo-filesystem","_archive/bell24h-main"
1523,"BELL24H_CURRENT_STATUS.md","_archive/bell24h-main/BELL24H_CURRENT_STATUS.md","current-repo","6315","2026-02-25","md","current-repo-filesystem","_archive/bell24h-main"
1524,"BELL24H_DEPLOYMENT_SUCCESS_SUMMARY.md","_archive/bell24h-main/BELL24H_DEPLOYMENT_SUCCESS_SUMMARY.md","current-repo","8391","2026-02-25","md","current-repo-filesystem","_archive/bell24h-main"
1525,"BELL24H_EMPIRE_100_PERCENT_COMPLETE.md","_archive/bell24h-main/BELL24H_EMPIRE_100_PERCENT_COMPLETE.md","current-repo","9677","2026-02-25","md","current-repo-filesystem","_archive/bell24h-main"
1526,"BELL24H_FEATURES_COMPLETION_TABLE.md","_archive/bell24h-main/BELL24H_FEATURES_COMPLETION_TABLE.md","current-repo","31590","2026-02-25","md","current-repo-filesystem","_archive/bell24h-main"
1527,"BELL24H_LAUNCH_READY_COMPLETE.md","_archive/bell24h-main/BELL24H_LAUNCH_READY_COMPLETE.md","current-repo","6872","2026-02-25","md","current-repo-filesystem","_archive/bell24h-main"
1528,"BELL24H_MARKETING_CAMPAIGN_LAUNCH.md","_archive/bell24h-main/BELL24H_MARKETING_CAMPAIGN_LAUNCH.md","current-repo","5177","2026-02-25","md","current-repo-filesystem","_archive/bell24h-main"
1529,"BELL24H_PLANNED_VS_IMPLEMENTED_FEATURES.md","_archive/bell24h-main/BELL24H_PLANNED_VS_IMPLEMENTED_FEATURES.md","current-repo","11966","2026-02-25","md","current-repo-filesystem","_archive/bell24h-main"
1530,"BRANDING-NAVIGATION-AUDIT-REPORT.md","_archive/bell24h-main/BRANDING-NAVIGATION-AUDIT-REPORT.md","current-repo","11535","2026-02-25","md","current-repo-filesystem","_archive/bell24h-main"
1531,"BRUTAL_FIX_SETUP.md","_archive/bell24h-main/BRUTAL_FIX_SETUP.md","current-repo","3096","2026-02-25","md","current-repo-filesystem","_archive/bell24h-main"
1532,"build_spec.yaml","_archive/bell24h-main/build_spec.yaml","current-repo","655","2026-02-25","yaml","current-repo-filesystem","_archive/bell24h-main"
1533,"BUILD_STABILIZATION_TODO.md","_archive/bell24h-main/BUILD_STABILIZATION_TODO.md","current-repo","341","2026-02-25","md","current-repo-filesystem","_archive/bell24h-main"
1534,"CATEGORIES_SOLUTION.md","_archive/bell24h-main/CATEGORIES_SOLUTION.md","current-repo","3052","2026-02-25","md","current-repo-filesystem","_archive/bell24h-main"
1535,"CHECK-BUILD-ON-VM.md","_archive/bell24h-main/CHECK-BUILD-ON-VM.md","current-repo","1266","2026-02-25","md","current-repo-filesystem","_archive/bell24h-main"
1536,"check-build-via-ssh.ps1","_archive/bell24h-main/check-build-via-ssh.ps1","current-repo","1786","2026-02-25","ps1","current-repo-filesystem","_archive/bell24h-main"
1537,"CHECK-DOCKER-BUILD-PROGRESS.sh","_archive/bell24h-main/CHECK-DOCKER-BUILD-PROGRESS.sh","current-repo","1777","2026-02-25","sh","current-repo-filesystem","_archive/bell24h-main"
1538,".env.local.txt","_archive/bell24h-main/client/.env.local.txt","current-repo","512","2026-02-25","txt","current-repo-filesystem","_archive/bell24h-main/client"
1539,".eslintrc.json","_archive/bell24h-main/client/.eslintrc.json","current-repo","455","2026-02-25","json","current-repo-filesystem","_archive/bell24h-main/client"
1540,"auto-categories.yml","_archive/bell24h-main/client/.github/workflows/auto-categories.yml","current-repo","4595","2026-02-25","yml","current-repo-filesystem","_archive/bell24h-main/client/.github/workflows"
1541,"auto-deploy.yml","_archive/bell24h-main/client/.github/workflows/auto-deploy.yml","current-repo","6976","2026-02-25","yml","current-repo-filesystem","_archive/bell24h-main/client/.github/workflows"
1542,"ci.yml","_archive/bell24h-main/client/.github/workflows/ci.yml","current-repo","3128","2026-02-25","yml","current-repo-filesystem","_archive/bell24h-main/client/.github/workflows"
1543,"deploy-bell24h.yml","_archive/bell24h-main/client/.github/workflows/deploy-bell24h.yml","current-repo","7402","2026-02-25","yml","current-repo-filesystem","_archive/bell24h-main/client/.github/workflows"
1544,"AI_FEATURES_ANALYSIS.md","_archive/bell24h-main/client/AI_FEATURES_ANALYSIS.md","current-repo","4621","2026-02-25","md","current-repo-filesystem","_archive/bell24h-main/client"
1545,"API_TESTING_GUIDE.md","_archive/bell24h-main/client/API_TESTING_GUIDE.md","current-repo","3745","2026-02-25","md","current-repo-filesystem","_archive/bell24h-main/client"
1546,"ARCHITECTURE_ANALYSIS.md","_archive/bell24h-main/client/ARCHITECTURE_ANALYSIS.md","current-repo","6507","2026-02-25","md","current-repo-filesystem","_archive/bell24h-main/client"
1547,"AUTOMATED_DEPLOYMENT_GUIDE.md","_archive/bell24h-main/client/AUTOMATED_DEPLOYMENT_GUIDE.md","current-repo","8798","2026-02-25","md","current-repo-filesystem","_archive/bell24h-main/client"
1548,"package-lock.json","_archive/bell24h-main/client/blockchain/package-lock.json","current-repo","251027","2026-02-25","json","current-repo-filesystem","_archive/bell24h-main/client/blockchain"
1549,"package.json","_archive/bell24h-main/client/blockchain/package.json","current-repo","965","2026-02-25","json","current-repo-filesystem","_archive/bell24h-main/client/blockchain"
1550,"check-tables.sql","_archive/bell24h-main/client/check-tables.sql","current-repo","77","2026-02-25","sql","current-repo-filesystem","_archive/bell24h-main/client"
1551,"CLOUDFLARE_NAMESERVERS.txt","_archive/bell24h-main/client/CLOUDFLARE_NAMESERVERS.txt","current-repo","703","2026-02-25","txt","current-repo-filesystem","_archive/bell24h-main/client"
1552,"COMPREHENSIVE_AUDIT.md","_archive/bell24h-main/client/COMPREHENSIVE_AUDIT.md","current-repo","11344","2026-02-25","md","current-repo-filesystem","_archive/bell24h-main/client"
1553,"COMPREHENSIVE_SETUP_README.md","_archive/bell24h-main/client/COMPREHENSIVE_SETUP_README.md","current-repo","9997","2026-02-25","md","current-repo-filesystem","_archive/bell24h-main/client"
1554,"README.md","_archive/bell24h-main/client/cypress/README.md","current-repo","4640","2026-02-25","md","current-repo-filesystem","_archive/bell24h-main/client/cypress"
1555,"deploy-fly.ps1","_archive/bell24h-main/client/deploy-fly.ps1","current-repo","6261","2026-02-25","ps1","current-repo-filesystem","_archive/bell24h-main/client"
1556,"deploy-to-vercel.ps1","_archive/bell24h-main/client/deploy-to-vercel.ps1","current-repo","963","2026-02-25","ps1","current-repo-filesystem","_archive/bell24h-main/client"
1557,"deploy.ps1","_archive/bell24h-main/client/deploy.ps1","current-repo","641","2026-02-25","ps1","current-repo-filesystem","_archive/bell24h-main/client"
1558,"deploy.sh","_archive/bell24h-main/client/deploy.sh","current-repo","444","2026-02-25","sh","current-repo-filesystem","_archive/bell24h-main/client"
1559,"docker-compose.production.yml","_archive/bell24h-main/client/deployment/docker-compose.production.yml","current-repo","4164","2026-02-25","yml","current-repo-filesystem","_archive/bell24h-main/client/deployment"
1560,"deployment-sepolia-1750821000242.json","_archive/bell24h-main/client/deployments/deployment-sepolia-1750821000242.json","current-repo","1795","2026-02-25","json","current-repo-filesystem","_archive/bell24h-main/client/deployments"
1561,"deployment-sepolia-1750821000382.json","_archive/bell24h-main/client/deployments/deployment-sepolia-1750821000382.json","current-repo","1795","2026-02-25","json","current-repo-filesystem","_archive/bell24h-main/client/deployments"
1562,"deployment-sepolia-1750821063711.json","_archive/bell24h-main/client/deployments/deployment-sepolia-1750821063711.json","current-repo","534","2026-02-25","json","current-repo-filesystem","_archive/bell24h-main/client/deployments"
1563,"deployment-sepolia-1750821063886.json","_archive/bell24h-main/client/deployments/deployment-sepolia-1750821063886.json","current-repo","534","2026-02-25","json","current-repo-filesystem","_archive/bell24h-main/client/deployments"
1564,"deployment-sepolia-1750873878414.json","_archive/bell24h-main/client/deployments/deployment-sepolia-1750873878414.json","current-repo","534","2026-02-25","json","current-repo-filesystem","_archive/bell24h-main/client/deployments"
1565,"deployment-sepolia-1750873878506.json","_archive/bell24h-main/client/deployments/deployment-sepolia-1750873878506.json","current-repo","534","2026-02-25","json","current-repo-filesystem","_archive/bell24h-main/client/deployments"
1566,"deployment-sepolia-1750874902251.json","_archive/bell24h-main/client/deployments/deployment-sepolia-1750874902251.json","current-repo","534","2026-02-25","json","current-repo-filesystem","_archive/bell24h-main/client/deployments"
1567,"deployment-sepolia-1750874902415.json","_archive/bell24h-main/client/deployments/deployment-sepolia-1750874902415.json","current-repo","534","2026-02-25","json","current-repo-filesystem","_archive/bell24h-main/client/deployments"
1568,"deployment-sepolia-1751339466284.json","_archive/bell24h-main/client/deployments/deployment-sepolia-1751339466284.json","current-repo","534","2026-02-25","json","current-repo-filesystem","_archive/bell24h-main/client/deployments"
1569,"deployment-sepolia-1751339466399.json","_archive/bell24h-main/client/deployments/deployment-sepolia-1751339466399.json","current-repo","534","2026-02-25","json","current-repo-filesystem","_archive/bell24h-main/client/deployments"
1570,"deployment-sepolia-1754075911920.json","_archive/bell24h-main/client/deployments/deployment-sepolia-1754075911920.json","current-repo","533","2026-02-25","json","current-repo-filesystem","_archive/bell24h-main/client/deployments"
1571,"deployment-sepolia-1754075912202.json","_archive/bell24h-main/client/deployments/deployment-sepolia-1754075912202.json","current-repo","533","2026-02-25","json","current-repo-filesystem","_archive/bell24h-main/client/deployments"
1572,"deployment-sepolia-1754076005060.json","_archive/bell24h-main/client/deployments/deployment-sepolia-1754076005060.json","current-repo","533","2026-02-25","json","current-repo-filesystem","_archive/bell24h-main/client/deployments"
1573,"deployment-sepolia-1754076005378.json","_archive/bell24h-main/client/deployments/deployment-sepolia-1754076005378.json","current-repo","533","2026-02-25","json","current-repo-filesystem","_archive/bell24h-main/client/deployments"
1574,"DEPLOYMENT_GUIDE.md","_archive/bell24h-main/client/DEPLOYMENT_GUIDE.md","current-repo","8222","2026-02-25","md","current-repo-filesystem","_archive/bell24h-main/client"
1575,"DEPLOYMENT_STATUS_UPDATE.md","_archive/bell24h-main/client/DEPLOYMENT_STATUS_UPDATE.md","current-repo","3685","2026-02-25","md","current-repo-filesystem","_archive/bell24h-main/client"
1576,"DEPLOYMENT_VERIFICATION_REPORT.md","_archive/bell24h-main/client/DEPLOYMENT_VERIFICATION_REPORT.md","current-repo","3692","2026-02-25","md","current-repo-filesystem","_archive/bell24h-main/client"
1577,"DNS_SETUP_GUIDE.txt","_archive/bell24h-main/client/DNS_SETUP_GUIDE.txt","current-repo","741","2026-02-25","txt","current-repo-filesystem","_archive/bell24h-main/client"
1578,"docker-compose.n8n.yml","_archive/bell24h-main/client/docker-compose.n8n.yml","current-repo","3004","2026-02-25","yml","current-repo-filesystem","_archive/bell24h-main/client"
1579,"docker-compose.yml","_archive/bell24h-main/client/docker-compose.yml","current-repo","4237","2026-02-25","yml","current-repo-filesystem","_archive/bell24h-main/client"
1580,"Dockerfile","_archive/bell24h-main/client/Dockerfile","current-repo","1831","2026-02-25","Dockerfile","current-repo-filesystem","_archive/bell24h-main/client"
1581,"Dockerfile.n8n","_archive/bell24h-main/client/Dockerfile.n8n","current-repo","798","2026-02-25","n8n","current-repo-filesystem","_archive/bell24h-main/client"
1582,"EMERGENCY_VERCEL_FIX.md","_archive/bell24h-main/client/EMERGENCY_VERCEL_FIX.md","current-repo","2016","2026-02-25","md","current-repo-filesystem","_archive/bell24h-main/client"
1583,"env-example.txt","_archive/bell24h-main/client/env-example.txt","current-repo","466","2026-02-25","txt","current-repo-filesystem","_archive/bell24h-main/client"
1584,"FINAL_DOMAIN_SETUP.txt","_archive/bell24h-main/client/FINAL_DOMAIN_SETUP.txt","current-repo","980","2026-02-25","txt","current-repo-filesystem","_archive/bell24h-main/client"
1585,"FINAL_LAUNCH_SQL.sql","_archive/bell24h-main/client/FINAL_LAUNCH_SQL.sql","current-repo","1485","2026-02-25","sql","current-repo-filesystem","_archive/bell24h-main/client"
1586,"FINAL_STATUS_REPORT.md","_archive/bell24h-main/client/FINAL_STATUS_REPORT.md","current-repo","4127","2026-02-25","md","current-repo-filesystem","_archive/bell24h-main/client"
1587,"FIXES_COMPLETE.md","_archive/bell24h-main/client/FIXES_COMPLETE.md","current-repo","3810","2026-02-25","md","current-repo-filesystem","_archive/bell24h-main/client"
1588,"FLY-DEPLOYMENT-GUIDE.md","_archive/bell24h-main/client/FLY-DEPLOYMENT-GUIDE.md","current-repo","4371","2026-02-25","md","current-repo-filesystem","_archive/bell24h-main/client"
1589,"fly.toml","_archive/bell24h-main/client/fly.toml","current-repo","487","2026-02-25","toml","current-repo-filesystem","_archive/bell24h-main/client"
1590,"HOMEPAGE_COMPLETE_STATUS.md","_archive/bell24h-main/client/HOMEPAGE_COMPLETE_STATUS.md","current-repo","5409","2026-02-25","md","current-repo-filesystem","_archive/bell24h-main/client"
1591,"HOW_TO_RUN.txt","_archive/bell24h-main/client/HOW_TO_RUN.txt","current-repo","2097","2026-02-25","txt","current-repo-filesystem","_archive/bell24h-main/client"
1592,"lighthouse-mobile-baseline.json","_archive/bell24h-main/client/lighthouse-mobile-baseline.json","current-repo","762722","2026-02-25","json","current-repo-filesystem","_archive/bell24h-main/client"
1593,"lighthouse-report.json","_archive/bell24h-main/client/lighthouse-report.json","current-repo","799375","2026-02-25","json","current-repo-filesystem","_archive/bell24h-main/client"
1594,"LIVE_WEBSITE_VERIFICATION.md","_archive/bell24h-main/client/LIVE_WEBSITE_VERIFICATION.md","current-repo","3455","2026-02-25","md","current-repo-filesystem","_archive/bell24h-main/client"
1595,"MIGRATION_PLAN.md","_archive/bell24h-main/client/MIGRATION_PLAN.md","current-repo","7403","2026-02-25","md","current-repo-filesystem","_archive/bell24h-main/client"
1596,"neon-config.json","_archive/bell24h-main/client/neon-config.json","current-repo","4269","2026-02-25","json","current-repo-filesystem","_archive/bell24h-main/client"
1597,"ONBOARDING_FIX_GUIDE.md","_archive/bell24h-main/client/ONBOARDING_FIX_GUIDE.md","current-repo","1522","2026-02-25","md","current-repo-filesystem","_archive/bell24h-main/client"
1598,"openai_key.txt","_archive/bell24h-main/client/openai_key.txt","current-repo","364","2026-02-25","txt","current-repo-filesystem","_archive/bell24h-main/client"
1599,"deploy.sh","_archive/bell24h-main/client/oracle-deployment/core-api/deploy.sh","current-repo","1810","2026-02-25","sh","current-repo-filesystem","_archive/bell24h-main/client/oracle-deployment/core-api"
1600,"package.json","_archive/bell24h-main/client/oracle-deployment/core-api/package.json","current-repo","674","2026-02-25","json","current-repo-filesystem","_archive/bell24h-main/client/oracle-deployment/core-api"
1601,"deploy-all.sh","_archive/bell24h-main/client/oracle-deployment/deploy-all.sh","current-repo","5322","2026-02-25","sh","current-repo-filesystem","_archive/bell24h-main/client/oracle-deployment"
1602,"deploy.sh","_archive/bell24h-main/client/oracle-deployment/ml-service/deploy.sh","current-repo","1792","2026-02-25","sh","current-repo-filesystem","_archive/bell24h-main/client/oracle-deployment/ml-service"
1603,"main.py","_archive/bell24h-main/client/oracle-deployment/ml-service/main.py","current-repo","11630","2026-02-25","py","current-repo-filesystem","_archive/bell24h-main/client/oracle-deployment/ml-service"
1604,"requirements.txt","_archive/bell24h-main/client/oracle-deployment/ml-service/requirements.txt","current-repo","154","2026-02-25","txt","current-repo-filesystem","_archive/bell24h-main/client/oracle-deployment/ml-service"
1605,"README.md","_archive/bell24h-main/client/oracle-deployment/README.md","current-repo","8698","2026-02-25","md","current-repo-filesystem","_archive/bell24h-main/client/oracle-deployment"
1606,"package-lock.json","_archive/bell24h-main/client/package-lock.json","current-repo","471430","2026-02-25","json","current-repo-filesystem","_archive/bell24h-main/client"
1607,"package.json","_archive/bell24h-main/client/package.json","current-repo","4743","2026-02-25","json","current-repo-filesystem","_archive/bell24h-main/client"
1608,"PERFORMANCE_OPTIMIZATION.md","_archive/bell24h-main/client/PERFORMANCE_OPTIMIZATION.md","current-repo","5678","2026-02-25","md","current-repo-filesystem","_archive/bell24h-main/client"
1609,"PERFORMANCE_ROUTE_FIX_SUMMARY.md","_archive/bell24h-main/client/PERFORMANCE_ROUTE_FIX_SUMMARY.md","current-repo","4616","2026-02-25","md","current-repo-filesystem","_archive/bell24h-main/client"
1610,"PRISMA_CASING_FIX_SUMMARY.md","_archive/bell24h-main/client/PRISMA_CASING_FIX_SUMMARY.md","current-repo","5370","2026-02-25","md","current-repo-filesystem","_archive/bell24h-main/client"
1611,"production.env.template","_archive/bell24h-main/client/production.env.template","current-repo","2201","2026-02-25","template","current-repo-filesystem","_archive/bell24h-main/client"
1612,"common.json","_archive/bell24h-main/client/public/locales/hi/common.json","current-repo","768","2026-02-25","json","current-repo-filesystem","_archive/bell24h-main/client/public/locales/hi"
1613,"dashboard.json","_archive/bell24h-main/client/public/locales/hi/dashboard.json","current-repo","490","2026-02-25","json","current-repo-filesystem","_archive/bell24h-main/client/public/locales/hi"
1614,"manifest.json","_archive/bell24h-main/client/public/manifest.json","current-repo","4323","2026-02-25","json","current-repo-filesystem","_archive/bell24h-main/client/public"
1615,"robots.txt","_archive/bell24h-main/client/public/robots.txt","current-repo","1377","2026-02-25","txt","current-repo-filesystem","_archive/bell24h-main/client/public"
1616,"QUICK_FIX_SUMMARY.md","_archive/bell24h-main/client/QUICK_FIX_SUMMARY.md","current-repo","1898","2026-02-25","md","current-repo-filesystem","_archive/bell24h-main/client"
1617,"railway.env.example","_archive/bell24h-main/client/railway.env.example","current-repo","373","2026-02-25","example","current-repo-filesystem","_archive/bell24h-main/client"
1618,"railway.json","_archive/bell24h-main/client/railway.json","current-repo","332","2026-02-25","json","current-repo-filesystem","_archive/bell24h-main/client"
1619,"RETURNS_ARRAY_FIX_SUMMARY.md","_archive/bell24h-main/client/RETURNS_ARRAY_FIX_SUMMARY.md","current-repo","9008","2026-02-25","md","current-repo-filesystem","_archive/bell24h-main/client"
1620,"RISKMETRICS_FIX_SUMMARY.md","_archive/bell24h-main/client/RISKMETRICS_FIX_SUMMARY.md","current-repo","8073","2026-02-25","md","current-repo-filesystem","_archive/bell24h-main/client"
1621,"run-comprehensive-setup.ps1","_archive/bell24h-main/client/run-comprehensive-setup.ps1","current-repo","974","2026-02-25","ps1","current-repo-filesystem","_archive/bell24h-main/client"
1622,"bulk-directory-submit.py","_archive/bell24h-main/client/scripts/bulk-directory-submit.py","current-repo","16684","2026-02-25","py","current-repo-filesystem","_archive/bell24h-main/client/scripts"
1623,"deploy-n8n-cloud.sh","_archive/bell24h-main/client/scripts/deploy-n8n-cloud.sh","current-repo","8654","2026-02-25","sh","current-repo-filesystem","_archive/bell24h-main/client/scripts"
1624,"deploy-n8n-production.sh","_archive/bell24h-main/client/scripts/deploy-n8n-production.sh","current-repo","6156","2026-02-25","sh","current-repo-filesystem","_archive/bell24h-main/client/scripts"
1625,"generate_categories.py","_archive/bell24h-main/client/scripts/generate_categories.py","current-repo","15368","2026-02-25","py","current-repo-filesystem","_archive/bell24h-main/client/scripts"
1626,"security-audit.json","_archive/bell24h-main/client/security-audit.json","current-repo","15816","2026-02-25","json","current-repo-filesystem","_archive/bell24h-main/client"
1627,"SENTIMENT_FIX_SUMMARY.md","_archive/bell24h-main/client/SENTIMENT_FIX_SUMMARY.md","current-repo","7982","2026-02-25","md","current-repo-filesystem","_archive/bell24h-main/client"
1628,"STATUS_REPORT.md","_archive/bell24h-main/client/STATUS_REPORT.md","current-repo","5194","2026-02-25","md","current-repo-filesystem","_archive/bell24h-main/client"
1629,"STOCK_DATA_FIX_SUMMARY.md","_archive/bell24h-main/client/STOCK_DATA_FIX_SUMMARY.md","current-repo","6476","2026-02-25","md","current-repo-filesystem","_archive/bell24h-main/client"
1630,"supabase-schema.sql","_archive/bell24h-main/client/supabase-schema.sql","current-repo","1566","2026-02-25","sql","current-repo-filesystem","_archive/bell24h-main/client"
1631,"test-apis.ps1","_archive/bell24h-main/client/test-apis.ps1","current-repo","2634","2026-02-25","ps1","current-repo-filesystem","_archive/bell24h-main/client"
1632,"test-build.ps1","_archive/bell24h-main/client/test-build.ps1","current-repo","448","2026-02-25","ps1","current-repo-filesystem","_archive/bell24h-main/client"
1633,"test-website.ps1","_archive/bell24h-main/client/test-website.ps1","current-repo","2158","2026-02-25","ps1","current-repo-filesystem","_archive/bell24h-main/client"
1634,"THEME_UPDATE_COMPLETE.md","_archive/bell24h-main/client/THEME_UPDATE_COMPLETE.md","current-repo","3353","2026-02-25","md","current-repo-filesystem","_archive/bell24h-main/client"
1635,"tsconfig.json","_archive/bell24h-main/client/tsconfig.json","current-repo","1106","2026-02-25","json","current-repo-filesystem","_archive/bell24h-main/client"
1636,"TYPESCRIPT_FIXES_SUMMARY.md","_archive/bell24h-main/client/TYPESCRIPT_FIXES_SUMMARY.md","current-repo","2729","2026-02-25","md","current-repo-filesystem","_archive/bell24h-main/client"
1637,"TYPE_MISMATCH_FIX_SUMMARY.md","_archive/bell24h-main/client/TYPE_MISMATCH_FIX_SUMMARY.md","current-repo","7452","2026-02-25","md","current-repo-filesystem","_archive/bell24h-main/client"
1638,"UPDATE_NAMESERVERS.txt","_archive/bell24h-main/client/UPDATE_NAMESERVERS.txt","current-repo","856","2026-02-25","txt","current-repo-filesystem","_archive/bell24h-main/client"
1639,"user_profiles_schema.sql","_archive/bell24h-main/client/user_profiles_schema.sql","current-repo","2319","2026-02-25","sql","current-repo-filesystem","_archive/bell24h-main/client"
1640,"VERCEL-ENVIRONMENT-SETUP.md","_archive/bell24h-main/client/VERCEL-ENVIRONMENT-SETUP.md","current-repo","3697","2026-02-25","md","current-repo-filesystem","_archive/bell24h-main/client"
1641,"vercel.json","_archive/bell24h-main/client/vercel.json","current-repo","147","2026-02-25","json","current-repo-filesystem","_archive/bell24h-main/client"
1642,"VERCEL_BUILD_FIX_SUMMARY.md","_archive/bell24h-main/client/VERCEL_BUILD_FIX_SUMMARY.md","current-repo","1655","2026-02-25","md","current-repo-filesystem","_archive/bell24h-main/client"
1643,"VIDEO_RFQ_FIXED.txt","_archive/bell24h-main/client/VIDEO_RFQ_FIXED.txt","current-repo","3262","2026-02-25","txt","current-repo-filesystem","_archive/bell24h-main/client"
1644,"VOICE_RFQ_FIXED.txt","_archive/bell24h-main/client/VOICE_RFQ_FIXED.txt","current-repo","2921","2026-02-25","txt","current-repo-filesystem","_archive/bell24h-main/client"
1645,"client-tsconfig.json","_archive/bell24h-main/client-tsconfig.json","current-repo","408","2026-02-25","json","current-repo-filesystem","_archive/bell24h-main"
1646,"client_secret_2_1044360968417-avn6r7navbtelcvocsauv7j6ck6egvnl.apps.googleusercontent.com.json","_archive/bell24h-main/client_secret_2_1044360968417-avn6r7navbtelcvocsauv7j6ck6egvnl.apps.googleusercontent.com.json","current-repo","577","2026-02-25","json","current-repo-filesystem","_archive/bell24h-main"
1647,"CLOUDFLARE-BUILD-COMMAND-CLARIFICATION.md","_archive/bell24h-main/CLOUDFLARE-BUILD-COMMAND-CLARIFICATION.md","current-repo","3322","2026-02-25","md","current-repo-filesystem","_archive/bell24h-main"
1648,"CLOUDFLARE-DNS-QUICK-FIX.md","_archive/bell24h-main/CLOUDFLARE-DNS-QUICK-FIX.md","current-repo","1413","2026-02-25","md","current-repo-filesystem","_archive/bell24h-main"
1649,"CLOUDFLARE-PAGES-BUILD-FIX.md","_archive/bell24h-main/CLOUDFLARE-PAGES-BUILD-FIX.md","current-repo","3507","2026-02-25","md","current-repo-filesystem","_archive/bell24h-main"
1650,"cloudflare-pages-config.json","_archive/bell24h-main/cloudflare-pages-config.json","current-repo","834","2026-02-25","json","current-repo-filesystem","_archive/bell24h-main"
1651,"CLOUDFLARE-PAGES-FINAL-FIX.md","_archive/bell24h-main/CLOUDFLARE-PAGES-FINAL-FIX.md","current-repo","3072","2026-02-25","md","current-repo-filesystem","_archive/bell24h-main"
1652,"CLOUDFLARE-PAGES-NEXT-STEPS.md","_archive/bell24h-main/CLOUDFLARE-PAGES-NEXT-STEPS.md","current-repo","4996","2026-02-25","md","current-repo-filesystem","_archive/bell24h-main"
1653,"CLOUDFLARE-PAGES-SETTINGS-FIX.md","_archive/bell24h-main/CLOUDFLARE-PAGES-SETTINGS-FIX.md","current-repo","3772","2026-02-25","md","current-repo-filesystem","_archive/bell24h-main"
1654,"CLOUDFLARE-PAGES-SETUP.md","_archive/bell24h-main/CLOUDFLARE-PAGES-SETUP.md","current-repo","5098","2026-02-25","md","current-repo-filesystem","_archive/bell24h-main"
1655,"CLOUDFLARE-PAGES-TEST.md","_archive/bell24h-main/CLOUDFLARE-PAGES-TEST.md","current-repo","3772","2026-02-25","md","current-repo-filesystem","_archive/bell24h-main"
1656,"CLOUDFLARE-SETUP-STEP-BY-STEP.md","_archive/bell24h-main/CLOUDFLARE-SETUP-STEP-BY-STEP.md","current-repo","8609","2026-02-25","md","current-repo-filesystem","_archive/bell24h-main"
1657,"commit-and-push-fix.ps1","_archive/bell24h-main/commit-and-push-fix.ps1","current-repo","312","2026-02-25","ps1","current-repo-filesystem","_archive/bell24h-main"
1658,"COMPANY_PROFILE_CLAIMING_IMPLEMENTATION_COMPLETE.md","_archive/bell24h-main/COMPANY_PROFILE_CLAIMING_IMPLEMENTATION_COMPLETE.md","current-repo","8926","2026-02-25","md","current-repo-filesystem","_archive/bell24h-main"
1659,"COMPANY_PROFILE_CLAIMING_SUMMARY.md","_archive/bell24h-main/COMPANY_PROFILE_CLAIMING_SUMMARY.md","current-repo","7613","2026-02-25","md","current-repo-filesystem","_archive/bell24h-main"
1660,"COMPLETE-AUTOMATIC-DEPLOY.ps1","_archive/bell24h-main/COMPLETE-AUTOMATIC-DEPLOY.ps1","current-repo","1995","2026-02-25","ps1","current-repo-filesystem","_archive/bell24h-main"
1661,"complete-database-setup-400-categories.sql","_archive/bell24h-main/complete-database-setup-400-categories.sql","current-repo","29605","2026-02-25","sql","current-repo-filesystem","_archive/bell24h-main"
1662,"complete-database-setup.sql","_archive/bell24h-main/complete-database-setup.sql","current-repo","14571","2026-02-25","sql","current-repo-filesystem","_archive/bell24h-main"
1663,"COMPLETE-DEPLOYMENT.ps1","_archive/bell24h-main/COMPLETE-DEPLOYMENT.ps1","current-repo","1230","2026-02-25","ps1","current-repo-filesystem","_archive/bell24h-main"
1664,"COMPLETE-FEATURE-INVENTORY.md","_archive/bell24h-main/COMPLETE-FEATURE-INVENTORY.md","current-repo","8600","2026-02-25","md","current-repo-filesystem","_archive/bell24h-main"
1665,"COMPLETE_AUTOMATED_FIX_SUMMARY.md","_archive/bell24h-main/COMPLETE_AUTOMATED_FIX_SUMMARY.md","current-repo","6968","2026-02-25","md","current-repo-filesystem","_archive/bell24h-main"
1666,"COMPLETE_DEPLOYMENT_ANALYSIS.md","_archive/bell24h-main/COMPLETE_DEPLOYMENT_ANALYSIS.md","current-repo","8714","2026-02-25","md","current-repo-filesystem","_archive/bell24h-main"
1667,"COMPLETE_PROJECT_REBUILD.cjs","_archive/bell24h-main/COMPLETE_PROJECT_REBUILD.cjs","current-repo","6515","2026-02-25","cjs","current-repo-filesystem","_archive/bell24h-main"
1668,"COMPLETE_SETUP_SUMMARY.md","_archive/bell24h-main/COMPLETE_SETUP_SUMMARY.md","current-repo","6333","2026-02-25","md","current-repo-filesystem","_archive/bell24h-main"
1669,"composer.json","_archive/bell24h-main/composer.json","current-repo","2905","2026-02-25","json","current-repo-filesystem","_archive/bell24h-main"
1670,"COMPREHENSIVE-AUDIT-REPORT.md","_archive/bell24h-main/COMPREHENSIVE-AUDIT-REPORT.md","current-repo","12166","2026-02-25","md","current-repo-filesystem","_archive/bell24h-main"
1671,"COMPREHENSIVE-FIX.ps1","_archive/bell24h-main/COMPREHENSIVE-FIX.ps1","current-repo","739","2026-02-25","ps1","current-repo-filesystem","_archive/bell24h-main"
1672,"COMPREHENSIVE-PROJECT-AUDIT-2025.md","_archive/bell24h-main/COMPREHENSIVE-PROJECT-AUDIT-2025.md","current-repo","20796","2026-02-25","md","current-repo-filesystem","_archive/bell24h-main"
1673,"COMPREHENSIVE-PROJECT-AUDIT-AND-ASSESSMENT.md","_archive/bell24h-main/COMPREHENSIVE-PROJECT-AUDIT-AND-ASSESSMENT.md","current-repo","24184","2026-02-25","md","current-repo-filesystem","_archive/bell24h-main"
1674,"COMPREHENSIVE_AUDIT_REPORT.md","_archive/bell24h-main/COMPREHENSIVE_AUDIT_REPORT.md","current-repo","10864","2026-02-25","md","current-repo-filesystem","_archive/bell24h-main"
1675,"COMPREHENSIVE_MCP_AUDIT_REPORT.md","_archive/bell24h-main/COMPREHENSIVE_MCP_AUDIT_REPORT.md","current-repo","5491","2026-02-25","md","current-repo-filesystem","_archive/bell24h-main"
1676,"COMPREHENSIVE_MCP_AUDIT_REPORT_FINAL.md","_archive/bell24h-main/COMPREHENSIVE_MCP_AUDIT_REPORT_FINAL.md","current-repo","5392","2026-02-25","md","current-repo-filesystem","_archive/bell24h-main"
1677,"COPY-PASTE-COMMANDS.txt","_archive/bell24h-main/COPY-PASTE-COMMANDS.txt","current-repo","2001","2026-02-25","txt","current-repo-filesystem","_archive/bell24h-main"
1678,"COPY_PASTE_DEPLOYMENT.txt","_archive/bell24h-main/COPY_PASTE_DEPLOYMENT.txt","current-repo","2766","2026-02-25","txt","current-repo-filesystem","_archive/bell24h-main"
1679,"CURRENT-STATUS-AND-NEXT-STEPS.md","_archive/bell24h-main/CURRENT-STATUS-AND-NEXT-STEPS.md","current-repo","7365","2026-02-25","md","current-repo-filesystem","_archive/bell24h-main"
1680,"cursor-mcp-config.json","_archive/bell24h-main/cursor-mcp-config.json","current-repo","2234","2026-02-25","json","current-repo-filesystem","_archive/bell24h-main"
1681,"CURSOR-MCP-HYBRID-INTEGRATION.md","_archive/bell24h-main/CURSOR-MCP-HYBRID-INTEGRATION.md","current-repo","11526","2026-02-25","md","current-repo-filesystem","_archive/bell24h-main"
1682,"CURSOR-MCP-INTEGRATION-COMPLETE-REPORT.md","_archive/bell24h-main/CURSOR-MCP-INTEGRATION-COMPLETE-REPORT.md","current-repo","8158","2026-02-25","md","current-repo-filesystem","_archive/bell24h-main"
1683,"CURSOR-MCP-INTEGRATION-GUIDE.md","_archive/bell24h-main/CURSOR-MCP-INTEGRATION-GUIDE.md","current-repo","8499","2026-02-25","md","current-repo-filesystem","_archive/bell24h-main"
1684,"CURSOR-MCP-USAGE.md","_archive/bell24h-main/CURSOR-MCP-USAGE.md","current-repo","1532","2026-02-25","md","current-repo-filesystem","_archive/bell24h-main"
1685,"cursor_settings.json","_archive/bell24h-main/cursor_settings.json","current-repo","418","2026-02-25","json","current-repo-filesystem","_archive/bell24h-main"
1686,"CYPRESS_FIX_SUMMARY.md","_archive/bell24h-main/CYPRESS_FIX_SUMMARY.md","current-repo","3152","2026-02-25","md","current-repo-filesystem","_archive/bell24h-main"
1687,"DASHBOARD-AUDIT-COMPLETE.md","_archive/bell24h-main/DASHBOARD-AUDIT-COMPLETE.md","current-repo","8443","2026-02-25","md","current-repo-filesystem","_archive/bell24h-main"
1688,"DASHBOARD-FIX-COMPLETE.md","_archive/bell24h-main/DASHBOARD-FIX-COMPLETE.md","current-repo","6740","2026-02-25","md","current-repo-filesystem","_archive/bell24h-main"
1689,"DASHBOARD-QUICK-ACCESS-GUIDE.md","_archive/bell24h-main/DASHBOARD-QUICK-ACCESS-GUIDE.md","current-repo","9647","2026-02-25","md","current-repo-filesystem","_archive/bell24h-main"
1690,"DAY2_COMPLETION_SUMMARY.md","_archive/bell24h-main/DAY2_COMPLETION_SUMMARY.md","current-repo","4535","2026-02-25","md","current-repo-filesystem","_archive/bell24h-main"
1691,"DAY2_SETUP_INSTRUCTIONS.md","_archive/bell24h-main/DAY2_SETUP_INSTRUCTIONS.md","current-repo","3389","2026-02-25","md","current-repo-filesystem","_archive/bell24h-main"
1692,"DELETE-CNAME-ADD-A-RECORD.md","_archive/bell24h-main/DELETE-CNAME-ADD-A-RECORD.md","current-repo","3682","2026-02-25","md","current-repo-filesystem","_archive/bell24h-main"
1693,"DEMO-LOGIN-GUIDE.md","_archive/bell24h-main/DEMO-LOGIN-GUIDE.md","current-repo","5147","2026-02-25","md","current-repo-filesystem","_archive/bell24h-main"
1694,"deploy-2step-verification.ps1","_archive/bell24h-main/deploy-2step-verification.ps1","current-repo","6731","2026-02-25","ps1","current-repo-filesystem","_archive/bell24h-main"
1695,"DEPLOY-CLOUDFLARE-PAGES.md","_archive/bell24h-main/DEPLOY-CLOUDFLARE-PAGES.md","current-repo","7376","2026-02-25","md","current-repo-filesystem","_archive/bell24h-main"
1696,"deploy-fast-html-site.ps1","_archive/bell24h-main/deploy-fast-html-site.ps1","current-repo","13845","2026-02-25","ps1","current-repo-filesystem","_archive/bell24h-main"
1697,"deploy-html-clean.ps1","_archive/bell24h-main/deploy-html-clean.ps1","current-repo","4398","2026-02-25","ps1","current-repo-filesystem","_archive/bell24h-main"
1698,"deploy-html-fast-site-fixed.ps1","_archive/bell24h-main/deploy-html-fast-site-fixed.ps1","current-repo","19789","2026-02-25","ps1","current-repo-filesystem","_archive/bell24h-main"
1699,"deploy-html-fast-site.ps1","_archive/bell24h-main/deploy-html-fast-site.ps1","current-repo","25389","2026-02-25","ps1","current-repo-filesystem","_archive/bell24h-main"
1700,"deploy-mobile-otp-registration-flow.ps1","_archive/bell24h-main/deploy-mobile-otp-registration-flow.ps1","current-repo","12937","2026-02-25","ps1","current-repo-filesystem","_archive/bell24h-main"
1701,"deploy-now.ps1","_archive/bell24h-main/deploy-now.ps1","current-repo","520","2026-02-25","ps1","current-repo-filesystem","_archive/bell24h-main"
1702,"DEPLOY-NOW.txt","_archive/bell24h-main/DEPLOY-NOW.txt","current-repo","1036","2026-02-25","txt","current-repo-filesystem","_archive/bell24h-main"
1703,"deploy-oracle-vm.sh","_archive/bell24h-main/deploy-oracle-vm.sh","current-repo","4102","2026-02-25","sh","current-repo-filesystem","_archive/bell24h-main"
1704,"deploy-script.sh","_archive/bell24h-main/deploy-script.sh","current-repo","1001","2026-02-25","sh","current-repo-filesystem","_archive/bell24h-main"
1705,"deployment-config.json","_archive/bell24h-main/deployment-config.json","current-repo","764","2026-02-25","json","current-repo-filesystem","_archive/bell24h-main"
1706,"DEPLOYMENT-CRASH-AUDIT-AND-FIX.md","_archive/bell24h-main/DEPLOYMENT-CRASH-AUDIT-AND-FIX.md","current-repo","8167","2026-02-25","md","current-repo-filesystem","_archive/bell24h-main"
1707,"deployment-protection.cjs","_archive/bell24h-main/deployment-protection.cjs","current-repo","5363","2026-02-25","cjs","current-repo-filesystem","_archive/bell24h-main"
1708,"DEPLOYMENT-STATUS-AND-FIX.md","_archive/bell24h-main/DEPLOYMENT-STATUS-AND-FIX.md","current-repo","6188","2026-02-25","md","current-repo-filesystem","_archive/bell24h-main"
1709,"DEPLOYMENT-STATUS.md","_archive/bell24h-main/DEPLOYMENT-STATUS.md","current-repo","5170","2026-02-25","md","current-repo-filesystem","_archive/bell24h-main"
1710,"DEPLOYMENT.md","_archive/bell24h-main/DEPLOYMENT.md","current-repo","6702","2026-02-25","md","current-repo-filesystem","_archive/bell24h-main"
1711,"DEPLOYMENT_ACTION_PLAN.txt","_archive/bell24h-main/DEPLOYMENT_ACTION_PLAN.txt","current-repo","1164","2026-02-25","txt","current-repo-filesystem","_archive/bell24h-main"
1712,"DEPLOYMENT_CHECKLIST.md","_archive/bell24h-main/DEPLOYMENT_CHECKLIST.md","current-repo","3877","2026-02-25","md","current-repo-filesystem","_archive/bell24h-main"
1713,"DEPLOYMENT_FIX_COMPLETE.md","_archive/bell24h-main/DEPLOYMENT_FIX_COMPLETE.md","current-repo","5330","2026-02-25","md","current-repo-filesystem","_archive/bell24h-main"
1714,"DEPLOYMENT_VERIFICATION_GUIDE.md","_archive/bell24h-main/DEPLOYMENT_VERIFICATION_GUIDE.md","current-repo","9095","2026-02-25","md","current-repo-filesystem","_archive/bell24h-main"
1715,"deploy_existing_500_pages.ps1","_archive/bell24h-main/deploy_existing_500_pages.ps1","current-repo","7569","2026-02-25","ps1","current-repo-filesystem","_archive/bell24h-main"
1716,"deploy_hero_fix.ps1","_archive/bell24h-main/deploy_hero_fix.ps1","current-repo","1218","2026-02-25","ps1","current-repo-filesystem","_archive/bell24h-main"
1717,"deploy_homepage_fix.ps1","_archive/bell24h-main/deploy_homepage_fix.ps1","current-repo","1509","2026-02-25","ps1","current-repo-filesystem","_archive/bell24h-main"
1718,"DETAILED-FILE-INVENTORY-2025.md","_archive/bell24h-main/DETAILED-FILE-INVENTORY-2025.md","current-repo","16137","2026-02-25","md","current-repo-filesystem","_archive/bell24h-main"
1719,"DIAGNOSE-502-ERROR.sh","_archive/bell24h-main/DIAGNOSE-502-ERROR.sh","current-repo","2433","2026-02-25","sh","current-repo-filesystem","_archive/bell24h-main"
1720,"disable-all-failing-workflows.ps1","_archive/bell24h-main/disable-all-failing-workflows.ps1","current-repo","1077","2026-02-25","ps1","current-repo-filesystem","_archive/bell24h-main"
1721,"disable-webthinker.ps1","_archive/bell24h-main/disable-webthinker.ps1","current-repo","490","2026-02-25","ps1","current-repo-filesystem","_archive/bell24h-main"
1722,"DNS-COMPLETE-NEXT-STEPS.md","_archive/bell24h-main/DNS-COMPLETE-NEXT-STEPS.md","current-repo","5495","2026-02-25","md","current-repo-filesystem","_archive/bell24h-main"
1723,"DOCKER-BUILD-NOT-FROZEN-GUIDE.md","_archive/bell24h-main/DOCKER-BUILD-NOT-FROZEN-GUIDE.md","current-repo","5556","2026-02-25","md","current-repo-filesystem","_archive/bell24h-main"
1724,"docker-compose.debug.yml","_archive/bell24h-main/docker-compose.debug.yml","current-repo","323","2026-02-25","yml","current-repo-filesystem","_archive/bell24h-main"
1725,"docker-compose.perplexity.yml","_archive/bell24h-main/docker-compose.perplexity.yml","current-repo","321","2026-02-25","yml","current-repo-filesystem","_archive/bell24h-main"
1726,"docker-compose.yml","_archive/bell24h-main/docker-compose.yml","current-repo","1305","2026-02-25","yml","current-repo-filesystem","_archive/bell24h-main"
1727,"Dockerfile","_archive/bell24h-main/Dockerfile","current-repo","1360","2026-02-25","Dockerfile","current-repo-filesystem","_archive/bell24h-main"
1728,"Dockerfile.client","_archive/bell24h-main/Dockerfile.client","current-repo","1747","2026-02-25","client","current-repo-filesystem","_archive/bell24h-main"
1729,"Dockerfile.final","_archive/bell24h-main/Dockerfile.final","current-repo","1403","2026-02-25","final","current-repo-filesystem","_archive/bell24h-main"
1730,"Dockerfile.fixed","_archive/bell24h-main/Dockerfile.fixed","current-repo","1363","2026-02-25","fixed","current-repo-filesystem","_archive/bell24h-main"
1731,"Dockerfile.oracle","_archive/bell24h-main/Dockerfile.oracle","current-repo","1498","2026-02-25","oracle","current-repo-filesystem","_archive/bell24h-main"
1732,"Dockerfile.oracle-fixed","_archive/bell24h-main/Dockerfile.oracle-fixed","current-repo","1636","2026-02-25","oracle-fixed","current-repo-filesystem","_archive/bell24h-main"
1733,"swagger.json","_archive/bell24h-main/docs/api/swagger.json","current-repo","5444","2026-02-25","json","current-repo-filesystem","_archive/bell24h-main/docs/api"
1734,"BELL24H_SUPPLIER_ACQUISITION_ENGINE_V2.md","_archive/bell24h-main/docs/BELL24H_SUPPLIER_ACQUISITION_ENGINE_V2.md","current-repo","13511","2026-02-25","md","current-repo-filesystem","_archive/bell24h-main/docs"
1735,"openapi.yaml","_archive/bell24h-main/docs/openapi.yaml","current-repo","4165","2026-02-25","yaml","current-repo-filesystem","_archive/bell24h-main/docs"
1736,"PRODUCTION_SETUP.md","_archive/bell24h-main/docs/PRODUCTION_SETUP.md","current-repo","6368","2026-02-25","md","current-repo-filesystem","_archive/bell24h-main/docs"
1737,"README_EXPORT_SUMMARY.txt","_archive/bell24h-main/docs/README_EXPORT_SUMMARY.txt","current-repo","584","2026-02-25","txt","current-repo-filesystem","_archive/bell24h-main/docs"
1738,"e2e-test-mobile-otp.ps1","_archive/bell24h-main/e2e-test-mobile-otp.ps1","current-repo","7126","2026-02-25","ps1","current-repo-filesystem","_archive/bell24h-main"
1739,"ECG-MARKETING-IMPLEMENTATION-PLAN.md","_archive/bell24h-main/ECG-MARKETING-IMPLEMENTATION-PLAN.md","current-repo","8483","2026-02-25","md","current-repo-filesystem","_archive/bell24h-main"
1740,"EMERGENCY-502-FIX-SCRIPT.sh","_archive/bell24h-main/EMERGENCY-502-FIX-SCRIPT.sh","current-repo","3807","2026-02-25","sh","current-repo-filesystem","_archive/bell24h-main"
1741,"ENABLE-HTTPS-CLOUDFLARE.md","_archive/bell24h-main/ENABLE-HTTPS-CLOUDFLARE.md","current-repo","4217","2026-02-25","md","current-repo-filesystem","_archive/bell24h-main"
1742,"env-list.txt","_archive/bell24h-main/env-list.txt","current-repo","778","2026-02-25","txt","current-repo-filesystem","_archive/bell24h-main"
1743,"EVERYTHING-WORKING-WAIT-FOR-SSL.md","_archive/bell24h-main/EVERYTHING-WORKING-WAIT-FOR-SSL.md","current-repo","3609","2026-02-25","md","current-repo-filesystem","_archive/bell24h-main"
1744,"explain_api.py","_archive/bell24h-main/explain_api.py","current-repo","1449","2026-02-25","py","current-repo-filesystem","_archive/bell24h-main"
1745,"FEATURE-COMPARISON-TABLE.md","_archive/bell24h-main/FEATURE-COMPARISON-TABLE.md","current-repo","11366","2026-02-25","md","current-repo-filesystem","_archive/bell24h-main"
1746,"FEATURE-COMPLETENESS-ANALYSIS.md","_archive/bell24h-main/FEATURE-COMPLETENESS-ANALYSIS.md","current-repo","6963","2026-02-25","md","current-repo-filesystem","_archive/bell24h-main"
1747,"FINAL-521-FIX.md","_archive/bell24h-main/FINAL-521-FIX.md","current-repo","6072","2026-02-25","md","current-repo-filesystem","_archive/bell24h-main"
1748,"FINAL-AUDIT-SUMMARY-2025.md","_archive/bell24h-main/FINAL-AUDIT-SUMMARY-2025.md","current-repo","12181","2026-02-25","md","current-repo-filesystem","_archive/bell24h-main"
1749,"FINAL-FEATURE-COMPARISON.md","_archive/bell24h-main/FINAL-FEATURE-COMPARISON.md","current-repo","11801","2026-02-25","md","current-repo-filesystem","_archive/bell24h-main"
1750,"FINAL-STATUS-REPORT.md","_archive/bell24h-main/FINAL-STATUS-REPORT.md","current-repo","4925","2026-02-25","md","current-repo-filesystem","_archive/bell24h-main"
1751,"FINAL_DEPLOYMENT_ORDER.md","_archive/bell24h-main/FINAL_DEPLOYMENT_ORDER.md","current-repo","5880","2026-02-25","md","current-repo-filesystem","_archive/bell24h-main"
1752,"FINAL_DEPLOYMENT_STATUS_REPORT.md","_archive/bell24h-main/FINAL_DEPLOYMENT_STATUS_REPORT.md","current-repo","7981","2026-02-25","md","current-repo-filesystem","_archive/bell24h-main"
1753,"find-server-port.cjs","_archive/bell24h-main/find-server-port.cjs","current-repo","2979","2026-02-25","cjs","current-repo-filesystem","_archive/bell24h-main"
1754,"FIX-404-DNS-GUIDE.md","_archive/bell24h-main/FIX-404-DNS-GUIDE.md","current-repo","5938","2026-02-25","md","current-repo-filesystem","_archive/bell24h-main"
1755,"FIX-502-ERROR.sh","_archive/bell24h-main/FIX-502-ERROR.sh","current-repo","2745","2026-02-25","sh","current-repo-filesystem","_archive/bell24h-main"
1756,"FIX-521-ERROR.sh","_archive/bell24h-main/FIX-521-ERROR.sh","current-repo","4675","2026-02-25","sh","current-repo-filesystem","_archive/bell24h-main"
1757,"FIX-521-QUICK-FIX.md","_archive/bell24h-main/FIX-521-QUICK-FIX.md","current-repo","4509","2026-02-25","md","current-repo-filesystem","_archive/bell24h-main"
1758,"fix-build-error.sh","_archive/bell24h-main/fix-build-error.sh","current-repo","762","2026-02-25","sh","current-repo-filesystem","_archive/bell24h-main"
1759,"FIX-BUILD-NOW.md","_archive/bell24h-main/FIX-BUILD-NOW.md","current-repo","2027","2026-02-25","md","current-repo-filesystem","_archive/bell24h-main"
1760,"FIX-CLOUDFLARE-521-ERROR.md","_archive/bell24h-main/FIX-CLOUDFLARE-521-ERROR.md","current-repo","8475","2026-02-25","md","current-repo-filesystem","_archive/bell24h-main"
1761,"FIX-CLOUDFLARE-AUTO.ps1","_archive/bell24h-main/FIX-CLOUDFLARE-AUTO.ps1","current-repo","3760","2026-02-25","ps1","current-repo-filesystem","_archive/bell24h-main"
1762,"FIX-CLOUDFLARE-BUILD-FAILURE.md","_archive/bell24h-main/FIX-CLOUDFLARE-BUILD-FAILURE.md","current-repo","5335","2026-02-25","md","current-repo-filesystem","_archive/bell24h-main"
1763,"FIX-CLOUDFLARE-DNS-CONFLICT.md","_archive/bell24h-main/FIX-CLOUDFLARE-DNS-CONFLICT.md","current-repo","4552","2026-02-25","md","current-repo-filesystem","_archive/bell24h-main"
1764,"FIX-CLOUDFLARE-FINAL.ps1","_archive/bell24h-main/FIX-CLOUDFLARE-FINAL.ps1","current-repo","4291","2026-02-25","ps1","current-repo-filesystem","_archive/bell24h-main"
1765,"FIX-CLOUDFLARE-MANUAL.txt","_archive/bell24h-main/FIX-CLOUDFLARE-MANUAL.txt","current-repo","993","2026-02-25","txt","current-repo-filesystem","_archive/bell24h-main"
1766,"FIX-CLOUDFLARE-PAGES-404.md","_archive/bell24h-main/FIX-CLOUDFLARE-PAGES-404.md","current-repo","2141","2026-02-25","md","current-repo-filesystem","_archive/bell24h-main"
1767,"FIX-CLOUDFLARE-SUBMODULES.ps1","_archive/bell24h-main/FIX-CLOUDFLARE-SUBMODULES.ps1","current-repo","3237","2026-02-25","ps1","current-repo-filesystem","_archive/bell24h-main"
1768,"fix-cloudflare.ps1","_archive/bell24h-main/fix-cloudflare.ps1","current-repo","1201","2026-02-25","ps1","current-repo-filesystem","_archive/bell24h-main"
1769,"FIX-CONNECTION-TIMEOUT.md","_archive/bell24h-main/FIX-CONNECTION-TIMEOUT.md","current-repo","5522","2026-02-25","md","current-repo-filesystem","_archive/bell24h-main"
1770,"FIX-DASHBOARD-COMPLETE-GUIDE.md","_archive/bell24h-main/FIX-DASHBOARD-COMPLETE-GUIDE.md","current-repo","3898","2026-02-25","md","current-repo-filesystem","_archive/bell24h-main"
1771,"FIX-DISK-SPACE-AND-NGINX.sh","_archive/bell24h-main/FIX-DISK-SPACE-AND-NGINX.sh","current-repo","2515","2026-02-25","sh","current-repo-filesystem","_archive/bell24h-main"
1772,"FIX-DNS-APP-N8N.md","_archive/bell24h-main/FIX-DNS-APP-N8N.md","current-repo","3498","2026-02-25","md","current-repo-filesystem","_archive/bell24h-main"
1773,"FIX-DOCKER-BUILD-STANDALONE-ERROR.md","_archive/bell24h-main/FIX-DOCKER-BUILD-STANDALONE-ERROR.md","current-repo","1768","2026-02-25","md","current-repo-filesystem","_archive/bell24h-main"
1774,"fix-docker-build.sh","_archive/bell24h-main/fix-docker-build.sh","current-repo","460","2026-02-25","sh","current-repo-filesystem","_archive/bell24h-main"
1775,"fix-github-actions.ps1","_archive/bell24h-main/fix-github-actions.ps1","current-repo","6421","2026-02-25","ps1","current-repo-filesystem","_archive/bell24h-main"
1776,"FIX-GITHUB-PUSH-FINAL.ps1","_archive/bell24h-main/FIX-GITHUB-PUSH-FINAL.ps1","current-repo","5697","2026-02-25","ps1","current-repo-filesystem","_archive/bell24h-main"
1777,"FIX-GITHUB-SECRET.md","_archive/bell24h-main/FIX-GITHUB-SECRET.md","current-repo","3658","2026-02-25","md","current-repo-filesystem","_archive/bell24h-main"
1778,"FIX-LOGIN-COOKIE.md","_archive/bell24h-main/FIX-LOGIN-COOKIE.md","current-repo","1895","2026-02-25","md","current-repo-filesystem","_archive/bell24h-main"
1779,"fix-lucide-imports.ps1","_archive/bell24h-main/fix-lucide-imports.ps1","current-repo","1893","2026-02-25","ps1","current-repo-filesystem","_archive/bell24h-main"
1780,"FIX-MERGE-CONFLICTS.ps1","_archive/bell24h-main/FIX-MERGE-CONFLICTS.ps1","current-repo","4592","2026-02-25","ps1","current-repo-filesystem","_archive/bell24h-main"
1781,"FIX-MISSING-PAGES.md","_archive/bell24h-main/FIX-MISSING-PAGES.md","current-repo","1364","2026-02-25","md","current-repo-filesystem","_archive/bell24h-main"
1782,"FIX-N8N-502.sh","_archive/bell24h-main/FIX-N8N-502.sh","current-repo","2522","2026-02-25","sh","current-repo-filesystem","_archive/bell24h-main"
1783,"FIX-NODE-MODULES-SUBMODULE.ps1","_archive/bell24h-main/FIX-NODE-MODULES-SUBMODULE.ps1","current-repo","4926","2026-02-25","ps1","current-repo-filesystem","_archive/bell24h-main"
1784,"FIX-PORT-80-CONFLICT.sh","_archive/bell24h-main/FIX-PORT-80-CONFLICT.sh","current-repo","4124","2026-02-25","sh","current-repo-filesystem","_archive/bell24h-main"
1785,"FIX-PORT-80-QUICK.txt","_archive/bell24h-main/FIX-PORT-80-QUICK.txt","current-repo","2241","2026-02-25","txt","current-repo-filesystem","_archive/bell24h-main"
1786,"FIX-PUSH-ERROR.ps1","_archive/bell24h-main/FIX-PUSH-ERROR.ps1","current-repo","5258","2026-02-25","ps1","current-repo-filesystem","_archive/bell24h-main"
1787,"FIX-RECURSIVE-BUILD-ERROR.md","_archive/bell24h-main/FIX-RECURSIVE-BUILD-ERROR.md","current-repo","3987","2026-02-25","md","current-repo-filesystem","_archive/bell24h-main"
1788,"fix-secret.sh","_archive/bell24h-main/fix-secret.sh","current-repo","233","2026-02-25","sh","current-repo-filesystem","_archive/bell24h-main"
1789,"FIX-SSH-KEY-ISSUE.md","_archive/bell24h-main/FIX-SSH-KEY-ISSUE.md","current-repo","5108","2026-02-25","md","current-repo-filesystem","_archive/bell24h-main"
1790,"FIX-SSL-AND-N8N.md","_archive/bell24h-main/FIX-SSL-AND-N8N.md","current-repo","6337","2026-02-25","md","current-repo-filesystem","_archive/bell24h-main"
1791,"FIX-SUBMODULE-CLOUDFLARE.md","_archive/bell24h-main/FIX-SUBMODULE-CLOUDFLARE.md","current-repo","2631","2026-02-25","md","current-repo-filesystem","_archive/bell24h-main"
1792,"FIX-SUBMODULE-ERROR-FINAL.ps1","_archive/bell24h-main/FIX-SUBMODULE-ERROR-FINAL.ps1","current-repo","4451","2026-02-25","ps1","current-repo-filesystem","_archive/bell24h-main"
1793,"FIX-SUBMODULES-COMPLETE.ps1","_archive/bell24h-main/FIX-SUBMODULES-COMPLETE.ps1","current-repo","5106","2026-02-25","ps1","current-repo-filesystem","_archive/bell24h-main"
1794,"FIX-SUPPLIERS-PAGE-ERROR.md","_archive/bell24h-main/FIX-SUPPLIERS-PAGE-ERROR.md","current-repo","452","2026-02-25","md","current-repo-filesystem","_archive/bell24h-main"
1795,"fix-unescaped-entities.ps1","_archive/bell24h-main/fix-unescaped-entities.ps1","current-repo","935","2026-02-25","ps1","current-repo-filesystem","_archive/bell24h-main"
1796,"FIXES_APPLIED.md","_archive/bell24h-main/FIXES_APPLIED.md","current-repo","3582","2026-02-25","md","current-repo-filesystem","_archive/bell24h-main"
1797,"fix_build_error.ps1","_archive/bell24h-main/fix_build_error.ps1","current-repo","1006","2026-02-25","ps1","current-repo-filesystem","_archive/bell24h-main"
1798,"fix_build_errors.ps1","_archive/bell24h-main/fix_build_errors.ps1","current-repo","3661","2026-02-25","ps1","current-repo-filesystem","_archive/bell24h-main"
1799,"fix_build_error_final.ps1","_archive/bell24h-main/fix_build_error_final.ps1","current-repo","16760","2026-02-25","ps1","current-repo-filesystem","_archive/bell24h-main"
1800,"fix_icons.ps1","_archive/bell24h-main/fix_icons.ps1","current-repo","990","2026-02-25","ps1","current-repo-filesystem","_archive/bell24h-main"
1801,"force-push-all.ps1","_archive/bell24h-main/force-push-all.ps1","current-repo","945","2026-02-25","ps1","current-repo-filesystem","_archive/bell24h-main"
1802,"GITHUB-ACTIONS-SETUP.md","_archive/bell24h-main/GITHUB-ACTIONS-SETUP.md","current-repo","5262","2026-02-25","md","current-repo-filesystem","_archive/bell24h-main"
1803,"GITHUB-ORACLE-AUTO-DEPLOY-GUIDE.md","_archive/bell24h-main/GITHUB-ORACLE-AUTO-DEPLOY-GUIDE.md","current-repo","9635","2026-02-25","md","current-repo-filesystem","_archive/bell24h-main"
1804,"github-setup-commands.txt","_archive/bell24h-main/github-setup-commands.txt","current-repo","1150","2026-02-25","txt","current-repo-filesystem","_archive/bell24h-main"
1805,"GIT_REPOSITORY_FIX_COMPLETE.md","_archive/bell24h-main/GIT_REPOSITORY_FIX_COMPLETE.md","current-repo","3961","2026-02-25","md","current-repo-filesystem","_archive/bell24h-main"
1806,"hardhat.config.cjs","_archive/bell24h-main/hardhat.config.cjs","current-repo","1573","2026-02-25","cjs","current-repo-filesystem","_archive/bell24h-main"
1807,"hell -ExecutionPolicy Bypass -File commit-and-push-fix.ps1","_archive/bell24h-main/hell -ExecutionPolicy Bypass -File commit-and-push-fix.ps1","current-repo","630","2026-02-25","ps1","current-repo-filesystem","_archive/bell24h-main"
1808,"HOMEPAGE_BUILD_COMPLETE.md","_archive/bell24h-main/HOMEPAGE_BUILD_COMPLETE.md","current-repo","9859","2026-02-25","md","current-repo-filesystem","_archive/bell24h-main"
1809,"HYBRID-APPROACH-COMPLETE-GUIDE.md","_archive/bell24h-main/HYBRID-APPROACH-COMPLETE-GUIDE.md","current-repo","10779","2026-02-25","md","current-repo-filesystem","_archive/bell24h-main"
1810,"IMMEDIATE-502-FIX.sh","_archive/bell24h-main/IMMEDIATE-502-FIX.sh","current-repo","3351","2026-02-25","sh","current-repo-filesystem","_archive/bell24h-main"
1811,"IMMEDIATE-FIX-COMMANDS.txt","_archive/bell24h-main/IMMEDIATE-FIX-COMMANDS.txt","current-repo","1790","2026-02-25","txt","current-repo-filesystem","_archive/bell24h-main"
1812,"jest.config.cjs","_archive/bell24h-main/jest.config.cjs","current-repo","863","2026-02-25","cjs","current-repo-filesystem","_archive/bell24h-main"
1813,"jest.integration.config.cjs","_archive/bell24h-main/jest.integration.config.cjs","current-repo","1325","2026-02-25","cjs","current-repo-filesystem","_archive/bell24h-main"
1814,"JSON-SYNTAX-ERROR-FIX-REPORT.md","_archive/bell24h-main/JSON-SYNTAX-ERROR-FIX-REPORT.md","current-repo","4045","2026-02-25","md","current-repo-filesystem","_archive/bell24h-main"
1815,"LAUNCH_DAY_SCHEDULE.md","_archive/bell24h-main/LAUNCH_DAY_SCHEDULE.md","current-repo","6614","2026-02-25","md","current-repo-filesystem","_archive/bell24h-main"
1816,"LAUNCH_PREPARATION_NOV_22.md","_archive/bell24h-main/LAUNCH_PREPARATION_NOV_22.md","current-repo","4136","2026-02-25","md","current-repo-filesystem","_archive/bell24h-main"
1817,"LAUNCH_READY_SUMMARY.md","_archive/bell24h-main/LAUNCH_READY_SUMMARY.md","current-repo","6537","2026-02-25","md","current-repo-filesystem","_archive/bell24h-main"
1818,"LAUNCH_SOCIAL_MEDIA_POSTS.md","_archive/bell24h-main/LAUNCH_SOCIAL_MEDIA_POSTS.md","current-repo","4670","2026-02-25","md","current-repo-filesystem","_archive/bell24h-main"
1819,"package-lock.json","_archive/bell24h-main/load-testing/package-lock.json","current-repo","323943","2026-02-25","json","current-repo-filesystem","_archive/bell24h-main/load-testing"
1820,"package.json","_archive/bell24h-main/load-testing/package.json","current-repo","2990","2026-02-25","json","current-repo-filesystem","_archive/bell24h-main/load-testing"
1821,"tsconfig.json","_archive/bell24h-main/load-testing/tsconfig.json","current-repo","1331","2026-02-25","json","current-repo-filesystem","_archive/bell24h-main/load-testing"
1822,"MANUAL-FIX-COMMANDS.txt","_archive/bell24h-main/MANUAL-FIX-COMMANDS.txt","current-repo","1494","2026-02-25","txt","current-repo-filesystem","_archive/bell24h-main"
1823,"MANUAL-SSL-SETUP-STEPS.md","_archive/bell24h-main/MANUAL-SSL-SETUP-STEPS.md","current-repo","7511","2026-02-25","md","current-repo-filesystem","_archive/bell24h-main"
1824,"MANUAL_GITKRAKEN_SETUP.txt","_archive/bell24h-main/MANUAL_GITKRAKEN_SETUP.txt","current-repo","2693","2026-02-25","txt","current-repo-filesystem","_archive/bell24h-main"
1825,"whatsapp-messages.txt","_archive/bell24h-main/marketing/whatsapp-messages.txt","current-repo","1287","2026-02-25","txt","current-repo-filesystem","_archive/bell24h-main/marketing"
1826,"MARKETING_PLAN_COMPANY_PROFILE_CLAIMING.md","_archive/bell24h-main/MARKETING_PLAN_COMPANY_PROFILE_CLAIMING.md","current-repo","12256","2026-02-25","md","current-repo-filesystem","_archive/bell24h-main"
1827,"mcp-gitkraken.json","_archive/bell24h-main/mcp-gitkraken.json","current-repo","347","2026-02-25","json","current-repo-filesystem","_archive/bell24h-main"
1828,"mcp_config.json","_archive/bell24h-main/mcp_config.json","current-repo","1722","2026-02-25","json","current-repo-filesystem","_archive/bell24h-main"
1829,"MIGRATION-CLOUDFLARE-PAGES.md","_archive/bell24h-main/MIGRATION-CLOUDFLARE-PAGES.md","current-repo","588","2026-02-25","md","current-repo-filesystem","_archive/bell24h-main"
1830,"MIGRATION_ACTION_PLAN.txt","_archive/bell24h-main/MIGRATION_ACTION_PLAN.txt","current-repo","1589","2026-02-25","txt","current-repo-filesystem","_archive/bell24h-main"
1831,"mobile-otp-only-deploy.ps1","_archive/bell24h-main/mobile-otp-only-deploy.ps1","current-repo","6167","2026-02-25","ps1","current-repo-filesystem","_archive/bell24h-main"
1832,"MOBILE_OTP_ERROR_HANDLING.md","_archive/bell24h-main/MOBILE_OTP_ERROR_HANDLING.md","current-repo","4922","2026-02-25","md","current-repo-filesystem","_archive/bell24h-main"
1833,"MOVE-TO-PORT-80.md","_archive/bell24h-main/MOVE-TO-PORT-80.md","current-repo","2719","2026-02-25","md","current-repo-filesystem","_archive/bell24h-main"
1834,"MSG91_INTEGRATION_COMPLETE.md","_archive/bell24h-main/MSG91_INTEGRATION_COMPLETE.md","current-repo","12563","2026-02-25","md","current-repo-filesystem","_archive/bell24h-main"
1835,"MSG91_QUICK_SETUP.md","_archive/bell24h-main/MSG91_QUICK_SETUP.md","current-repo","3718","2026-02-25","md","current-repo-filesystem","_archive/bell24h-main"
1836,"MSG91_SETUP_COMPLETE.md","_archive/bell24h-main/MSG91_SETUP_COMPLETE.md","current-repo","4717","2026-02-25","md","current-repo-filesystem","_archive/bell24h-main"
1837,"bell24h-integration.workflow.json","_archive/bell24h-main/n8n/workflows/bell24h-integration.workflow.json","current-repo","5176","2026-02-25","json","current-repo-filesystem","_archive/bell24h-main/n8n/workflows"
1838,"category-analytics.workflow.json","_archive/bell24h-main/n8n/workflows/category-analytics.workflow.json","current-repo","7216","2026-02-25","json","current-repo-filesystem","_archive/bell24h-main/n8n/workflows"
1839,"category-seo-automation.workflow.json","_archive/bell24h-main/n8n/workflows/category-seo-automation.workflow.json","current-repo","13008","2026-02-25","json","current-repo-filesystem","_archive/bell24h-main/n8n/workflows"
1840,"escrow.workflow.json","_archive/bell24h-main/n8n/workflows/escrow.workflow.json","current-repo","1323","2026-02-25","json","current-repo-filesystem","_archive/bell24h-main/n8n/workflows"
1841,"mock-order-generation.workflow.json","_archive/bell24h-main/n8n/workflows/mock-order-generation.workflow.json","current-repo","10136","2026-02-25","json","current-repo-filesystem","_archive/bell24h-main/n8n/workflows"
1842,"rfq.workflow.json","_archive/bell24h-main/n8n/workflows/rfq.workflow.json","current-repo","1111","2026-02-25","json","current-repo-filesystem","_archive/bell24h-main/n8n/workflows"
1843,"user.onboarding.workflow.json","_archive/bell24h-main/n8n/workflows/user.onboarding.workflow.json","current-repo","1099","2026-02-25","json","current-repo-filesystem","_archive/bell24h-main/n8n/workflows"
1844,"N8N-RUNNING-FIX-SSL.md","_archive/bell24h-main/N8N-RUNNING-FIX-SSL.md","current-repo","4491","2026-02-25","md","current-repo-filesystem","_archive/bell24h-main"
1845,"N8N-WORKFLOW-A-E-MICRO-LEVEL-GUIDE.md","_archive/bell24h-main/N8N-WORKFLOW-A-E-MICRO-LEVEL-GUIDE.md","current-repo","16778","2026-02-25","md","current-repo-filesystem","_archive/bell24h-main"
1846,"supplier-onboarding-welcome-email.json","_archive/bell24h-main/n8n-workflows/supplier-onboarding-welcome-email.json","current-repo","1863","2026-02-25","json","current-repo-filesystem","_archive/bell24h-main/n8n-workflows"
1847,"supplier-onboarding-welcome-sms.json","_archive/bell24h-main/n8n-workflows/supplier-onboarding-welcome-sms.json","current-repo","2144","2026-02-25","json","current-repo-filesystem","_archive/bell24h-main/n8n-workflows"
1848,"N8N_SETUP_QUICK_REFERENCE.md","_archive/bell24h-main/N8N_SETUP_QUICK_REFERENCE.md","current-repo","5165","2026-02-25","md","current-repo-filesystem","_archive/bell24h-main"
1849,"N8N_WORKFLOWS_COMPLETE.md","_archive/bell24h-main/N8N_WORKFLOWS_COMPLETE.md","current-repo","2885","2026-02-25","md","current-repo-filesystem","_archive/bell24h-main"
1850,"netlify.toml","_archive/bell24h-main/netlify.toml","current-repo","647","2026-02-25","toml","current-repo-filesystem","_archive/bell24h-main"
1851,"NEXT-STEPS-TODO-LIST.md","_archive/bell24h-main/NEXT-STEPS-TODO-LIST.md","current-repo","5752","2026-02-25","md","current-repo-filesystem","_archive/bell24h-main"
1852,"next.config.cjs","_archive/bell24h-main/next.config.cjs","current-repo","820","2026-02-25","cjs","current-repo-filesystem","_archive/bell24h-main"
1853,"nixpacks.toml","_archive/bell24h-main/nixpacks.toml","current-repo","184","2026-02-25","toml","current-repo-filesystem","_archive/bell24h-main"
1854,"NO-Q-PREFIX-AUTOMATION.ps1","_archive/bell24h-main/NO-Q-PREFIX-AUTOMATION.ps1","current-repo","5889","2026-02-25","ps1","current-repo-filesystem","_archive/bell24h-main"
1855,"NON-CODER-DEPLOYMENT-PRIORITY-GUIDE.md","_archive/bell24h-main/NON-CODER-DEPLOYMENT-PRIORITY-GUIDE.md","current-repo","14417","2026-02-25","md","current-repo-filesystem","_archive/bell24h-main"
1856,"NOV-20-LAUNCH-CHECKLIST.md","_archive/bell24h-main/NOV-20-LAUNCH-CHECKLIST.md","current-repo","11089","2026-02-25","md","current-repo-filesystem","_archive/bell24h-main"
1857,"nuclear_fix.ps1","_archive/bell24h-main/nuclear_fix.ps1","current-repo","1140","2026-02-25","ps1","current-repo-filesystem","_archive/bell24h-main"
1858,"nuclear_fix_all.ps1","_archive/bell24h-main/nuclear_fix_all.ps1","current-repo","1456","2026-02-25","ps1","current-repo-filesystem","_archive/bell24h-main"
1859,"ONE-PAGE-BRUTAL-TRUTH-REVENUE-SUMMARY.md","_archive/bell24h-main/ONE-PAGE-BRUTAL-TRUTH-REVENUE-SUMMARY.md","current-repo","2478","2026-02-25","md","current-repo-filesystem","_archive/bell24h-main"
1860,"openapitools.json","_archive/bell24h-main/openapitools.json","current-repo","154","2026-02-25","json","current-repo-filesystem","_archive/bell24h-main"
1861,".env.example","_archive/bell24h-main/oracle/.env.example","current-repo","778","2026-02-25","example","current-repo-filesystem","_archive/bell24h-main/oracle"
1862,"default.json","_archive/bell24h-main/oracle/config/default.json","current-repo","452","2026-02-25","json","current-repo-filesystem","_archive/bell24h-main/oracle/config"
1863,"package.json","_archive/bell24h-main/oracle/package.json","current-repo","590","2026-02-25","json","current-repo-filesystem","_archive/bell24h-main/oracle"
1864,"ORACLE-CLOUD-DEPLOYMENT-GUIDE.md","_archive/bell24h-main/ORACLE-CLOUD-DEPLOYMENT-GUIDE.md","current-repo","7713","2026-02-25","md","current-repo-filesystem","_archive/bell24h-main"
1865,"complete-categories.sql","_archive/bell24h-main/oracle-cloud-n8n/database/complete-categories.sql","current-repo","17499","2026-02-25","sql","current-repo-filesystem","_archive/bell24h-main/oracle-cloud-n8n/database"
1866,"missing-tables.sql","_archive/bell24h-main/oracle-cloud-n8n/database/missing-tables.sql","current-repo","6685","2026-02-25","sql","current-repo-filesystem","_archive/bell24h-main/oracle-cloud-n8n/database"
1867,"docker-compose.yml","_archive/bell24h-main/oracle-cloud-n8n/docker-compose.yml","current-repo","2292","2026-02-25","yml","current-repo-filesystem","_archive/bell24h-main/oracle-cloud-n8n"
1868,"README.md","_archive/bell24h-main/oracle-cloud-n8n/README.md","current-repo","5148","2026-02-25","md","current-repo-filesystem","_archive/bell24h-main/oracle-cloud-n8n"
1869,"setup-oracle-cloud.sh","_archive/bell24h-main/oracle-cloud-n8n/setup-oracle-cloud.sh","current-repo","3865","2026-02-25","sh","current-repo-filesystem","_archive/bell24h-main/oracle-cloud-n8n"
1870,"lead-test-data.json","_archive/bell24h-main/oracle-cloud-n8n/test-data/lead-test-data.json","current-repo","1468","2026-02-25","json","current-repo-filesystem","_archive/bell24h-main/oracle-cloud-n8n/test-data"
1871,"rfq-test-data.json","_archive/bell24h-main/oracle-cloud-n8n/test-data/rfq-test-data.json","current-repo","916","2026-02-25","json","current-repo-filesystem","_archive/bell24h-main/oracle-cloud-n8n/test-data"
1872,"bell24h-ai-category-worker-complete.json","_archive/bell24h-main/oracle-cloud-n8n/workflows/bell24h-ai-category-worker-complete.json","current-repo","28608","2026-02-25","json","current-repo-filesystem","_archive/bell24h-main/oracle-cloud-n8n/workflows"
1873,"bell24h-ai-category-worker-with-db.json","_archive/bell24h-main/oracle-cloud-n8n/workflows/bell24h-ai-category-worker-with-db.json","current-repo","20967","2026-02-25","json","current-repo-filesystem","_archive/bell24h-main/oracle-cloud-n8n/workflows"
1874,"bell24h-ai-category-worker.json","_archive/bell24h-main/oracle-cloud-n8n/workflows/bell24h-ai-category-worker.json","current-repo","14258","2026-02-25","json","current-repo-filesystem","_archive/bell24h-main/oracle-cloud-n8n/workflows"
1875,"bell24h-ai-scraper-master-with-db.json","_archive/bell24h-main/oracle-cloud-n8n/workflows/bell24h-ai-scraper-master-with-db.json","current-repo","15444","2026-02-25","json","current-repo-filesystem","_archive/bell24h-main/oracle-cloud-n8n/workflows"
1876,"bell24h-ai-scraper-master.json","_archive/bell24h-main/oracle-cloud-n8n/workflows/bell24h-ai-scraper-master.json","current-repo","16047","2026-02-25","json","current-repo-filesystem","_archive/bell24h-main/oracle-cloud-n8n/workflows"
1877,"bell24h-lead-scoring-complete.json","_archive/bell24h-main/oracle-cloud-n8n/workflows/bell24h-lead-scoring-complete.json","current-repo","16493","2026-02-25","json","current-repo-filesystem","_archive/bell24h-main/oracle-cloud-n8n/workflows"
1878,"bell24h-lead-scoring-with-db.json","_archive/bell24h-main/oracle-cloud-n8n/workflows/bell24h-lead-scoring-with-db.json","current-repo","18924","2026-02-25","json","current-repo-filesystem","_archive/bell24h-main/oracle-cloud-n8n/workflows"
1879,"bell24h-lead-scoring.json","_archive/bell24h-main/oracle-cloud-n8n/workflows/bell24h-lead-scoring.json","current-repo","4429","2026-02-25","json","current-repo-filesystem","_archive/bell24h-main/oracle-cloud-n8n/workflows"
1880,"bell24h-rfq-notification-complete.json","_archive/bell24h-main/oracle-cloud-n8n/workflows/bell24h-rfq-notification-complete.json","current-repo","9804","2026-02-25","json","current-repo-filesystem","_archive/bell24h-main/oracle-cloud-n8n/workflows"
1881,"bell24h-rfq-notification-fixed.json","_archive/bell24h-main/oracle-cloud-n8n/workflows/bell24h-rfq-notification-fixed.json","current-repo","8335","2026-02-25","json","current-repo-filesystem","_archive/bell24h-main/oracle-cloud-n8n/workflows"
1882,"bell24h-rfq-notification-with-db.json","_archive/bell24h-main/oracle-cloud-n8n/workflows/bell24h-rfq-notification-with-db.json","current-repo","14440","2026-02-25","json","current-repo-filesystem","_archive/bell24h-main/oracle-cloud-n8n/workflows"
1883,"bell24h-rfq-notification.json","_archive/bell24h-main/oracle-cloud-n8n/workflows/bell24h-rfq-notification.json","current-repo","3234","2026-02-25","json","current-repo-filesystem","_archive/bell24h-main/oracle-cloud-n8n/workflows"
1884,"nano-banana-enrichment.json","_archive/bell24h-main/oracle-cloud-n8n/workflows/nano-banana-enrichment.json","current-repo","14611","2026-02-25","json","current-repo-filesystem","_archive/bell24h-main/oracle-cloud-n8n/workflows"
1885,"ORACLE-VM-DEPLOYMENT-GUIDE.md","_archive/bell24h-main/ORACLE-VM-DEPLOYMENT-GUIDE.md","current-repo","6777","2026-02-25","md","current-repo-filesystem","_archive/bell24h-main"
1886,"package-lock.json","_archive/bell24h-main/package-lock.json","current-repo","553946","2026-02-25","json","current-repo-filesystem","_archive/bell24h-main"
1887,"package.json","_archive/bell24h-main/package.json","current-repo","5148","2026-02-25","json","current-repo-filesystem","_archive/bell24h-main"
1888,"page-test-report.json","_archive/bell24h-main/page-test-report.json","current-repo","5132","2026-02-25","json","current-repo-filesystem","_archive/bell24h-main"
1889,"page-verification-report.json","_archive/bell24h-main/page-verification-report.json","current-repo","39816","2026-02-25","json","current-repo-filesystem","_archive/bell24h-main"
1890,"PERMANENT-Q-PREFIX-FIX.sh","_archive/bell24h-main/PERMANENT-Q-PREFIX-FIX.sh","current-repo","6449","2026-02-25","sh","current-repo-filesystem","_archive/bell24h-main"
1891,"postcss.config.cjs","_archive/bell24h-main/postcss.config.cjs","current-repo","96","2026-02-25","cjs","current-repo-filesystem","_archive/bell24h-main"
1892,"POST_AUDIT_PROTOCOL_COMPLETE.md","_archive/bell24h-main/POST_AUDIT_PROTOCOL_COMPLETE.md","current-repo","3434","2026-02-25","md","current-repo-filesystem","_archive/bell24h-main"
1893,"POST_AUDIT_PROTOCOL_IMPLEMENTATION_SUMMARY.md","_archive/bell24h-main/POST_AUDIT_PROTOCOL_IMPLEMENTATION_SUMMARY.md","current-repo","5783","2026-02-25","md","current-repo-filesystem","_archive/bell24h-main"
1894,"PRISMA_FIX_COMPLETE.md","_archive/bell24h-main/PRISMA_FIX_COMPLETE.md","current-repo","4434","2026-02-25","md","current-repo-filesystem","_archive/bell24h-main"
1895,"production.env.template","_archive/bell24h-main/production.env.template","current-repo","1690","2026-02-25","template","current-repo-filesystem","_archive/bell24h-main"
1896,"PRODUCTION_DEPLOYMENT_SUMMARY.md","_archive/bell24h-main/PRODUCTION_DEPLOYMENT_SUMMARY.md","current-repo","5632","2026-02-25","md","current-repo-filesystem","_archive/bell24h-main"
1897,"PROJECT-ENHANCEMENT-SUMMARY.md","_archive/bell24h-main/PROJECT-ENHANCEMENT-SUMMARY.md","current-repo","6675","2026-02-25","md","current-repo-filesystem","_archive/bell24h-main"
1898,"PROJECT-STATUS-CHECK.md","_archive/bell24h-main/PROJECT-STATUS-CHECK.md","current-repo","3742","2026-02-25","md","current-repo-filesystem","_archive/bell24h-main"
1899,"common.json","_archive/bell24h-main/public/locales/en/common.json","current-repo","7140","2026-02-25","json","current-repo-filesystem","_archive/bell24h-main/public/locales/en"
1900,"common.json","_archive/bell24h-main/public/locales/hi/common.json","current-repo","768","2026-02-25","json","current-repo-filesystem","_archive/bell24h-main/public/locales/hi"
1901,"dashboard.json","_archive/bell24h-main/public/locales/hi/dashboard.json","current-repo","490","2026-02-25","json","current-repo-filesystem","_archive/bell24h-main/public/locales/hi"
1902,"manifest.json","_archive/bell24h-main/public/manifest.json","current-repo","4323","2026-02-25","json","current-repo-filesystem","_archive/bell24h-main/public"
1903,"robots.txt","_archive/bell24h-main/public/robots.txt","current-repo","1377","2026-02-25","txt","current-repo-filesystem","_archive/bell24h-main/public"
1904,"temple-bell.mp3.txt","_archive/bell24h-main/public/sounds/temple-bell.mp3.txt","current-repo","702","2026-02-25","txt","current-repo-filesystem","_archive/bell24h-main/public/sounds"
1905,"QUICK-502-DIAGNOSIS.md","_archive/bell24h-main/QUICK-502-DIAGNOSIS.md","current-repo","6676","2026-02-25","md","current-repo-filesystem","_archive/bell24h-main"
1906,"QUICK-DEPLOY-ORACLE.md","_archive/bell24h-main/QUICK-DEPLOY-ORACLE.md","current-repo","3004","2026-02-25","md","current-repo-filesystem","_archive/bell24h-main"
1907,"quick-deploy.cjs","_archive/bell24h-main/quick-deploy.cjs","current-repo","5927","2026-02-25","cjs","current-repo-filesystem","_archive/bell24h-main"
1908,"QUICK-DIAGNOSTIC-COMMANDS.sh","_archive/bell24h-main/QUICK-DIAGNOSTIC-COMMANDS.sh","current-repo","1271","2026-02-25","sh","current-repo-filesystem","_archive/bell24h-main"
1909,"QUICK-FIX-N8N.sh","_archive/bell24h-main/QUICK-FIX-N8N.sh","current-repo","1733","2026-02-25","sh","current-repo-filesystem","_archive/bell24h-main"
1910,"QUICK-FIX-TIMEOUT.md","_archive/bell24h-main/QUICK-FIX-TIMEOUT.md","current-repo","1752","2026-02-25","md","current-repo-filesystem","_archive/bell24h-main"
1911,"quick-platform-test.cjs","_archive/bell24h-main/quick-platform-test.cjs","current-repo","7605","2026-02-25","cjs","current-repo-filesystem","_archive/bell24h-main"
1912,"QUICK-ROLLBACK.sh","_archive/bell24h-main/QUICK-ROLLBACK.sh","current-repo","1887","2026-02-25","sh","current-repo-filesystem","_archive/bell24h-main"
1913,"QUICK-START-AUTO-DEPLOY.md","_archive/bell24h-main/QUICK-START-AUTO-DEPLOY.md","current-repo","2029","2026-02-25","md","current-repo-filesystem","_archive/bell24h-main"
1914,"quick-status-check.cjs","_archive/bell24h-main/quick-status-check.cjs","current-repo","886","2026-02-25","cjs","current-repo-filesystem","_archive/bell24h-main"
1915,"QUICK_DEPLOYMENT_STEPS.txt","_archive/bell24h-main/QUICK_DEPLOYMENT_STEPS.txt","current-repo","1318","2026-02-25","txt","current-repo-filesystem","_archive/bell24h-main"
1916,"QUICK_DEPLOYMENT_TEST.txt","_archive/bell24h-main/QUICK_DEPLOYMENT_TEST.txt","current-repo","10250","2026-02-25","txt","current-repo-filesystem","_archive/bell24h-main"
1917,"QUICK_DEPLOY_COMMANDS.txt","_archive/bell24h-main/QUICK_DEPLOY_COMMANDS.txt","current-repo","1941","2026-02-25","txt","current-repo-filesystem","_archive/bell24h-main"
1918,"QUICK_DEPLOY_GUIDE.md","_archive/bell24h-main/QUICK_DEPLOY_GUIDE.md","current-repo","3485","2026-02-25","md","current-repo-filesystem","_archive/bell24h-main"
1919,"QUICK_START_PRODUCTION.md","_archive/bell24h-main/QUICK_START_PRODUCTION.md","current-repo","1522","2026-02-25","md","current-repo-filesystem","_archive/bell24h-main"
1920,"railway.env.example","_archive/bell24h-main/railway.env.example","current-repo","436","2026-02-25","example","current-repo-filesystem","_archive/bell24h-main"
1921,"railway.json","_archive/bell24h-main/railway.json","current-repo","186","2026-02-25","json","current-repo-filesystem","_archive/bell24h-main"
1922,"railway.toml","_archive/bell24h-main/railway.toml","current-repo","123","2026-02-25","toml","current-repo-filesystem","_archive/bell24h-main"
1923,"RE-RUN-DEPLOYMENT.md","_archive/bell24h-main/RE-RUN-DEPLOYMENT.md","current-repo","3122","2026-02-25","md","current-repo-filesystem","_archive/bell24h-main"
1924,"README.md","_archive/bell24h-main/README.md","current-repo","871","2026-02-25","md","current-repo-filesystem","_archive/bell24h-main"
1925,"README_DATABASE_ALTERNATIVES.md","_archive/bell24h-main/README_DATABASE_ALTERNATIVES.md","current-repo","2077","2026-02-25","md","current-repo-filesystem","_archive/bell24h-main"
1926,"REMOVE-FROM-HISTORY.ps1","_archive/bell24h-main/REMOVE-FROM-HISTORY.ps1","current-repo","3801","2026-02-25","ps1","current-repo-filesystem","_archive/bell24h-main"
1927,"REMOVE-LARGE-FILES.ps1","_archive/bell24h-main/REMOVE-LARGE-FILES.ps1","current-repo","4422","2026-02-25","ps1","current-repo-filesystem","_archive/bell24h-main"
1928,"REMOVE-NETLIFY-SIMPLE.ps1","_archive/bell24h-main/REMOVE-NETLIFY-SIMPLE.ps1","current-repo","3798","2026-02-25","ps1","current-repo-filesystem","_archive/bell24h-main"
1929,"request_body.json","_archive/bell24h-main/request_body.json","current-repo","75","2026-02-25","json","current-repo-filesystem","_archive/bell24h-main"
1930,"RUN-EMERGENCY-FIX-NOW.sh","_archive/bell24h-main/RUN-EMERGENCY-FIX-NOW.sh","current-repo","2806","2026-02-25","sh","current-repo-filesystem","_archive/bell24h-main"
1931,"audit-pages.cjs","_archive/bell24h-main/scripts/audit-pages.cjs","current-repo","16807","2026-02-25","cjs","current-repo-filesystem","_archive/bell24h-main/scripts"
1932,"backup-vercel-production.cjs","_archive/bell24h-main/scripts/backup-vercel-production.cjs","current-repo","5886","2026-02-25","cjs","current-repo-filesystem","_archive/bell24h-main/scripts"
1933,"backup.cjs","_archive/bell24h-main/scripts/backup.cjs","current-repo","1659","2026-02-25","cjs","current-repo-filesystem","_archive/bell24h-main/scripts"
1934,"create-staging-environment.cjs","_archive/bell24h-main/scripts/create-staging-environment.cjs","current-repo","12073","2026-02-25","cjs","current-repo-filesystem","_archive/bell24h-main/scripts"
1935,"deploy-escrow.cjs","_archive/bell24h-main/scripts/deploy-escrow.cjs","current-repo","4016","2026-02-25","cjs","current-repo-filesystem","_archive/bell24h-main/scripts"
1936,"deploy-production.sh","_archive/bell24h-main/scripts/deploy-production.sh","current-repo","4714","2026-02-25","sh","current-repo-filesystem","_archive/bell24h-main/scripts"
1937,"deploy-safe.cjs","_archive/bell24h-main/scripts/deploy-safe.cjs","current-repo","4182","2026-02-25","cjs","current-repo-filesystem","_archive/bell24h-main/scripts"
1938,"dev-workflow.cjs","_archive/bell24h-main/scripts/dev-workflow.cjs","current-repo","9594","2026-02-25","cjs","current-repo-filesystem","_archive/bell24h-main/scripts"
1939,"migrate-missing-pages.cjs","_archive/bell24h-main/scripts/migrate-missing-pages.cjs","current-repo","11807","2026-02-25","cjs","current-repo-filesystem","_archive/bell24h-main/scripts"
1940,"migration-test.cjs","_archive/bell24h-main/scripts/migration-test.cjs","current-repo","10058","2026-02-25","cjs","current-repo-filesystem","_archive/bell24h-main/scripts"
1941,"protect-files.cjs","_archive/bell24h-main/scripts/protect-files.cjs","current-repo","2847","2026-02-25","cjs","current-repo-filesystem","_archive/bell24h-main/scripts"
1942,"pull-vercel-source.cjs","_archive/bell24h-main/scripts/pull-vercel-source.cjs","current-repo","11328","2026-02-25","cjs","current-repo-filesystem","_archive/bell24h-main/scripts"
1943,"run-fixed-page-validation.cjs","_archive/bell24h-main/scripts/run-fixed-page-validation.cjs","current-repo","9910","2026-02-25","cjs","current-repo-filesystem","_archive/bell24h-main/scripts"
1944,"safe-merge.cjs","_archive/bell24h-main/scripts/safe-merge.cjs","current-repo","13306","2026-02-25","cjs","current-repo-filesystem","_archive/bell24h-main/scripts"
1945,"setup-api-integrations.cjs","_archive/bell24h-main/scripts/setup-api-integrations.cjs","current-repo","19898","2026-02-25","cjs","current-repo-filesystem","_archive/bell24h-main/scripts"
1946,"setup-database.cjs","_archive/bell24h-main/scripts/setup-database.cjs","current-repo","8780","2026-02-25","cjs","current-repo-filesystem","_archive/bell24h-main/scripts"
1947,"setup-env.cjs","_archive/bell24h-main/scripts/setup-env.cjs","current-repo","5970","2026-02-25","cjs","current-repo-filesystem","_archive/bell24h-main/scripts"
1948,"setup-production-db.sh","_archive/bell24h-main/scripts/setup-production-db.sh","current-repo","3358","2026-02-25","sh","current-repo-filesystem","_archive/bell24h-main/scripts"
1949,"setup-vercel-env.sh","_archive/bell24h-main/scripts/setup-vercel-env.sh","current-repo","3762","2026-02-25","sh","current-repo-filesystem","_archive/bell24h-main/scripts"
1950,"test-all-pages.cjs","_archive/bell24h-main/scripts/test-all-pages.cjs","current-repo","7067","2026-02-25","cjs","current-repo-filesystem","_archive/bell24h-main/scripts"
1951,"vercel-import.cjs","_archive/bell24h-main/scripts/vercel-import.cjs","current-repo","9796","2026-02-25","cjs","current-repo-filesystem","_archive/bell24h-main/scripts"
1952,"verify-pages.cjs","_archive/bell24h-main/scripts/verify-pages.cjs","current-repo","8105","2026-02-25","cjs","current-repo-filesystem","_archive/bell24h-main/scripts"
1953,"scripts.json","_archive/bell24h-main/scripts.json","current-repo","93","2026-02-25","json","current-repo-filesystem","_archive/bell24h-main"
1954,"SEO-HERO-SECTION-UPDATE.md","_archive/bell24h-main/SEO-HERO-SECTION-UPDATE.md","current-repo","5735","2026-02-25","md","current-repo-filesystem","_archive/bell24h-main"
1955,".env.example","_archive/bell24h-main/server/.env.example","current-repo","680","2026-02-25","example","current-repo-filesystem","_archive/bell24h-main/server"
1956,".env.test","_archive/bell24h-main/server/.env.test","current-repo","231","2026-02-25","test","current-repo-filesystem","_archive/bell24h-main/server"
1957,"test.spec.cjs","_archive/bell24h-main/server/e2e/test.spec.cjs","current-repo","194","2026-02-25","cjs","current-repo-filesystem","_archive/bell24h-main/server/e2e"
1958,"tsconfig.json","_archive/bell24h-main/server/e2e/tsconfig.json","current-repo","773","2026-02-25","json","current-repo-filesystem","_archive/bell24h-main/server/e2e"
1959,"package-lock.json","_archive/bell24h-main/server/package-lock.json","current-repo","429277","2026-02-25","json","current-repo-filesystem","_archive/bell24h-main/server"
1960,"package.json","_archive/bell24h-main/server/package.json","current-repo","3960","2026-02-25","json","current-repo-filesystem","_archive/bell24h-main/server"
1961,"tsconfig.json","_archive/bell24h-main/server/tsconfig.json","current-repo","374","2026-02-25","json","current-repo-filesystem","_archive/bell24h-main/server"
1962,"tsconfig.test.json","_archive/bell24h-main/server/tsconfig.test.json","current-repo","350","2026-02-25","json","current-repo-filesystem","_archive/bell24h-main/server"
1963,"server-tsconfig.json","_archive/bell24h-main/server-tsconfig.json","current-repo","264","2026-02-25","json","current-repo-filesystem","_archive/bell24h-main"
1964,"setup-github-deploy.ps1","_archive/bell24h-main/setup-github-deploy.ps1","current-repo","2032","2026-02-25","ps1","current-repo-filesystem","_archive/bell24h-main"
1965,"SETUP-GITHUB-SECRET.md","_archive/bell24h-main/SETUP-GITHUB-SECRET.md","current-repo","4196","2026-02-25","md","current-repo-filesystem","_archive/bell24h-main"
1966,"setup-ssl-automated.sh","_archive/bell24h-main/setup-ssl-automated.sh","current-repo","7212","2026-02-25","sh","current-repo-filesystem","_archive/bell24h-main"
1967,"setup-ssl-direct.ps1","_archive/bell24h-main/setup-ssl-direct.ps1","current-repo","9011","2026-02-25","ps1","current-repo-filesystem","_archive/bell24h-main"
1968,"setup-ssl-upload-execute.ps1","_archive/bell24h-main/setup-ssl-upload-execute.ps1","current-repo","3033","2026-02-25","ps1","current-repo-filesystem","_archive/bell24h-main"
1969,"setup-ssl-via-ssh.ps1","_archive/bell24h-main/setup-ssl-via-ssh.ps1","current-repo","2599","2026-02-25","ps1","current-repo-filesystem","_archive/bell24h-main"
1970,"SETUP_COMPLETE.md","_archive/bell24h-main/SETUP_COMPLETE.md","current-repo","5614","2026-02-25","md","current-repo-filesystem","_archive/bell24h-main"
1971,"SIMPLE-DEPLOY-STEPS.md","_archive/bell24h-main/SIMPLE-DEPLOY-STEPS.md","current-repo","7066","2026-02-25","md","current-repo-filesystem","_archive/bell24h-main"
1972,"SIMPLE_DEPLOY_COMMANDS.txt","_archive/bell24h-main/SIMPLE_DEPLOY_COMMANDS.txt","current-repo","897","2026-02-25","txt","current-repo-filesystem","_archive/bell24h-main"
1973,"SITE-IS-LIVE-NEXT-STEPS.md","_archive/bell24h-main/SITE-IS-LIVE-NEXT-STEPS.md","current-repo","6150","2026-02-25","md","current-repo-filesystem","_archive/bell24h-main"
1974,"package.json","_archive/bell24h-main/src/generated/prisma/package.json","current-repo","4219","2026-02-25","json","current-repo-filesystem","_archive/bell24h-main/src/generated/prisma"
1975,"SSL-ACTIVE-CONFIGURE-N8N-ROUTING.md","_archive/bell24h-main/SSL-ACTIVE-CONFIGURE-N8N-ROUTING.md","current-repo","5794","2026-02-25","md","current-repo-filesystem","_archive/bell24h-main"
1976,"SSL-CERTIFICATES-ALREADY-ACTIVE.md","_archive/bell24h-main/SSL-CERTIFICATES-ALREADY-ACTIVE.md","current-repo","3776","2026-02-25","md","current-repo-filesystem","_archive/bell24h-main"
1977,"SSL-CONFIGURED-FIX-CONNECTION.md","_archive/bell24h-main/SSL-CONFIGURED-FIX-CONNECTION.md","current-repo","4945","2026-02-25","md","current-repo-filesystem","_archive/bell24h-main"
1978,"SSL-SETUP-COMMAND.txt","_archive/bell24h-main/SSL-SETUP-COMMAND.txt","current-repo","6735","2026-02-25","txt","current-repo-filesystem","_archive/bell24h-main"
1979,"START-NGINX-VERIFY-CONFIG.md","_archive/bell24h-main/START-NGINX-VERIFY-CONFIG.md","current-repo","5209","2026-02-25","md","current-repo-filesystem","_archive/bell24h-main"
1980,"start_clean_dev.ps1","_archive/bell24h-main/start_clean_dev.ps1","current-repo","2832","2026-02-25","ps1","current-repo-filesystem","_archive/bell24h-main"
1981,"SUPPLIER_PROFILE_FILES_INVENTORY.md","_archive/bell24h-main/SUPPLIER_PROFILE_FILES_INVENTORY.md","current-repo","8660","2026-02-25","md","current-repo-filesystem","_archive/bell24h-main"
1982,"SUPPLIER_PROFILE_IMPLEMENTATION_PLAN.md","_archive/bell24h-main/SUPPLIER_PROFILE_IMPLEMENTATION_PLAN.md","current-repo","13904","2026-02-25","md","current-repo-filesystem","_archive/bell24h-main"
1983,"task-definition.json","_archive/bell24h-main/task-definition.json","current-repo","4324","2026-02-25","json","current-repo-filesystem","_archive/bell24h-main"
1984,"test-bell24h-complete.cjs","_archive/bell24h-main/test-bell24h-complete.cjs","current-repo","13044","2026-02-25","cjs","current-repo-filesystem","_archive/bell24h-main"
1985,"test-final-fixes.cjs","_archive/bell24h-main/test-final-fixes.cjs","current-repo","5768","2026-02-25","cjs","current-repo-filesystem","_archive/bell24h-main"
1986,"test-system-complete.cjs","_archive/bell24h-main/test-system-complete.cjs","current-repo","6141","2026-02-25","cjs","current-repo-filesystem","_archive/bell24h-main"
1987,"TODO-21-25-IMPLEMENTATION-COMPLETE.md","_archive/bell24h-main/TODO-21-25-IMPLEMENTATION-COMPLETE.md","current-repo","5742","2026-02-25","md","current-repo-filesystem","_archive/bell24h-main"
1988,"TODO-21-25-IMPLEMENTATION-PLAN.md","_archive/bell24h-main/TODO-21-25-IMPLEMENTATION-PLAN.md","current-repo","1613","2026-02-25","md","current-repo-filesystem","_archive/bell24h-main"
1989,"TODO-ITEMS-21-25-EXTRACTED.md","_archive/bell24h-main/TODO-ITEMS-21-25-EXTRACTED.md","current-repo","4598","2026-02-25","md","current-repo-filesystem","_archive/bell24h-main"
1990,"train_supplier_model.py","_archive/bell24h-main/train_supplier_model.py","current-repo","1049","2026-02-25","py","current-repo-filesystem","_archive/bell24h-main"
1991,"tsconfig.e2e.json","_archive/bell24h-main/tsconfig.e2e.json","current-repo","186","2026-02-25","json","current-repo-filesystem","_archive/bell24h-main"
1992,"tsconfig.json","_archive/bell24h-main/tsconfig.json","current-repo","840","2026-02-25","json","current-repo-filesystem","_archive/bell24h-main"
1993,"tsconfig.server.json","_archive/bell24h-main/tsconfig.server.json","current-repo","157","2026-02-25","json","current-repo-filesystem","_archive/bell24h-main"
1994,"ULTRA-FAST-MCP-WORKING-REPORT.md","_archive/bell24h-main/ULTRA-FAST-MCP-WORKING-REPORT.md","current-repo","10083","2026-02-25","md","current-repo-filesystem","_archive/bell24h-main"
1995,"update-env.sh","_archive/bell24h-main/update-env.sh","current-repo","1085","2026-02-25","sh","current-repo-filesystem","_archive/bell24h-main"
1996,"USER-DASHBOARD-FEATURES-LIST.md","_archive/bell24h-main/USER-DASHBOARD-FEATURES-LIST.md","current-repo","8092","2026-02-25","md","current-repo-filesystem","_archive/bell24h-main"
1997,"package-lock.json","_archive/bell24h-main/vercel-clean-deploy/package-lock.json","current-repo","826620","2026-02-25","json","current-repo-filesystem","_archive/bell24h-main/vercel-clean-deploy"
1998,"package.json","_archive/bell24h-main/vercel-clean-deploy/package.json","current-repo","6499","2026-02-25","json","current-repo-filesystem","_archive/bell24h-main/vercel-clean-deploy"
1999,"common.json","_archive/bell24h-main/vercel-clean-deploy/public/locales/en/common.json","current-repo","7140","2026-02-25","json","current-repo-filesystem","_archive/bell24h-main/vercel-clean-deploy/public/locales/en"
2000,"temple-bell.mp3.txt","_archive/bell24h-main/vercel-clean-deploy/public/sounds/temple-bell.mp3.txt","current-repo","702","2026-02-25","txt","current-repo-filesystem","_archive/bell24h-main/vercel-clean-deploy/public/sounds"
2001,"tsconfig.json","_archive/bell24h-main/vercel-clean-deploy/tsconfig.json","current-repo","731","2026-02-25","json","current-repo-filesystem","_archive/bell24h-main/vercel-clean-deploy"
2002,"vercel.json","_archive/bell24h-main/vercel-clean-deploy/vercel.json","current-repo","128","2026-02-25","json","current-repo-filesystem","_archive/bell24h-main/vercel-clean-deploy"
2003,"vercel.json","_archive/bell24h-main/vercel.json","current-repo","1653","2026-02-25","json","current-repo-filesystem","_archive/bell24h-main"
2004,"vercel.local.json","_archive/bell24h-main/vercel.local.json","current-repo","3","2026-02-25","json","current-repo-filesystem","_archive/bell24h-main"
2005,"vercel.production.json","_archive/bell24h-main/vercel.production.json","current-repo","1714","2026-02-25","json","current-repo-filesystem","_archive/bell24h-main"
2006,"VERIFY-SITE-STATUS.md","_archive/bell24h-main/VERIFY-SITE-STATUS.md","current-repo","3966","2026-02-25","md","current-repo-filesystem","_archive/bell24h-main"
2007,"WHAT-IS-NEXT.md","_archive/bell24h-main/WHAT-IS-NEXT.md","current-repo","4097","2026-02-25","md","current-repo-filesystem","_archive/bell24h-main"
2008,"wrangler.toml","_archive/bell24h-main/wrangler.toml","current-repo","334","2026-02-25","toml","current-repo-filesystem","_archive/bell24h-main"
2009,"🔥 BELL24h_ One-Page Brutal Truth.pdf","_archive/bell24h-main/🔥 BELL24h_ One-Page Brutal Truth.pdf","current-repo","168986","2026-02-25","pdf","current-repo-filesystem","_archive/bell24h-main"
2010,"🔥 BRUTAL TRUTH_ BELL24h Revenue Reality Check.pdf","_archive/bell24h-main/🔥 BRUTAL TRUTH_ BELL24h Revenue Reality Check.pdf","current-repo","258494","2026-02-25","pdf","current-repo-filesystem","_archive/bell24h-main"
2011,"new-mcp-server.yaml","_archive/bell24h-main (1)/bell24h-main/.continue/mcpServers/new-mcp-server.yaml","current-repo","160","2026-02-25","yaml","current-repo-filesystem","_archive/bell24h-main (1)/bell24h-main/.continue/mcpServers"
2012,"new-mcpServer.yaml","_archive/bell24h-main (1)/bell24h-main/.continue/mcpServers/new-mcpServer.yaml","current-repo","159","2026-02-25","yaml","current-repo-filesystem","_archive/bell24h-main (1)/bell24h-main/.continue/mcpServers"
2013,"new-model.yaml","_archive/bell24h-main (1)/bell24h-main/.continue/models/new-model.yaml","current-repo","220","2026-02-25","yaml","current-repo-filesystem","_archive/bell24h-main (1)/bell24h-main/.continue/models"
2014,"Dockerfile","_archive/bell24h-main (1)/bell24h-main/.cursor/Dockerfile","current-repo","1460","2026-02-25","Dockerfile","current-repo-filesystem","_archive/bell24h-main (1)/bell24h-main/.cursor"
2015,"environment.json","_archive/bell24h-main (1)/bell24h-main/.cursor/environment.json","current-repo","21","2026-02-25","json","current-repo-filesystem","_archive/bell24h-main (1)/bell24h-main/.cursor"
2016,"mcp.json","_archive/bell24h-main (1)/bell24h-main/.cursor/mcp.json","current-repo","1879","2026-02-25","json","current-repo-filesystem","_archive/bell24h-main (1)/bell24h-main/.cursor"
2017,"settings.json","_archive/bell24h-main (1)/bell24h-main/.cursor/settings.json","current-repo","1652","2026-02-25","json","current-repo-filesystem","_archive/bell24h-main (1)/bell24h-main/.cursor"
2018,".env.example","_archive/bell24h-main (1)/bell24h-main/.env.example","current-repo","186","2026-02-25","example","current-repo-filesystem","_archive/bell24h-main (1)/bell24h-main"
2019,".env.local.backup.1756839874707","_archive/bell24h-main (1)/bell24h-main/.env.local.backup.1756839874707","current-repo","99","2026-02-25","1756839874707","current-repo-filesystem","_archive/bell24h-main (1)/bell24h-main"
2020,".env.local.backup.1756844683945","_archive/bell24h-main (1)/bell24h-main/.env.local.backup.1756844683945","current-repo","2132","2026-02-25","1756844683945","current-repo-filesystem","_archive/bell24h-main (1)/bell24h-main"
2021,".env.local.example","_archive/bell24h-main (1)/bell24h-main/.env.local.example","current-repo","356","2026-02-25","example","current-repo-filesystem","_archive/bell24h-main (1)/bell24h-main"
2022,".env.local.txt","_archive/bell24h-main (1)/bell24h-main/.env.local.txt","current-repo","512","2026-02-25","txt","current-repo-filesystem","_archive/bell24h-main (1)/bell24h-main"
2023,".env.neon","_archive/bell24h-main (1)/bell24h-main/.env.neon","current-repo","613","2026-02-25","neon","current-repo-filesystem","_archive/bell24h-main (1)/bell24h-main"
2024,".env.neon.example","_archive/bell24h-main (1)/bell24h-main/.env.neon.example","current-repo","359","2026-02-25","example","current-repo-filesystem","_archive/bell24h-main (1)/bell24h-main"
2025,".env.production.example","_archive/bell24h-main (1)/bell24h-main/.env.production.example","current-repo","238","2026-02-25","example","current-repo-filesystem","_archive/bell24h-main (1)/bell24h-main"
2026,".env.production.protected-backup","_archive/bell24h-main (1)/bell24h-main/.env.production.protected-backup","current-repo","885","2026-02-25","protected-backup","current-repo-filesystem","_archive/bell24h-main (1)/bell24h-main"
2027,".env.production.template","_archive/bell24h-main (1)/bell24h-main/.env.production.template","current-repo","2591","2026-02-25","template","current-repo-filesystem","_archive/bell24h-main (1)/bell24h-main"
2028,".env.staging","_archive/bell24h-main (1)/bell24h-main/.env.staging","current-repo","1015","2026-02-25","staging","current-repo-filesystem","_archive/bell24h-main (1)/bell24h-main"
2029,".env.template","_archive/bell24h-main (1)/bell24h-main/.env.template","current-repo","3433","2026-02-25","template","current-repo-filesystem","_archive/bell24h-main (1)/bell24h-main"
2030,".env.test","_archive/bell24h-main (1)/bell24h-main/.env.test","current-repo","2343","2026-02-25","test","current-repo-filesystem","_archive/bell24h-main (1)/bell24h-main"
2031,".env.windsurf","_archive/bell24h-main (1)/bell24h-main/.env.windsurf","current-repo","943","2026-02-25","windsurf","current-repo-filesystem","_archive/bell24h-main (1)/bell24h-main"
2032,"cypress.yml","_archive/bell24h-main (1)/bell24h-main/.github/workflows/cypress.yml","current-repo","3411","2026-02-25","yml","current-repo-filesystem","_archive/bell24h-main (1)/bell24h-main/.github/workflows"
2033,"deploy.yml","_archive/bell24h-main (1)/bell24h-main/.github/workflows/deploy.yml","current-repo","3281","2026-02-25","yml","current-repo-filesystem","_archive/bell24h-main (1)/bell24h-main/.github/workflows"
2034,"pages.yml","_archive/bell24h-main (1)/bell24h-main/.github/workflows/pages.yml","current-repo","743","2026-02-25","yml","current-repo-filesystem","_archive/bell24h-main (1)/bell24h-main/.github/workflows"
2035,".protected-files-checksums.json","_archive/bell24h-main (1)/bell24h-main/.protected-files-checksums.json","current-repo","535","2026-02-25","json","current-repo-filesystem","_archive/bell24h-main (1)/bell24h-main"
2036,"Complete RFQ Routes, Prisma Baseline, and Deploy.md","_archive/bell24h-main (1)/bell24h-main/.trae/documents/Complete RFQ Routes, Prisma Baseline, and Deploy.md","current-repo","3422","2026-02-25","md","current-repo-filesystem","_archive/bell24h-main (1)/bell24h-main/.trae/documents"
2037,"Server Verification And n8n 502 Fix Over SSH.md","_archive/bell24h-main (1)/bell24h-main/.trae/documents/Server Verification And n8n 502 Fix Over SSH.md","current-repo","3272","2026-02-25","md","current-repo-filesystem","_archive/bell24h-main (1)/bell24h-main/.trae/documents"
2038,".vercel-env-vars.txt","_archive/bell24h-main (1)/bell24h-main/.vercel-env-vars.txt","current-repo","474","2026-02-25","txt","current-repo-filesystem","_archive/bell24h-main (1)/bell24h-main"
2039,".webthinkerrc.json","_archive/bell24h-main (1)/bell24h-main/.webthinkerrc.json","current-repo","970","2026-02-25","json","current-repo-filesystem","_archive/bell24h-main (1)/bell24h-main"
2040,"ADD-DNS-A-RECORDS.md","_archive/bell24h-main (1)/bell24h-main/ADD-DNS-A-RECORDS.md","current-repo","4045","2026-02-25","md","current-repo-filesystem","_archive/bell24h-main (1)/bell24h-main"
2041,"ADMIN-PANEL-COMPREHENSIVE-AUDIT.md","_archive/bell24h-main (1)/bell24h-main/ADMIN-PANEL-COMPREHENSIVE-AUDIT.md","current-repo","15847","2026-02-25","md","current-repo-filesystem","_archive/bell24h-main (1)/bell24h-main"
2042,"Aggressive-Git-Cleanup.ps1","_archive/bell24h-main (1)/bell24h-main/Aggressive-Git-Cleanup.ps1","current-repo","4125","2026-02-25","ps1","current-repo-filesystem","_archive/bell24h-main (1)/bell24h-main"
2043,"docker-compose.yml","_archive/bell24h-main (1)/bell24h-main/ai-explainability-service/docker-compose.yml","current-repo","327","2026-02-25","yml","current-repo-filesystem","_archive/bell24h-main (1)/bell24h-main/ai-explainability-service"
2044,"Dockerfile","_archive/bell24h-main (1)/bell24h-main/ai-explainability-service/Dockerfile","current-repo","456","2026-02-25","Dockerfile","current-repo-filesystem","_archive/bell24h-main (1)/bell24h-main/ai-explainability-service"
2045,"main.py","_archive/bell24h-main (1)/bell24h-main/ai-explainability-service/main.py","current-repo","13398","2026-02-25","py","current-repo-filesystem","_archive/bell24h-main (1)/bell24h-main/ai-explainability-service"
2046,"monitoring.py","_archive/bell24h-main (1)/bell24h-main/ai-explainability-service/monitoring.py","current-repo","1566","2026-02-25","py","current-repo-filesystem","_archive/bell24h-main (1)/bell24h-main/ai-explainability-service"
2047,"requirements.txt","_archive/bell24h-main (1)/bell24h-main/ai-explainability-service/requirements.txt","current-repo","263","2026-02-25","txt","current-repo-filesystem","_archive/bell24h-main (1)/bell24h-main/ai-explainability-service"
2048,"AI-FEATURES-COMPLETE-STATUS.md","_archive/bell24h-main (1)/bell24h-main/AI-FEATURES-COMPLETE-STATUS.md","current-repo","6941","2026-02-25","md","current-repo-filesystem","_archive/bell24h-main (1)/bell24h-main"
2049,"ALL-API-ROUTES-SUMMARY.md","_archive/bell24h-main (1)/bell24h-main/ALL-API-ROUTES-SUMMARY.md","current-repo","5537","2026-02-25","md","current-repo-filesystem","_archive/bell24h-main (1)/bell24h-main"
2050,"API-AI-FEATURES-VERIFICATION.md","_archive/bell24h-main (1)/bell24h-main/API-AI-FEATURES-VERIFICATION.md","current-repo","6432","2026-02-25","md","current-repo-filesystem","_archive/bell24h-main (1)/bell24h-main"
2051,"api-spec.yaml","_archive/bell24h-main (1)/bell24h-main/api-spec.yaml","current-repo","16547","2026-02-25","yaml","current-repo-filesystem","_archive/bell24h-main (1)/bell24h-main"
2052,"package.json","_archive/bell24h-main (1)/bell24h-main/AppData/Roaming/npm/my-project/package.json","current-repo","47","2026-02-25","json","current-repo-filesystem","_archive/bell24h-main (1)/bell24h-main/AppData/Roaming/npm/my-project"
2053,"audit-report-2025-09-02.json","_archive/bell24h-main (1)/bell24h-main/audit-report-2025-09-02.json","current-repo","14867","2026-02-25","json","current-repo-filesystem","_archive/bell24h-main (1)/bell24h-main"
2054,"404-scan-20250801_022036.txt","_archive/bell24h-main (1)/bell24h-main/audit-results/404-scan-20250801_022036.txt","current-repo","2406","2026-02-25","txt","current-repo-filesystem","_archive/bell24h-main (1)/bell24h-main/audit-results"
2055,"auto-deploy-everything.ps1","_archive/bell24h-main (1)/bell24h-main/auto-deploy-everything.ps1","current-repo","5316","2026-02-25","ps1","current-repo-filesystem","_archive/bell24h-main (1)/bell24h-main"
2056,"AUTO-DEPLOY-NOW.ps1","_archive/bell24h-main (1)/bell24h-main/AUTO-DEPLOY-NOW.ps1","current-repo","3228","2026-02-25","ps1","current-repo-filesystem","_archive/bell24h-main (1)/bell24h-main"
2057,"AUTO-DEPLOY-SUMMARY.md","_archive/bell24h-main (1)/bell24h-main/AUTO-DEPLOY-SUMMARY.md","current-repo","3515","2026-02-25","md","current-repo-filesystem","_archive/bell24h-main (1)/bell24h-main"
2058,"auto-execution-config.json","_archive/bell24h-main (1)/bell24h-main/auto-execution-config.json","current-repo","794","2026-02-25","json","current-repo-filesystem","_archive/bell24h-main (1)/bell24h-main"
2059,"auto-fix-502-and-deploy.sh","_archive/bell24h-main (1)/bell24h-main/auto-fix-502-and-deploy.sh","current-repo","7869","2026-02-25","sh","current-repo-filesystem","_archive/bell24h-main (1)/bell24h-main"
2060,"AUTO-VERIFY-SITE.ps1","_archive/bell24h-main (1)/bell24h-main/AUTO-VERIFY-SITE.ps1","current-repo","6542","2026-02-25","ps1","current-repo-filesystem","_archive/bell24h-main (1)/bell24h-main"
2061,"automated-deployment-verification.ps1","_archive/bell24h-main (1)/bell24h-main/automated-deployment-verification.ps1","current-repo","3895","2026-02-25","ps1","current-repo-filesystem","_archive/bell24h-main (1)/bell24h-main"
2062,"AUTO_DEPLOY_FINAL.cjs","_archive/bell24h-main (1)/bell24h-main/AUTO_DEPLOY_FINAL.cjs","current-repo","6107","2026-02-25","cjs","current-repo-filesystem","_archive/bell24h-main (1)/bell24h-main"
2063,"engine.py","_archive/bell24h-main (1)/bell24h-main/backend/app/ab_test/engine.py","current-repo","6528","2026-02-25","py","current-repo-filesystem","_archive/bell24h-main (1)/bell24h-main/backend/app/ab_test"
2064,"engine_prisma.py","_archive/bell24h-main (1)/bell24h-main/backend/app/ab_test/engine_prisma.py","current-repo","3550","2026-02-25","py","current-repo-filesystem","_archive/bell24h-main (1)/bell24h-main/backend/app/ab_test"
2065,"__init__.py","_archive/bell24h-main (1)/bell24h-main/backend/app/ab_test/__init__.py","current-repo","22","2026-02-25","py","current-repo-filesystem","_archive/bell24h-main (1)/bell24h-main/backend/app/ab_test"
2066,"ab_test.py","_archive/bell24h-main (1)/bell24h-main/backend/app/api/admin/ab_test.py","current-repo","214","2026-02-25","py","current-repo-filesystem","_archive/bell24h-main (1)/bell24h-main/backend/app/api/admin"
2067,"tasks.py","_archive/bell24h-main (1)/bell24h-main/backend/app/api/admin/tasks.py","current-repo","602","2026-02-25","py","current-repo-filesystem","_archive/bell24h-main (1)/bell24h-main/backend/app/api/admin"
2068,"__init__.py","_archive/bell24h-main (1)/bell24h-main/backend/app/api/admin/__init__.py","current-repo","20","2026-02-25","py","current-repo-filesystem","_archive/bell24h-main (1)/bell24h-main/backend/app/api/admin"
2069,"ai.py","_archive/bell24h-main (1)/bell24h-main/backend/app/api/endpoints/ai.py","current-repo","1285","2026-02-25","py","current-repo-filesystem","_archive/bell24h-main (1)/bell24h-main/backend/app/api/endpoints"
2070,"__init__.py","_archive/bell24h-main (1)/bell24h-main/backend/app/api/endpoints/__init__.py","current-repo","21","2026-02-25","py","current-repo-filesystem","_archive/bell24h-main (1)/bell24h-main/backend/app/api/endpoints"
2071,"__init__.py","_archive/bell24h-main (1)/bell24h-main/backend/app/api/__init__.py","current-repo","15","2026-02-25","py","current-repo-filesystem","_archive/bell24h-main (1)/bell24h-main/backend/app/api"
2072,"prioritizer.py","_archive/bell24h-main (1)/bell24h-main/backend/app/bug_tracking/prioritizer.py","current-repo","7108","2026-02-25","py","current-repo-filesystem","_archive/bell24h-main (1)/bell24h-main/backend/app/bug_tracking"
2073,"__init__.py","_archive/bell24h-main (1)/bell24h-main/backend/app/bug_tracking/__init__.py","current-repo","23","2026-02-25","py","current-repo-filesystem","_archive/bell24h-main (1)/bell24h-main/backend/app/bug_tracking"
2074,"verify.py","_archive/bell24h-main (1)/bell24h-main/backend/app/claim/verify.py","current-repo","0","2026-02-25","py","current-repo-filesystem","_archive/bell24h-main (1)/bell24h-main/backend/app/claim"
2075,"postgres.py","_archive/bell24h-main (1)/bell24h-main/backend/app/db/postgres.py","current-repo","2617","2026-02-25","py","current-repo-filesystem","_archive/bell24h-main (1)/bell24h-main/backend/app/db"
2076,"scaling.py","_archive/bell24h-main (1)/bell24h-main/backend/app/infrastructure/scaling.py","current-repo","6313","2026-02-25","py","current-repo-filesystem","_archive/bell24h-main (1)/bell24h-main/backend/app/infrastructure"
2077,"__init__.py","_archive/bell24h-main (1)/bell24h-main/backend/app/infrastructure/__init__.py","current-repo","25","2026-02-25","py","current-repo-filesystem","_archive/bell24h-main (1)/bell24h-main/backend/app/infrastructure"
2078,"conversion_dashboard.py","_archive/bell24h-main (1)/bell24h-main/backend/app/monitoring/conversion_dashboard.py","current-repo","1524","2026-02-25","py","current-repo-filesystem","_archive/bell24h-main (1)/bell24h-main/backend/app/monitoring"
2079,"__init__.py","_archive/bell24h-main (1)/bell24h-main/backend/app/monitoring/__init__.py","current-repo","21","2026-02-25","py","current-repo-filesystem","_archive/bell24h-main (1)/bell24h-main/backend/app/monitoring"
2080,"protocol.py","_archive/bell24h-main (1)/bell24h-main/backend/app/post_audit/protocol.py","current-repo","6368","2026-02-25","py","current-repo-filesystem","_archive/bell24h-main (1)/bell24h-main/backend/app/post_audit"
2081,"__init__.py","_archive/bell24h-main (1)/bell24h-main/backend/app/post_audit/__init__.py","current-repo","30","2026-02-25","py","current-repo-filesystem","_archive/bell24h-main (1)/bell24h-main/backend/app/post_audit"
2082,"ai_services.py","_archive/bell24h-main (1)/bell24h-main/backend/app/services/ai_services.py","current-repo","7199","2026-02-25","py","current-repo-filesystem","_archive/bell24h-main (1)/bell24h-main/backend/app/services"
2083,"__init__.py","_archive/bell24h-main (1)/bell24h-main/backend/app/services/__init__.py","current-repo","20","2026-02-25","py","current-repo-filesystem","_archive/bell24h-main (1)/bell24h-main/backend/app/services"
2084,"enhancement_queue.py","_archive/bell24h-main (1)/bell24h-main/backend/app/tasks/enhancement_queue.py","current-repo","7706","2026-02-25","py","current-repo-filesystem","_archive/bell24h-main (1)/bell24h-main/backend/app/tasks"
2085,"__init__.py","_archive/bell24h-main (1)/bell24h-main/backend/app/tasks/__init__.py","current-repo","16","2026-02-25","py","current-repo-filesystem","_archive/bell24h-main (1)/bell24h-main/backend/app/tasks"
2086,"__init__.py","_archive/bell24h-main (1)/bell24h-main/backend/app/__init__.py","current-repo","15","2026-02-25","py","current-repo-filesystem","_archive/bell24h-main (1)/bell24h-main/backend/app"
2087,"deploy.sh","_archive/bell24h-main (1)/bell24h-main/backend/deploy.sh","current-repo","3653","2026-02-25","sh","current-repo-filesystem","_archive/bell24h-main (1)/bell24h-main/backend"
2088,"DEPLOYMENT.md","_archive/bell24h-main (1)/bell24h-main/backend/DEPLOYMENT.md","current-repo","7743","2026-02-25","md","current-repo-filesystem","_archive/bell24h-main (1)/bell24h-main/backend"
2089,"dev_server.py","_archive/bell24h-main (1)/bell24h-main/backend/dev_server.py","current-repo","4599","2026-02-25","py","current-repo-filesystem","_archive/bell24h-main (1)/bell24h-main/backend"
2090,"docker-compose.yml","_archive/bell24h-main (1)/bell24h-main/backend/docker-compose.yml","current-repo","688","2026-02-25","yml","current-repo-filesystem","_archive/bell24h-main (1)/bell24h-main/backend"
2091,"Dockerfile","_archive/bell24h-main (1)/bell24h-main/backend/Dockerfile","current-repo","878","2026-02-25","Dockerfile","current-repo-filesystem","_archive/bell24h-main (1)/bell24h-main/backend"
2092,"N8N_WORKFLOW_SETUP.md","_archive/bell24h-main (1)/bell24h-main/backend/n8n/N8N_WORKFLOW_SETUP.md","current-repo","7098","2026-02-25","md","current-repo-filesystem","_archive/bell24h-main (1)/bell24h-main/backend/n8n"
2093,"README.md","_archive/bell24h-main (1)/bell24h-main/backend/n8n/README.md","current-repo","2544","2026-02-25","md","current-repo-filesystem","_archive/bell24h-main (1)/bell24h-main/backend/n8n"
2094,"test-workflows.sh","_archive/bell24h-main (1)/bell24h-main/backend/n8n/test-workflows.sh","current-repo","4044","2026-02-25","sh","current-repo-filesystem","_archive/bell24h-main (1)/bell24h-main/backend/n8n"
2095,"invite-companies-claim.json","_archive/bell24h-main (1)/bell24h-main/backend/n8n/workflows/invite-companies-claim.json","current-repo","5876","2026-02-25","json","current-repo-filesystem","_archive/bell24h-main (1)/bell24h-main/backend/n8n/workflows"
2096,"marketing-automation.json","_archive/bell24h-main (1)/bell24h-main/backend/n8n/workflows/marketing-automation.json","current-repo","8028","2026-02-25","json","current-repo-filesystem","_archive/bell24h-main (1)/bell24h-main/backend/n8n/workflows"
2097,"rfq-ai-matching.json","_archive/bell24h-main (1)/bell24h-main/backend/n8n/workflows/rfq-ai-matching.json","current-repo","10293","2026-02-25","json","current-repo-filesystem","_archive/bell24h-main (1)/bell24h-main/backend/n8n/workflows"
2098,"PRODUCTION_CHECKLIST.md","_archive/bell24h-main (1)/bell24h-main/backend/PRODUCTION_CHECKLIST.md","current-repo","4445","2026-02-25","md","current-repo-filesystem","_archive/bell24h-main (1)/bell24h-main/backend"
2099,"README.md","_archive/bell24h-main (1)/bell24h-main/backend/README.md","current-repo","3041","2026-02-25","md","current-repo-filesystem","_archive/bell24h-main (1)/bell24h-main/backend"
2100,"requirements.txt","_archive/bell24h-main (1)/bell24h-main/backend/requirements.txt","current-repo","123","2026-02-25","txt","current-repo-filesystem","_archive/bell24h-main (1)/bell24h-main/backend"
2101,"clean_fake_data.py","_archive/bell24h-main (1)/bell24h-main/backend/scripts/clean_fake_data.py","current-repo","3556","2026-02-25","py","current-repo-filesystem","_archive/bell24h-main (1)/bell24h-main/backend/scripts"
2102,"README_POST_AUDIT.md","_archive/bell24h-main (1)/bell24h-main/backend/scripts/README_POST_AUDIT.md","current-repo","3356","2026-02-25","md","current-repo-filesystem","_archive/bell24h-main (1)/bell24h-main/backend/scripts"
2103,"run_post_audit_protocol.py","_archive/bell24h-main (1)/bell24h-main/backend/scripts/run_post_audit_protocol.py","current-repo","590","2026-02-25","py","current-repo-filesystem","_archive/bell24h-main (1)/bell24h-main/backend/scripts"
2104,"train_sample_rfq_model.py","_archive/bell24h-main (1)/bell24h-main/backend/scripts/train_sample_rfq_model.py","current-repo","2197","2026-02-25","py","current-repo-filesystem","_archive/bell24h-main (1)/bell24h-main/backend/scripts"
2105,"test_ai_explain.py","_archive/bell24h-main (1)/bell24h-main/backend/tests/test_ai_explain.py","current-repo","2371","2026-02-25","py","current-repo-filesystem","_archive/bell24h-main (1)/bell24h-main/backend/tests"
2106,"test_ai_service.py","_archive/bell24h-main (1)/bell24h-main/backend/test_ai_service.py","current-repo","981","2026-02-25","py","current-repo-filesystem","_archive/bell24h-main (1)/bell24h-main/backend"
2107,"backup-critical-files.cjs","_archive/bell24h-main (1)/bell24h-main/backup-critical-files.cjs","current-repo","6433","2026-02-25","cjs","current-repo-filesystem","_archive/bell24h-main (1)/bell24h-main"
2108,"BELL24h Bootstrap Risk Audit & Mitigation Report.pdf","_archive/bell24h-main (1)/bell24h-main/BELL24h Bootstrap Risk Audit & Mitigation Report.pdf","current-repo","1490427","2026-02-25","pdf","current-repo-filesystem","_archive/bell24h-main (1)/bell24h-main"
2109,"BELL24H-COMPREHENSIVE-AUDIT-REPORT.md","_archive/bell24h-main (1)/bell24h-main/BELL24H-COMPREHENSIVE-AUDIT-REPORT.md","current-repo","18208","2026-02-25","md","current-repo-filesystem","_archive/bell24h-main (1)/bell24h-main"
2110,"BELL24H-DOCUMENTATION-ENHANCEMENT-AUDIT.md","_archive/bell24h-main (1)/bell24h-main/BELL24H-DOCUMENTATION-ENHANCEMENT-AUDIT.md","current-repo","13424","2026-02-25","md","current-repo-filesystem","_archive/bell24h-main (1)/bell24h-main"
2111,"bell24h_audit_20250726_123214.txt","_archive/bell24h-main (1)/bell24h-main/bell24h_audit_20250726_123214.txt","current-repo","173","2026-02-25","txt","current-repo-filesystem","_archive/bell24h-main (1)/bell24h-main"
2112,"BELL24H_BLOCKCHAIN_DEPLOYMENT_GUIDE.md","_archive/bell24h-main (1)/bell24h-main/BELL24H_BLOCKCHAIN_DEPLOYMENT_GUIDE.md","current-repo","6228","2026-02-25","md","current-repo-filesystem","_archive/bell24h-main (1)/bell24h-main"
2113,"BELL24H_BLOCKCHAIN_IMPLEMENTATION_COMPLETE.md","_archive/bell24h-main (1)/bell24h-main/BELL24H_BLOCKCHAIN_IMPLEMENTATION_COMPLETE.md","current-repo","7634","2026-02-25","md","current-repo-filesystem","_archive/bell24h-main (1)/bell24h-main"
2114,"BELL24H_BLOCKCHAIN_IMPLEMENTATION_PLAN.md","_archive/bell24h-main (1)/bell24h-main/BELL24H_BLOCKCHAIN_IMPLEMENTATION_PLAN.md","current-repo","11498","2026-02-25","md","current-repo-filesystem","_archive/bell24h-main (1)/bell24h-main"
2115,"BELL24H_COMPREHENSIVE_AUDIT.md","_archive/bell24h-main (1)/bell24h-main/BELL24H_COMPREHENSIVE_AUDIT.md","current-repo","12491","2026-02-25","md","current-repo-filesystem","_archive/bell24h-main (1)/bell24h-main"
2116,"BELL24H_COMPREHENSIVE_AUDIT_REPORT.md","_archive/bell24h-main (1)/bell24h-main/BELL24H_COMPREHENSIVE_AUDIT_REPORT.md","current-repo","11104","2026-02-25","md","current-repo-filesystem","_archive/bell24h-main (1)/bell24h-main"
2117,"BELL24H_CURRENT_STATUS.md","_archive/bell24h-main (1)/bell24h-main/BELL24H_CURRENT_STATUS.md","current-repo","6315","2026-02-25","md","current-repo-filesystem","_archive/bell24h-main (1)/bell24h-main"
2118,"BELL24H_DEPLOYMENT_SUCCESS_SUMMARY.md","_archive/bell24h-main (1)/bell24h-main/BELL24H_DEPLOYMENT_SUCCESS_SUMMARY.md","current-repo","8391","2026-02-25","md","current-repo-filesystem","_archive/bell24h-main (1)/bell24h-main"
2119,"BELL24H_EMPIRE_100_PERCENT_COMPLETE.md","_archive/bell24h-main (1)/bell24h-main/BELL24H_EMPIRE_100_PERCENT_COMPLETE.md","current-repo","9677","2026-02-25","md","current-repo-filesystem","_archive/bell24h-main (1)/bell24h-main"
2120,"BELL24H_FEATURES_COMPLETION_TABLE.md","_archive/bell24h-main (1)/bell24h-main/BELL24H_FEATURES_COMPLETION_TABLE.md","current-repo","31590","2026-02-25","md","current-repo-filesystem","_archive/bell24h-main (1)/bell24h-main"
2121,"BELL24H_LAUNCH_READY_COMPLETE.md","_archive/bell24h-main (1)/bell24h-main/BELL24H_LAUNCH_READY_COMPLETE.md","current-repo","6872","2026-02-25","md","current-repo-filesystem","_archive/bell24h-main (1)/bell24h-main"
2122,"BELL24H_MARKETING_CAMPAIGN_LAUNCH.md","_archive/bell24h-main (1)/bell24h-main/BELL24H_MARKETING_CAMPAIGN_LAUNCH.md","current-repo","5177","2026-02-25","md","current-repo-filesystem","_archive/bell24h-main (1)/bell24h-main"
2123,"BELL24H_PLANNED_VS_IMPLEMENTED_FEATURES.md","_archive/bell24h-main (1)/bell24h-main/BELL24H_PLANNED_VS_IMPLEMENTED_FEATURES.md","current-repo","11966","2026-02-25","md","current-repo-filesystem","_archive/bell24h-main (1)/bell24h-main"
2124,"BRANDING-NAVIGATION-AUDIT-REPORT.md","_archive/bell24h-main (1)/bell24h-main/BRANDING-NAVIGATION-AUDIT-REPORT.md","current-repo","11535","2026-02-25","md","current-repo-filesystem","_archive/bell24h-main (1)/bell24h-main"
2125,"BRUTAL_FIX_SETUP.md","_archive/bell24h-main (1)/bell24h-main/BRUTAL_FIX_SETUP.md","current-repo","3096","2026-02-25","md","current-repo-filesystem","_archive/bell24h-main (1)/bell24h-main"
2126,"build_spec.yaml","_archive/bell24h-main (1)/bell24h-main/build_spec.yaml","current-repo","655","2026-02-25","yaml","current-repo-filesystem","_archive/bell24h-main (1)/bell24h-main"
2127,"BUILD_STABILIZATION_TODO.md","_archive/bell24h-main (1)/bell24h-main/BUILD_STABILIZATION_TODO.md","current-repo","341","2026-02-25","md","current-repo-filesystem","_archive/bell24h-main (1)/bell24h-main"
2128,"CATEGORIES_SOLUTION.md","_archive/bell24h-main (1)/bell24h-main/CATEGORIES_SOLUTION.md","current-repo","3052","2026-02-25","md","current-repo-filesystem","_archive/bell24h-main (1)/bell24h-main"
2129,"CHECK-BUILD-ON-VM.md","_archive/bell24h-main (1)/bell24h-main/CHECK-BUILD-ON-VM.md","current-repo","1266","2026-02-25","md","current-repo-filesystem","_archive/bell24h-main (1)/bell24h-main"
2130,"check-build-via-ssh.ps1","_archive/bell24h-main (1)/bell24h-main/check-build-via-ssh.ps1","current-repo","1786","2026-02-25","ps1","current-repo-filesystem","_archive/bell24h-main (1)/bell24h-main"
2131,"CHECK-DOCKER-BUILD-PROGRESS.sh","_archive/bell24h-main (1)/bell24h-main/CHECK-DOCKER-BUILD-PROGRESS.sh","current-repo","1777","2026-02-25","sh","current-repo-filesystem","_archive/bell24h-main (1)/bell24h-main"
2132,".env.local.txt","_archive/bell24h-main (1)/bell24h-main/client/.env.local.txt","current-repo","512","2026-02-25","txt","current-repo-filesystem","_archive/bell24h-main (1)/bell24h-main/client"
2133,".eslintrc.json","_archive/bell24h-main (1)/bell24h-main/client/.eslintrc.json","current-repo","455","2026-02-25","json","current-repo-filesystem","_archive/bell24h-main (1)/bell24h-main/client"
2134,"auto-categories.yml","_archive/bell24h-main (1)/bell24h-main/client/.github/workflows/auto-categories.yml","current-repo","4595","2026-02-25","yml","current-repo-filesystem","_archive/bell24h-main (1)/bell24h-main/client/.github/workflows"
2135,"auto-deploy.yml","_archive/bell24h-main (1)/bell24h-main/client/.github/workflows/auto-deploy.yml","current-repo","6976","2026-02-25","yml","current-repo-filesystem","_archive/bell24h-main (1)/bell24h-main/client/.github/workflows"
2136,"ci.yml","_archive/bell24h-main (1)/bell24h-main/client/.github/workflows/ci.yml","current-repo","3128","2026-02-25","yml","current-repo-filesystem","_archive/bell24h-main (1)/bell24h-main/client/.github/workflows"
2137,"deploy-bell24h.yml","_archive/bell24h-main (1)/bell24h-main/client/.github/workflows/deploy-bell24h.yml","current-repo","7402","2026-02-25","yml","current-repo-filesystem","_archive/bell24h-main (1)/bell24h-main/client/.github/workflows"
2138,"AI_FEATURES_ANALYSIS.md","_archive/bell24h-main (1)/bell24h-main/client/AI_FEATURES_ANALYSIS.md","current-repo","4621","2026-02-25","md","current-repo-filesystem","_archive/bell24h-main (1)/bell24h-main/client"
2139,"API_TESTING_GUIDE.md","_archive/bell24h-main (1)/bell24h-main/client/API_TESTING_GUIDE.md","current-repo","3745","2026-02-25","md","current-repo-filesystem","_archive/bell24h-main (1)/bell24h-main/client"
2140,"ARCHITECTURE_ANALYSIS.md","_archive/bell24h-main (1)/bell24h-main/client/ARCHITECTURE_ANALYSIS.md","current-repo","6507","2026-02-25","md","current-repo-filesystem","_archive/bell24h-main (1)/bell24h-main/client"
2141,"AUTOMATED_DEPLOYMENT_GUIDE.md","_archive/bell24h-main (1)/bell24h-main/client/AUTOMATED_DEPLOYMENT_GUIDE.md","current-repo","8798","2026-02-25","md","current-repo-filesystem","_archive/bell24h-main (1)/bell24h-main/client"
2142,"package-lock.json","_archive/bell24h-main (1)/bell24h-main/client/blockchain/package-lock.json","current-repo","251027","2026-02-25","json","current-repo-filesystem","_archive/bell24h-main (1)/bell24h-main/client/blockchain"
2143,"package.json","_archive/bell24h-main (1)/bell24h-main/client/blockchain/package.json","current-repo","965","2026-02-25","json","current-repo-filesystem","_archive/bell24h-main (1)/bell24h-main/client/blockchain"
2144,"check-tables.sql","_archive/bell24h-main (1)/bell24h-main/client/check-tables.sql","current-repo","77","2026-02-25","sql","current-repo-filesystem","_archive/bell24h-main (1)/bell24h-main/client"
2145,"CLOUDFLARE_NAMESERVERS.txt","_archive/bell24h-main (1)/bell24h-main/client/CLOUDFLARE_NAMESERVERS.txt","current-repo","703","2026-02-25","txt","current-repo-filesystem","_archive/bell24h-main (1)/bell24h-main/client"
2146,"COMPREHENSIVE_AUDIT.md","_archive/bell24h-main (1)/bell24h-main/client/COMPREHENSIVE_AUDIT.md","current-repo","11344","2026-02-25","md","current-repo-filesystem","_archive/bell24h-main (1)/bell24h-main/client"
2147,"COMPREHENSIVE_SETUP_README.md","_archive/bell24h-main (1)/bell24h-main/client/COMPREHENSIVE_SETUP_README.md","current-repo","9997","2026-02-25","md","current-repo-filesystem","_archive/bell24h-main (1)/bell24h-main/client"
2148,"README.md","_archive/bell24h-main (1)/bell24h-main/client/cypress/README.md","current-repo","4640","2026-02-25","md","current-repo-filesystem","_archive/bell24h-main (1)/bell24h-main/client/cypress"
2149,"deploy-fly.ps1","_archive/bell24h-main (1)/bell24h-main/client/deploy-fly.ps1","current-repo","6261","2026-02-25","ps1","current-repo-filesystem","_archive/bell24h-main (1)/bell24h-main/client"
2150,"deploy-to-vercel.ps1","_archive/bell24h-main (1)/bell24h-main/client/deploy-to-vercel.ps1","current-repo","963","2026-02-25","ps1","current-repo-filesystem","_archive/bell24h-main (1)/bell24h-main/client"
2151,"deploy.ps1","_archive/bell24h-main (1)/bell24h-main/client/deploy.ps1","current-repo","641","2026-02-25","ps1","current-repo-filesystem","_archive/bell24h-main (1)/bell24h-main/client"
2152,"deploy.sh","_archive/bell24h-main (1)/bell24h-main/client/deploy.sh","current-repo","444","2026-02-25","sh","current-repo-filesystem","_archive/bell24h-main (1)/bell24h-main/client"
2153,"docker-compose.production.yml","_archive/bell24h-main (1)/bell24h-main/client/deployment/docker-compose.production.yml","current-repo","4164","2026-02-25","yml","current-repo-filesystem","_archive/bell24h-main (1)/bell24h-main/client/deployment"
2154,"deployment-sepolia-1750821000242.json","_archive/bell24h-main (1)/bell24h-main/client/deployments/deployment-sepolia-1750821000242.json","current-repo","1795","2026-02-25","json","current-repo-filesystem","_archive/bell24h-main (1)/bell24h-main/client/deployments"
2155,"deployment-sepolia-1750821000382.json","_archive/bell24h-main (1)/bell24h-main/client/deployments/deployment-sepolia-1750821000382.json","current-repo","1795","2026-02-25","json","current-repo-filesystem","_archive/bell24h-main (1)/bell24h-main/client/deployments"
2156,"deployment-sepolia-1750821063711.json","_archive/bell24h-main (1)/bell24h-main/client/deployments/deployment-sepolia-1750821063711.json","current-repo","534","2026-02-25","json","current-repo-filesystem","_archive/bell24h-main (1)/bell24h-main/client/deployments"
2157,"deployment-sepolia-1750821063886.json","_archive/bell24h-main (1)/bell24h-main/client/deployments/deployment-sepolia-1750821063886.json","current-repo","534","2026-02-25","json","current-repo-filesystem","_archive/bell24h-main (1)/bell24h-main/client/deployments"
2158,"deployment-sepolia-1750873878414.json","_archive/bell24h-main (1)/bell24h-main/client/deployments/deployment-sepolia-1750873878414.json","current-repo","534","2026-02-25","json","current-repo-filesystem","_archive/bell24h-main (1)/bell24h-main/client/deployments"
2159,"deployment-sepolia-1750873878506.json","_archive/bell24h-main (1)/bell24h-main/client/deployments/deployment-sepolia-1750873878506.json","current-repo","534","2026-02-25","json","current-repo-filesystem","_archive/bell24h-main (1)/bell24h-main/client/deployments"
2160,"deployment-sepolia-1750874902251.json","_archive/bell24h-main (1)/bell24h-main/client/deployments/deployment-sepolia-1750874902251.json","current-repo","534","2026-02-25","json","current-repo-filesystem","_archive/bell24h-main (1)/bell24h-main/client/deployments"
2161,"deployment-sepolia-1750874902415.json","_archive/bell24h-main (1)/bell24h-main/client/deployments/deployment-sepolia-1750874902415.json","current-repo","534","2026-02-25","json","current-repo-filesystem","_archive/bell24h-main (1)/bell24h-main/client/deployments"
2162,"deployment-sepolia-1751339466284.json","_archive/bell24h-main (1)/bell24h-main/client/deployments/deployment-sepolia-1751339466284.json","current-repo","534","2026-02-25","json","current-repo-filesystem","_archive/bell24h-main (1)/bell24h-main/client/deployments"
2163,"deployment-sepolia-1751339466399.json","_archive/bell24h-main (1)/bell24h-main/client/deployments/deployment-sepolia-1751339466399.json","current-repo","534","2026-02-25","json","current-repo-filesystem","_archive/bell24h-main (1)/bell24h-main/client/deployments"
2164,"deployment-sepolia-1754075911920.json","_archive/bell24h-main (1)/bell24h-main/client/deployments/deployment-sepolia-1754075911920.json","current-repo","533","2026-02-25","json","current-repo-filesystem","_archive/bell24h-main (1)/bell24h-main/client/deployments"
2165,"deployment-sepolia-1754075912202.json","_archive/bell24h-main (1)/bell24h-main/client/deployments/deployment-sepolia-1754075912202.json","current-repo","533","2026-02-25","json","current-repo-filesystem","_archive/bell24h-main (1)/bell24h-main/client/deployments"
2166,"deployment-sepolia-1754076005060.json","_archive/bell24h-main (1)/bell24h-main/client/deployments/deployment-sepolia-1754076005060.json","current-repo","533","2026-02-25","json","current-repo-filesystem","_archive/bell24h-main (1)/bell24h-main/client/deployments"
2167,"deployment-sepolia-1754076005378.json","_archive/bell24h-main (1)/bell24h-main/client/deployments/deployment-sepolia-1754076005378.json","current-repo","533","2026-02-25","json","current-repo-filesystem","_archive/bell24h-main (1)/bell24h-main/client/deployments"
2168,"DEPLOYMENT_GUIDE.md","_archive/bell24h-main (1)/bell24h-main/client/DEPLOYMENT_GUIDE.md","current-repo","8222","2026-02-25","md","current-repo-filesystem","_archive/bell24h-main (1)/bell24h-main/client"
2169,"DEPLOYMENT_STATUS_UPDATE.md","_archive/bell24h-main (1)/bell24h-main/client/DEPLOYMENT_STATUS_UPDATE.md","current-repo","3685","2026-02-25","md","current-repo-filesystem","_archive/bell24h-main (1)/bell24h-main/client"
2170,"DEPLOYMENT_VERIFICATION_REPORT.md","_archive/bell24h-main (1)/bell24h-main/client/DEPLOYMENT_VERIFICATION_REPORT.md","current-repo","3692","2026-02-25","md","current-repo-filesystem","_archive/bell24h-main (1)/bell24h-main/client"
2171,"DNS_SETUP_GUIDE.txt","_archive/bell24h-main (1)/bell24h-main/client/DNS_SETUP_GUIDE.txt","current-repo","741","2026-02-25","txt","current-repo-filesystem","_archive/bell24h-main (1)/bell24h-main/client"
2172,"docker-compose.n8n.yml","_archive/bell24h-main (1)/bell24h-main/client/docker-compose.n8n.yml","current-repo","3004","2026-02-25","yml","current-repo-filesystem","_archive/bell24h-main (1)/bell24h-main/client"
2173,"docker-compose.yml","_archive/bell24h-main (1)/bell24h-main/client/docker-compose.yml","current-repo","4237","2026-02-25","yml","current-repo-filesystem","_archive/bell24h-main (1)/bell24h-main/client"
2174,"Dockerfile","_archive/bell24h-main (1)/bell24h-main/client/Dockerfile","current-repo","1831","2026-02-25","Dockerfile","current-repo-filesystem","_archive/bell24h-main (1)/bell24h-main/client"
2175,"Dockerfile.n8n","_archive/bell24h-main (1)/bell24h-main/client/Dockerfile.n8n","current-repo","798","2026-02-25","n8n","current-repo-filesystem","_archive/bell24h-main (1)/bell24h-main/client"
2176,"EMERGENCY_VERCEL_FIX.md","_archive/bell24h-main (1)/bell24h-main/client/EMERGENCY_VERCEL_FIX.md","current-repo","2016","2026-02-25","md","current-repo-filesystem","_archive/bell24h-main (1)/bell24h-main/client"
2177,"env-example.txt","_archive/bell24h-main (1)/bell24h-main/client/env-example.txt","current-repo","466","2026-02-25","txt","current-repo-filesystem","_archive/bell24h-main (1)/bell24h-main/client"
2178,"FINAL_DOMAIN_SETUP.txt","_archive/bell24h-main (1)/bell24h-main/client/FINAL_DOMAIN_SETUP.txt","current-repo","980","2026-02-25","txt","current-repo-filesystem","_archive/bell24h-main (1)/bell24h-main/client"
2179,"FINAL_LAUNCH_SQL.sql","_archive/bell24h-main (1)/bell24h-main/client/FINAL_LAUNCH_SQL.sql","current-repo","1485","2026-02-25","sql","current-repo-filesystem","_archive/bell24h-main (1)/bell24h-main/client"
2180,"FINAL_STATUS_REPORT.md","_archive/bell24h-main (1)/bell24h-main/client/FINAL_STATUS_REPORT.md","current-repo","4127","2026-02-25","md","current-repo-filesystem","_archive/bell24h-main (1)/bell24h-main/client"
2181,"FIXES_COMPLETE.md","_archive/bell24h-main (1)/bell24h-main/client/FIXES_COMPLETE.md","current-repo","3810","2026-02-25","md","current-repo-filesystem","_archive/bell24h-main (1)/bell24h-main/client"
2182,"FLY-DEPLOYMENT-GUIDE.md","_archive/bell24h-main (1)/bell24h-main/client/FLY-DEPLOYMENT-GUIDE.md","current-repo","4371","2026-02-25","md","current-repo-filesystem","_archive/bell24h-main (1)/bell24h-main/client"
2183,"fly.toml","_archive/bell24h-main (1)/bell24h-main/client/fly.toml","current-repo","487","2026-02-25","toml","current-repo-filesystem","_archive/bell24h-main (1)/bell24h-main/client"
2184,"HOMEPAGE_COMPLETE_STATUS.md","_archive/bell24h-main (1)/bell24h-main/client/HOMEPAGE_COMPLETE_STATUS.md","current-repo","5409","2026-02-25","md","current-repo-filesystem","_archive/bell24h-main (1)/bell24h-main/client"
2185,"HOW_TO_RUN.txt","_archive/bell24h-main (1)/bell24h-main/client/HOW_TO_RUN.txt","current-repo","2097","2026-02-25","txt","current-repo-filesystem","_archive/bell24h-main (1)/bell24h-main/client"
2186,"lighthouse-mobile-baseline.json","_archive/bell24h-main (1)/bell24h-main/client/lighthouse-mobile-baseline.json","current-repo","762722","2026-02-25","json","current-repo-filesystem","_archive/bell24h-main (1)/bell24h-main/client"
2187,"lighthouse-report.json","_archive/bell24h-main (1)/bell24h-main/client/lighthouse-report.json","current-repo","799375","2026-02-25","json","current-repo-filesystem","_archive/bell24h-main (1)/bell24h-main/client"
2188,"LIVE_WEBSITE_VERIFICATION.md","_archive/bell24h-main (1)/bell24h-main/client/LIVE_WEBSITE_VERIFICATION.md","current-repo","3455","2026-02-25","md","current-repo-filesystem","_archive/bell24h-main (1)/bell24h-main/client"
2189,"MIGRATION_PLAN.md","_archive/bell24h-main (1)/bell24h-main/client/MIGRATION_PLAN.md","current-repo","7403","2026-02-25","md","current-repo-filesystem","_archive/bell24h-main (1)/bell24h-main/client"
2190,"neon-config.json","_archive/bell24h-main (1)/bell24h-main/client/neon-config.json","current-repo","4269","2026-02-25","json","current-repo-filesystem","_archive/bell24h-main (1)/bell24h-main/client"
2191,"ONBOARDING_FIX_GUIDE.md","_archive/bell24h-main (1)/bell24h-main/client/ONBOARDING_FIX_GUIDE.md","current-repo","1522","2026-02-25","md","current-repo-filesystem","_archive/bell24h-main (1)/bell24h-main/client"
2192,"openai_key.txt","_archive/bell24h-main (1)/bell24h-main/client/openai_key.txt","current-repo","364","2026-02-25","txt","current-repo-filesystem","_archive/bell24h-main (1)/bell24h-main/client"
2193,"deploy.sh","_archive/bell24h-main (1)/bell24h-main/client/oracle-deployment/core-api/deploy.sh","current-repo","1810","2026-02-25","sh","current-repo-filesystem","_archive/bell24h-main (1)/bell24h-main/client/oracle-deployment/core-api"
2194,"package.json","_archive/bell24h-main (1)/bell24h-main/client/oracle-deployment/core-api/package.json","current-repo","674","2026-02-25","json","current-repo-filesystem","_archive/bell24h-main (1)/bell24h-main/client/oracle-deployment/core-api"
2195,"deploy-all.sh","_archive/bell24h-main (1)/bell24h-main/client/oracle-deployment/deploy-all.sh","current-repo","5322","2026-02-25","sh","current-repo-filesystem","_archive/bell24h-main (1)/bell24h-main/client/oracle-deployment"
2196,"deploy.sh","_archive/bell24h-main (1)/bell24h-main/client/oracle-deployment/ml-service/deploy.sh","current-repo","1792","2026-02-25","sh","current-repo-filesystem","_archive/bell24h-main (1)/bell24h-main/client/oracle-deployment/ml-service"
2197,"main.py","_archive/bell24h-main (1)/bell24h-main/client/oracle-deployment/ml-service/main.py","current-repo","11630","2026-02-25","py","current-repo-filesystem","_archive/bell24h-main (1)/bell24h-main/client/oracle-deployment/ml-service"
2198,"requirements.txt","_archive/bell24h-main (1)/bell24h-main/client/oracle-deployment/ml-service/requirements.txt","current-repo","154","2026-02-25","txt","current-repo-filesystem","_archive/bell24h-main (1)/bell24h-main/client/oracle-deployment/ml-service"
2199,"README.md","_archive/bell24h-main (1)/bell24h-main/client/oracle-deployment/README.md","current-repo","8698","2026-02-25","md","current-repo-filesystem","_archive/bell24h-main (1)/bell24h-main/client/oracle-deployment"
2200,"package-lock.json","_archive/bell24h-main (1)/bell24h-main/client/package-lock.json","current-repo","471430","2026-02-25","json","current-repo-filesystem","_archive/bell24h-main (1)/bell24h-main/client"
2201,"package.json","_archive/bell24h-main (1)/bell24h-main/client/package.json","current-repo","4743","2026-02-25","json","current-repo-filesystem","_archive/bell24h-main (1)/bell24h-main/client"
2202,"PERFORMANCE_OPTIMIZATION.md","_archive/bell24h-main (1)/bell24h-main/client/PERFORMANCE_OPTIMIZATION.md","current-repo","5678","2026-02-25","md","current-repo-filesystem","_archive/bell24h-main (1)/bell24h-main/client"
2203,"PERFORMANCE_ROUTE_FIX_SUMMARY.md","_archive/bell24h-main (1)/bell24h-main/client/PERFORMANCE_ROUTE_FIX_SUMMARY.md","current-repo","4616","2026-02-25","md","current-repo-filesystem","_archive/bell24h-main (1)/bell24h-main/client"
2204,"PRISMA_CASING_FIX_SUMMARY.md","_archive/bell24h-main (1)/bell24h-main/client/PRISMA_CASING_FIX_SUMMARY.md","current-repo","5370","2026-02-25","md","current-repo-filesystem","_archive/bell24h-main (1)/bell24h-main/client"
2205,"production.env.template","_archive/bell24h-main (1)/bell24h-main/client/production.env.template","current-repo","2201","2026-02-25","template","current-repo-filesystem","_archive/bell24h-main (1)/bell24h-main/client"
2206,"common.json","_archive/bell24h-main (1)/bell24h-main/client/public/locales/hi/common.json","current-repo","768","2026-02-25","json","current-repo-filesystem","_archive/bell24h-main (1)/bell24h-main/client/public/locales/hi"
2207,"dashboard.json","_archive/bell24h-main (1)/bell24h-main/client/public/locales/hi/dashboard.json","current-repo","490","2026-02-25","json","current-repo-filesystem","_archive/bell24h-main (1)/bell24h-main/client/public/locales/hi"
2208,"manifest.json","_archive/bell24h-main (1)/bell24h-main/client/public/manifest.json","current-repo","4323","2026-02-25","json","current-repo-filesystem","_archive/bell24h-main (1)/bell24h-main/client/public"
2209,"robots.txt","_archive/bell24h-main (1)/bell24h-main/client/public/robots.txt","current-repo","1377","2026-02-25","txt","current-repo-filesystem","_archive/bell24h-main (1)/bell24h-main/client/public"
2210,"QUICK_FIX_SUMMARY.md","_archive/bell24h-main (1)/bell24h-main/client/QUICK_FIX_SUMMARY.md","current-repo","1898","2026-02-25","md","current-repo-filesystem","_archive/bell24h-main (1)/bell24h-main/client"
2211,"railway.env.example","_archive/bell24h-main (1)/bell24h-main/client/railway.env.example","current-repo","373","2026-02-25","example","current-repo-filesystem","_archive/bell24h-main (1)/bell24h-main/client"
2212,"railway.json","_archive/bell24h-main (1)/bell24h-main/client/railway.json","current-repo","332","2026-02-25","json","current-repo-filesystem","_archive/bell24h-main (1)/bell24h-main/client"
2213,"RETURNS_ARRAY_FIX_SUMMARY.md","_archive/bell24h-main (1)/bell24h-main/client/RETURNS_ARRAY_FIX_SUMMARY.md","current-repo","9008","2026-02-25","md","current-repo-filesystem","_archive/bell24h-main (1)/bell24h-main/client"
2214,"RISKMETRICS_FIX_SUMMARY.md","_archive/bell24h-main (1)/bell24h-main/client/RISKMETRICS_FIX_SUMMARY.md","current-repo","8073","2026-02-25","md","current-repo-filesystem","_archive/bell24h-main (1)/bell24h-main/client"
2215,"run-comprehensive-setup.ps1","_archive/bell24h-main (1)/bell24h-main/client/run-comprehensive-setup.ps1","current-repo","974","2026-02-25","ps1","current-repo-filesystem","_archive/bell24h-main (1)/bell24h-main/client"
2216,"bulk-directory-submit.py","_archive/bell24h-main (1)/bell24h-main/client/scripts/bulk-directory-submit.py","current-repo","16684","2026-02-25","py","current-repo-filesystem","_archive/bell24h-main (1)/bell24h-main/client/scripts"
2217,"deploy-n8n-cloud.sh","_archive/bell24h-main (1)/bell24h-main/client/scripts/deploy-n8n-cloud.sh","current-repo","8654","2026-02-25","sh","current-repo-filesystem","_archive/bell24h-main (1)/bell24h-main/client/scripts"
2218,"deploy-n8n-production.sh","_archive/bell24h-main (1)/bell24h-main/client/scripts/deploy-n8n-production.sh","current-repo","6156","2026-02-25","sh","current-repo-filesystem","_archive/bell24h-main (1)/bell24h-main/client/scripts"
2219,"generate_categories.py","_archive/bell24h-main (1)/bell24h-main/client/scripts/generate_categories.py","current-repo","15368","2026-02-25","py","current-repo-filesystem","_archive/bell24h-main (1)/bell24h-main/client/scripts"
2220,"security-audit.json","_archive/bell24h-main (1)/bell24h-main/client/security-audit.json","current-repo","15816","2026-02-25","json","current-repo-filesystem","_archive/bell24h-main (1)/bell24h-main/client"
2221,"SENTIMENT_FIX_SUMMARY.md","_archive/bell24h-main (1)/bell24h-main/client/SENTIMENT_FIX_SUMMARY.md","current-repo","7982","2026-02-25","md","current-repo-filesystem","_archive/bell24h-main (1)/bell24h-main/client"
2222,"STATUS_REPORT.md","_archive/bell24h-main (1)/bell24h-main/client/STATUS_REPORT.md","current-repo","5194","2026-02-25","md","current-repo-filesystem","_archive/bell24h-main (1)/bell24h-main/client"
2223,"STOCK_DATA_FIX_SUMMARY.md","_archive/bell24h-main (1)/bell24h-main/client/STOCK_DATA_FIX_SUMMARY.md","current-repo","6476","2026-02-25","md","current-repo-filesystem","_archive/bell24h-main (1)/bell24h-main/client"
2224,"supabase-schema.sql","_archive/bell24h-main (1)/bell24h-main/client/supabase-schema.sql","current-repo","1566","2026-02-25","sql","current-repo-filesystem","_archive/bell24h-main (1)/bell24h-main/client"
2225,"test-apis.ps1","_archive/bell24h-main (1)/bell24h-main/client/test-apis.ps1","current-repo","2634","2026-02-25","ps1","current-repo-filesystem","_archive/bell24h-main (1)/bell24h-main/client"
2226,"test-build.ps1","_archive/bell24h-main (1)/bell24h-main/client/test-build.ps1","current-repo","448","2026-02-25","ps1","current-repo-filesystem","_archive/bell24h-main (1)/bell24h-main/client"
2227,"test-website.ps1","_archive/bell24h-main (1)/bell24h-main/client/test-website.ps1","current-repo","2158","2026-02-25","ps1","current-repo-filesystem","_archive/bell24h-main (1)/bell24h-main/client"
2228,"THEME_UPDATE_COMPLETE.md","_archive/bell24h-main (1)/bell24h-main/client/THEME_UPDATE_COMPLETE.md","current-repo","3353","2026-02-25","md","current-repo-filesystem","_archive/bell24h-main (1)/bell24h-main/client"
2229,"tsconfig.json","_archive/bell24h-main (1)/bell24h-main/client/tsconfig.json","current-repo","1106","2026-02-25","json","current-repo-filesystem","_archive/bell24h-main (1)/bell24h-main/client"
2230,"TYPESCRIPT_FIXES_SUMMARY.md","_archive/bell24h-main (1)/bell24h-main/client/TYPESCRIPT_FIXES_SUMMARY.md","current-repo","2729","2026-02-25","md","current-repo-filesystem","_archive/bell24h-main (1)/bell24h-main/client"
2231,"TYPE_MISMATCH_FIX_SUMMARY.md","_archive/bell24h-main (1)/bell24h-main/client/TYPE_MISMATCH_FIX_SUMMARY.md","current-repo","7452","2026-02-25","md","current-repo-filesystem","_archive/bell24h-main (1)/bell24h-main/client"
2232,"UPDATE_NAMESERVERS.txt","_archive/bell24h-main (1)/bell24h-main/client/UPDATE_NAMESERVERS.txt","current-repo","856","2026-02-25","txt","current-repo-filesystem","_archive/bell24h-main (1)/bell24h-main/client"
2233,"user_profiles_schema.sql","_archive/bell24h-main (1)/bell24h-main/client/user_profiles_schema.sql","current-repo","2319","2026-02-25","sql","current-repo-filesystem","_archive/bell24h-main (1)/bell24h-main/client"
2234,"VERCEL-ENVIRONMENT-SETUP.md","_archive/bell24h-main (1)/bell24h-main/client/VERCEL-ENVIRONMENT-SETUP.md","current-repo","3697","2026-02-25","md","current-repo-filesystem","_archive/bell24h-main (1)/bell24h-main/client"
2235,"vercel.json","_archive/bell24h-main (1)/bell24h-main/client/vercel.json","current-repo","147","2026-02-25","json","current-repo-filesystem","_archive/bell24h-main (1)/bell24h-main/client"
2236,"VERCEL_BUILD_FIX_SUMMARY.md","_archive/bell24h-main (1)/bell24h-main/client/VERCEL_BUILD_FIX_SUMMARY.md","current-repo","1655","2026-02-25","md","current-repo-filesystem","_archive/bell24h-main (1)/bell24h-main/client"
2237,"VIDEO_RFQ_FIXED.txt","_archive/bell24h-main (1)/bell24h-main/client/VIDEO_RFQ_FIXED.txt","current-repo","3262","2026-02-25","txt","current-repo-filesystem","_archive/bell24h-main (1)/bell24h-main/client"
2238,"VOICE_RFQ_FIXED.txt","_archive/bell24h-main (1)/bell24h-main/client/VOICE_RFQ_FIXED.txt","current-repo","2921","2026-02-25","txt","current-repo-filesystem","_archive/bell24h-main (1)/bell24h-main/client"
2239,"client-tsconfig.json","_archive/bell24h-main (1)/bell24h-main/client-tsconfig.json","current-repo","408","2026-02-25","json","current-repo-filesystem","_archive/bell24h-main (1)/bell24h-main"
2240,"client_secret_2_1044360968417-avn6r7navbtelcvocsauv7j6ck6egvnl.apps.googleusercontent.com.json","_archive/bell24h-main (1)/bell24h-main/client_secret_2_1044360968417-avn6r7navbtelcvocsauv7j6ck6egvnl.apps.googleusercontent.com.json","current-repo","577","2026-02-25","json","current-repo-filesystem","_archive/bell24h-main (1)/bell24h-main"
2241,"CLOUDFLARE-BUILD-COMMAND-CLARIFICATION.md","_archive/bell24h-main (1)/bell24h-main/CLOUDFLARE-BUILD-COMMAND-CLARIFICATION.md","current-repo","3322","2026-02-25","md","current-repo-filesystem","_archive/bell24h-main (1)/bell24h-main"
2242,"CLOUDFLARE-DNS-QUICK-FIX.md","_archive/bell24h-main (1)/bell24h-main/CLOUDFLARE-DNS-QUICK-FIX.md","current-repo","1413","2026-02-25","md","current-repo-filesystem","_archive/bell24h-main (1)/bell24h-main"
2243,"CLOUDFLARE-PAGES-BUILD-FIX.md","_archive/bell24h-main (1)/bell24h-main/CLOUDFLARE-PAGES-BUILD-FIX.md","current-repo","3507","2026-02-25","md","current-repo-filesystem","_archive/bell24h-main (1)/bell24h-main"
2244,"cloudflare-pages-config.json","_archive/bell24h-main (1)/bell24h-main/cloudflare-pages-config.json","current-repo","834","2026-02-25","json","current-repo-filesystem","_archive/bell24h-main (1)/bell24h-main"
2245,"CLOUDFLARE-PAGES-FINAL-FIX.md","_archive/bell24h-main (1)/bell24h-main/CLOUDFLARE-PAGES-FINAL-FIX.md","current-repo","3072","2026-02-25","md","current-repo-filesystem","_archive/bell24h-main (1)/bell24h-main"
2246,"CLOUDFLARE-PAGES-NEXT-STEPS.md","_archive/bell24h-main (1)/bell24h-main/CLOUDFLARE-PAGES-NEXT-STEPS.md","current-repo","4996","2026-02-25","md","current-repo-filesystem","_archive/bell24h-main (1)/bell24h-main"
2247,"CLOUDFLARE-PAGES-SETTINGS-FIX.md","_archive/bell24h-main (1)/bell24h-main/CLOUDFLARE-PAGES-SETTINGS-FIX.md","current-repo","3772","2026-02-25","md","current-repo-filesystem","_archive/bell24h-main (1)/bell24h-main"
2248,"CLOUDFLARE-PAGES-SETUP.md","_archive/bell24h-main (1)/bell24h-main/CLOUDFLARE-PAGES-SETUP.md","current-repo","5098","2026-02-25","md","current-repo-filesystem","_archive/bell24h-main (1)/bell24h-main"
2249,"CLOUDFLARE-PAGES-TEST.md","_archive/bell24h-main (1)/bell24h-main/CLOUDFLARE-PAGES-TEST.md","current-repo","3772","2026-02-25","md","current-repo-filesystem","_archive/bell24h-main (1)/bell24h-main"
2250,"CLOUDFLARE-SETUP-STEP-BY-STEP.md","_archive/bell24h-main (1)/bell24h-main/CLOUDFLARE-SETUP-STEP-BY-STEP.md","current-repo","8609","2026-02-25","md","current-repo-filesystem","_archive/bell24h-main (1)/bell24h-main"
2251,"commit-and-push-fix.ps1","_archive/bell24h-main (1)/bell24h-main/commit-and-push-fix.ps1","current-repo","312","2026-02-25","ps1","current-repo-filesystem","_archive/bell24h-main (1)/bell24h-main"
2252,"COMPANY_PROFILE_CLAIMING_IMPLEMENTATION_COMPLETE.md","_archive/bell24h-main (1)/bell24h-main/COMPANY_PROFILE_CLAIMING_IMPLEMENTATION_COMPLETE.md","current-repo","8926","2026-02-25","md","current-repo-filesystem","_archive/bell24h-main (1)/bell24h-main"
2253,"COMPANY_PROFILE_CLAIMING_SUMMARY.md","_archive/bell24h-main (1)/bell24h-main/COMPANY_PROFILE_CLAIMING_SUMMARY.md","current-repo","7613","2026-02-25","md","current-repo-filesystem","_archive/bell24h-main (1)/bell24h-main"
2254,"COMPLETE-AUTOMATIC-DEPLOY.ps1","_archive/bell24h-main (1)/bell24h-main/COMPLETE-AUTOMATIC-DEPLOY.ps1","current-repo","1995","2026-02-25","ps1","current-repo-filesystem","_archive/bell24h-main (1)/bell24h-main"
2255,"complete-database-setup-400-categories.sql","_archive/bell24h-main (1)/bell24h-main/complete-database-setup-400-categories.sql","current-repo","29605","2026-02-25","sql","current-repo-filesystem","_archive/bell24h-main (1)/bell24h-main"
2256,"complete-database-setup.sql","_archive/bell24h-main (1)/bell24h-main/complete-database-setup.sql","current-repo","14571","2026-02-25","sql","current-repo-filesystem","_archive/bell24h-main (1)/bell24h-main"
2257,"COMPLETE-DEPLOYMENT.ps1","_archive/bell24h-main (1)/bell24h-main/COMPLETE-DEPLOYMENT.ps1","current-repo","1230","2026-02-25","ps1","current-repo-filesystem","_archive/bell24h-main (1)/bell24h-main"
2258,"COMPLETE-FEATURE-INVENTORY.md","_archive/bell24h-main (1)/bell24h-main/COMPLETE-FEATURE-INVENTORY.md","current-repo","8600","2026-02-25","md","current-repo-filesystem","_archive/bell24h-main (1)/bell24h-main"
2259,"COMPLETE_AUTOMATED_FIX_SUMMARY.md","_archive/bell24h-main (1)/bell24h-main/COMPLETE_AUTOMATED_FIX_SUMMARY.md","current-repo","6968","2026-02-25","md","current-repo-filesystem","_archive/bell24h-main (1)/bell24h-main"
2260,"COMPLETE_DEPLOYMENT_ANALYSIS.md","_archive/bell24h-main (1)/bell24h-main/COMPLETE_DEPLOYMENT_ANALYSIS.md","current-repo","8714","2026-02-25","md","current-repo-filesystem","_archive/bell24h-main (1)/bell24h-main"
2261,"COMPLETE_PROJECT_REBUILD.cjs","_archive/bell24h-main (1)/bell24h-main/COMPLETE_PROJECT_REBUILD.cjs","current-repo","6515","2026-02-25","cjs","current-repo-filesystem","_archive/bell24h-main (1)/bell24h-main"
2262,"COMPLETE_SETUP_SUMMARY.md","_archive/bell24h-main (1)/bell24h-main/COMPLETE_SETUP_SUMMARY.md","current-repo","6333","2026-02-25","md","current-repo-filesystem","_archive/bell24h-main (1)/bell24h-main"
2263,"composer.json","_archive/bell24h-main (1)/bell24h-main/composer.json","current-repo","2905","2026-02-25","json","current-repo-filesystem","_archive/bell24h-main (1)/bell24h-main"
2264,"COMPREHENSIVE-AUDIT-REPORT.md","_archive/bell24h-main (1)/bell24h-main/COMPREHENSIVE-AUDIT-REPORT.md","current-repo","12166","2026-02-25","md","current-repo-filesystem","_archive/bell24h-main (1)/bell24h-main"
2265,"COMPREHENSIVE-FIX.ps1","_archive/bell24h-main (1)/bell24h-main/COMPREHENSIVE-FIX.ps1","current-repo","739","2026-02-25","ps1","current-repo-filesystem","_archive/bell24h-main (1)/bell24h-main"
2266,"COMPREHENSIVE-PROJECT-AUDIT-2025.md","_archive/bell24h-main (1)/bell24h-main/COMPREHENSIVE-PROJECT-AUDIT-2025.md","current-repo","20796","2026-02-25","md","current-repo-filesystem","_archive/bell24h-main (1)/bell24h-main"
2267,"COMPREHENSIVE-PROJECT-AUDIT-AND-ASSESSMENT.md","_archive/bell24h-main (1)/bell24h-main/COMPREHENSIVE-PROJECT-AUDIT-AND-ASSESSMENT.md","current-repo","24184","2026-02-25","md","current-repo-filesystem","_archive/bell24h-main (1)/bell24h-main"
2268,"COMPREHENSIVE_AUDIT_REPORT.md","_archive/bell24h-main (1)/bell24h-main/COMPREHENSIVE_AUDIT_REPORT.md","current-repo","10864","2026-02-25","md","current-repo-filesystem","_archive/bell24h-main (1)/bell24h-main"
2269,"COMPREHENSIVE_MCP_AUDIT_REPORT.md","_archive/bell24h-main (1)/bell24h-main/COMPREHENSIVE_MCP_AUDIT_REPORT.md","current-repo","5491","2026-02-25","md","current-repo-filesystem","_archive/bell24h-main (1)/bell24h-main"
2270,"COMPREHENSIVE_MCP_AUDIT_REPORT_FINAL.md","_archive/bell24h-main (1)/bell24h-main/COMPREHENSIVE_MCP_AUDIT_REPORT_FINAL.md","current-repo","5392","2026-02-25","md","current-repo-filesystem","_archive/bell24h-main (1)/bell24h-main"
2271,"COPY-PASTE-COMMANDS.txt","_archive/bell24h-main (1)/bell24h-main/COPY-PASTE-COMMANDS.txt","current-repo","2001","2026-02-25","txt","current-repo-filesystem","_archive/bell24h-main (1)/bell24h-main"
2272,"COPY_PASTE_DEPLOYMENT.txt","_archive/bell24h-main (1)/bell24h-main/COPY_PASTE_DEPLOYMENT.txt","current-repo","2766","2026-02-25","txt","current-repo-filesystem","_archive/bell24h-main (1)/bell24h-main"
2273,"CURRENT-STATUS-AND-NEXT-STEPS.md","_archive/bell24h-main (1)/bell24h-main/CURRENT-STATUS-AND-NEXT-STEPS.md","current-repo","7365","2026-02-25","md","current-repo-filesystem","_archive/bell24h-main (1)/bell24h-main"
2274,"cursor-mcp-config.json","_archive/bell24h-main (1)/bell24h-main/cursor-mcp-config.json","current-repo","2234","2026-02-25","json","current-repo-filesystem","_archive/bell24h-main (1)/bell24h-main"
2275,"CURSOR-MCP-HYBRID-INTEGRATION.md","_archive/bell24h-main (1)/bell24h-main/CURSOR-MCP-HYBRID-INTEGRATION.md","current-repo","11526","2026-02-25","md","current-repo-filesystem","_archive/bell24h-main (1)/bell24h-main"
2276,"CURSOR-MCP-INTEGRATION-COMPLETE-REPORT.md","_archive/bell24h-main (1)/bell24h-main/CURSOR-MCP-INTEGRATION-COMPLETE-REPORT.md","current-repo","8158","2026-02-25","md","current-repo-filesystem","_archive/bell24h-main (1)/bell24h-main"
2277,"CURSOR-MCP-INTEGRATION-GUIDE.md","_archive/bell24h-main (1)/bell24h-main/CURSOR-MCP-INTEGRATION-GUIDE.md","current-repo","8499","2026-02-25","md","current-repo-filesystem","_archive/bell24h-main (1)/bell24h-main"
2278,"CURSOR-MCP-USAGE.md","_archive/bell24h-main (1)/bell24h-main/CURSOR-MCP-USAGE.md","current-repo","1532","2026-02-25","md","current-repo-filesystem","_archive/bell24h-main (1)/bell24h-main"
2279,"cursor_settings.json","_archive/bell24h-main (1)/bell24h-main/cursor_settings.json","current-repo","418","2026-02-25","json","current-repo-filesystem","_archive/bell24h-main (1)/bell24h-main"
2280,"CYPRESS_FIX_SUMMARY.md","_archive/bell24h-main (1)/bell24h-main/CYPRESS_FIX_SUMMARY.md","current-repo","3152","2026-02-25","md","current-repo-filesystem","_archive/bell24h-main (1)/bell24h-main"
2281,"DASHBOARD-AUDIT-COMPLETE.md","_archive/bell24h-main (1)/bell24h-main/DASHBOARD-AUDIT-COMPLETE.md","current-repo","8443","2026-02-25","md","current-repo-filesystem","_archive/bell24h-main (1)/bell24h-main"
2282,"DASHBOARD-FIX-COMPLETE.md","_archive/bell24h-main (1)/bell24h-main/DASHBOARD-FIX-COMPLETE.md","current-repo","6740","2026-02-25","md","current-repo-filesystem","_archive/bell24h-main (1)/bell24h-main"
2283,"DASHBOARD-QUICK-ACCESS-GUIDE.md","_archive/bell24h-main (1)/bell24h-main/DASHBOARD-QUICK-ACCESS-GUIDE.md","current-repo","9647","2026-02-25","md","current-repo-filesystem","_archive/bell24h-main (1)/bell24h-main"
2284,"DAY2_COMPLETION_SUMMARY.md","_archive/bell24h-main (1)/bell24h-main/DAY2_COMPLETION_SUMMARY.md","current-repo","4535","2026-02-25","md","current-repo-filesystem","_archive/bell24h-main (1)/bell24h-main"
2285,"DAY2_SETUP_INSTRUCTIONS.md","_archive/bell24h-main (1)/bell24h-main/DAY2_SETUP_INSTRUCTIONS.md","current-repo","3389","2026-02-25","md","current-repo-filesystem","_archive/bell24h-main (1)/bell24h-main"
2286,"DELETE-CNAME-ADD-A-RECORD.md","_archive/bell24h-main (1)/bell24h-main/DELETE-CNAME-ADD-A-RECORD.md","current-repo","3682","2026-02-25","md","current-repo-filesystem","_archive/bell24h-main (1)/bell24h-main"
2287,"DEMO-LOGIN-GUIDE.md","_archive/bell24h-main (1)/bell24h-main/DEMO-LOGIN-GUIDE.md","current-repo","5147","2026-02-25","md","current-repo-filesystem","_archive/bell24h-main (1)/bell24h-main"
2288,"deploy-2step-verification.ps1","_archive/bell24h-main (1)/bell24h-main/deploy-2step-verification.ps1","current-repo","6731","2026-02-25","ps1","current-repo-filesystem","_archive/bell24h-main (1)/bell24h-main"
2289,"DEPLOY-CLOUDFLARE-PAGES.md","_archive/bell24h-main (1)/bell24h-main/DEPLOY-CLOUDFLARE-PAGES.md","current-repo","7376","2026-02-25","md","current-repo-filesystem","_archive/bell24h-main (1)/bell24h-main"
2290,"deploy-fast-html-site.ps1","_archive/bell24h-main (1)/bell24h-main/deploy-fast-html-site.ps1","current-repo","13845","2026-02-25","ps1","current-repo-filesystem","_archive/bell24h-main (1)/bell24h-main"
2291,"deploy-html-clean.ps1","_archive/bell24h-main (1)/bell24h-main/deploy-html-clean.ps1","current-repo","4398","2026-02-25","ps1","current-repo-filesystem","_archive/bell24h-main (1)/bell24h-main"
2292,"deploy-html-fast-site-fixed.ps1","_archive/bell24h-main (1)/bell24h-main/deploy-html-fast-site-fixed.ps1","current-repo","19789","2026-02-25","ps1","current-repo-filesystem","_archive/bell24h-main (1)/bell24h-main"
2293,"deploy-html-fast-site.ps1","_archive/bell24h-main (1)/bell24h-main/deploy-html-fast-site.ps1","current-repo","25389","2026-02-25","ps1","current-repo-filesystem","_archive/bell24h-main (1)/bell24h-main"
2294,"deploy-mobile-otp-registration-flow.ps1","_archive/bell24h-main (1)/bell24h-main/deploy-mobile-otp-registration-flow.ps1","current-repo","12937","2026-02-25","ps1","current-repo-filesystem","_archive/bell24h-main (1)/bell24h-main"
2295,"deploy-now.ps1","_archive/bell24h-main (1)/bell24h-main/deploy-now.ps1","current-repo","520","2026-02-25","ps1","current-repo-filesystem","_archive/bell24h-main (1)/bell24h-main"
2296,"DEPLOY-NOW.txt","_archive/bell24h-main (1)/bell24h-main/DEPLOY-NOW.txt","current-repo","1036","2026-02-25","txt","current-repo-filesystem","_archive/bell24h-main (1)/bell24h-main"
2297,"deploy-oracle-vm.sh","_archive/bell24h-main (1)/bell24h-main/deploy-oracle-vm.sh","current-repo","4102","2026-02-25","sh","current-repo-filesystem","_archive/bell24h-main (1)/bell24h-main"
2298,"deploy-script.sh","_archive/bell24h-main (1)/bell24h-main/deploy-script.sh","current-repo","1001","2026-02-25","sh","current-repo-filesystem","_archive/bell24h-main (1)/bell24h-main"
2299,"deployment-config.json","_archive/bell24h-main (1)/bell24h-main/deployment-config.json","current-repo","764","2026-02-25","json","current-repo-filesystem","_archive/bell24h-main (1)/bell24h-main"
2300,"DEPLOYMENT-CRASH-AUDIT-AND-FIX.md","_archive/bell24h-main (1)/bell24h-main/DEPLOYMENT-CRASH-AUDIT-AND-FIX.md","current-repo","8167","2026-02-25","md","current-repo-filesystem","_archive/bell24h-main (1)/bell24h-main"
2301,"deployment-protection.cjs","_archive/bell24h-main (1)/bell24h-main/deployment-protection.cjs","current-repo","5363","2026-02-25","cjs","current-repo-filesystem","_archive/bell24h-main (1)/bell24h-main"
2302,"DEPLOYMENT-STATUS-AND-FIX.md","_archive/bell24h-main (1)/bell24h-main/DEPLOYMENT-STATUS-AND-FIX.md","current-repo","6188","2026-02-25","md","current-repo-filesystem","_archive/bell24h-main (1)/bell24h-main"
2303,"DEPLOYMENT-STATUS.md","_archive/bell24h-main (1)/bell24h-main/DEPLOYMENT-STATUS.md","current-repo","5170","2026-02-25","md","current-repo-filesystem","_archive/bell24h-main (1)/bell24h-main"
2304,"DEPLOYMENT.md","_archive/bell24h-main (1)/bell24h-main/DEPLOYMENT.md","current-repo","6702","2026-02-25","md","current-repo-filesystem","_archive/bell24h-main (1)/bell24h-main"
2305,"DEPLOYMENT_ACTION_PLAN.txt","_archive/bell24h-main (1)/bell24h-main/DEPLOYMENT_ACTION_PLAN.txt","current-repo","1164","2026-02-25","txt","current-repo-filesystem","_archive/bell24h-main (1)/bell24h-main"
2306,"DEPLOYMENT_CHECKLIST.md","_archive/bell24h-main (1)/bell24h-main/DEPLOYMENT_CHECKLIST.md","current-repo","3877","2026-02-25","md","current-repo-filesystem","_archive/bell24h-main (1)/bell24h-main"
2307,"DEPLOYMENT_FIX_COMPLETE.md","_archive/bell24h-main (1)/bell24h-main/DEPLOYMENT_FIX_COMPLETE.md","current-repo","5330","2026-02-25","md","current-repo-filesystem","_archive/bell24h-main (1)/bell24h-main"
2308,"DEPLOYMENT_VERIFICATION_GUIDE.md","_archive/bell24h-main (1)/bell24h-main/DEPLOYMENT_VERIFICATION_GUIDE.md","current-repo","9095","2026-02-25","md","current-repo-filesystem","_archive/bell24h-main (1)/bell24h-main"
2309,"deploy_existing_500_pages.ps1","_archive/bell24h-main (1)/bell24h-main/deploy_existing_500_pages.ps1","current-repo","7569","2026-02-25","ps1","current-repo-filesystem","_archive/bell24h-main (1)/bell24h-main"
2310,"deploy_hero_fix.ps1","_archive/bell24h-main (1)/bell24h-main/deploy_hero_fix.ps1","current-repo","1218","2026-02-25","ps1","current-repo-filesystem","_archive/bell24h-main (1)/bell24h-main"
2311,"deploy_homepage_fix.ps1","_archive/bell24h-main (1)/bell24h-main/deploy_homepage_fix.ps1","current-repo","1509","2026-02-25","ps1","current-repo-filesystem","_archive/bell24h-main (1)/bell24h-main"
2312,"DETAILED-FILE-INVENTORY-2025.md","_archive/bell24h-main (1)/bell24h-main/DETAILED-FILE-INVENTORY-2025.md","current-repo","16137","2026-02-25","md","current-repo-filesystem","_archive/bell24h-main (1)/bell24h-main"
2313,"DIAGNOSE-502-ERROR.sh","_archive/bell24h-main (1)/bell24h-main/DIAGNOSE-502-ERROR.sh","current-repo","2433","2026-02-25","sh","current-repo-filesystem","_archive/bell24h-main (1)/bell24h-main"
2314,"disable-all-failing-workflows.ps1","_archive/bell24h-main (1)/bell24h-main/disable-all-failing-workflows.ps1","current-repo","1077","2026-02-25","ps1","current-repo-filesystem","_archive/bell24h-main (1)/bell24h-main"
2315,"disable-webthinker.ps1","_archive/bell24h-main (1)/bell24h-main/disable-webthinker.ps1","current-repo","490","2026-02-25","ps1","current-repo-filesystem","_archive/bell24h-main (1)/bell24h-main"
2316,"DNS-COMPLETE-NEXT-STEPS.md","_archive/bell24h-main (1)/bell24h-main/DNS-COMPLETE-NEXT-STEPS.md","current-repo","5495","2026-02-25","md","current-repo-filesystem","_archive/bell24h-main (1)/bell24h-main"
2317,"DOCKER-BUILD-NOT-FROZEN-GUIDE.md","_archive/bell24h-main (1)/bell24h-main/DOCKER-BUILD-NOT-FROZEN-GUIDE.md","current-repo","5556","2026-02-25","md","current-repo-filesystem","_archive/bell24h-main (1)/bell24h-main"
2318,"docker-compose.debug.yml","_archive/bell24h-main (1)/bell24h-main/docker-compose.debug.yml","current-repo","323","2026-02-25","yml","current-repo-filesystem","_archive/bell24h-main (1)/bell24h-main"
2319,"docker-compose.perplexity.yml","_archive/bell24h-main (1)/bell24h-main/docker-compose.perplexity.yml","current-repo","321","2026-02-25","yml","current-repo-filesystem","_archive/bell24h-main (1)/bell24h-main"
2320,"docker-compose.yml","_archive/bell24h-main (1)/bell24h-main/docker-compose.yml","current-repo","1305","2026-02-25","yml","current-repo-filesystem","_archive/bell24h-main (1)/bell24h-main"
2321,"Dockerfile","_archive/bell24h-main (1)/bell24h-main/Dockerfile","current-repo","1360","2026-02-25","Dockerfile","current-repo-filesystem","_archive/bell24h-main (1)/bell24h-main"
2322,"Dockerfile.client","_archive/bell24h-main (1)/bell24h-main/Dockerfile.client","current-repo","1747","2026-02-25","client","current-repo-filesystem","_archive/bell24h-main (1)/bell24h-main"
2323,"Dockerfile.final","_archive/bell24h-main (1)/bell24h-main/Dockerfile.final","current-repo","1403","2026-02-25","final","current-repo-filesystem","_archive/bell24h-main (1)/bell24h-main"
2324,"Dockerfile.fixed","_archive/bell24h-main (1)/bell24h-main/Dockerfile.fixed","current-repo","1363","2026-02-25","fixed","current-repo-filesystem","_archive/bell24h-main (1)/bell24h-main"
2325,"Dockerfile.oracle","_archive/bell24h-main (1)/bell24h-main/Dockerfile.oracle","current-repo","1498","2026-02-25","oracle","current-repo-filesystem","_archive/bell24h-main (1)/bell24h-main"
2326,"Dockerfile.oracle-fixed","_archive/bell24h-main (1)/bell24h-main/Dockerfile.oracle-fixed","current-repo","1636","2026-02-25","oracle-fixed","current-repo-filesystem","_archive/bell24h-main (1)/bell24h-main"
2327,"swagger.json","_archive/bell24h-main (1)/bell24h-main/docs/api/swagger.json","current-repo","5444","2026-02-25","json","current-repo-filesystem","_archive/bell24h-main (1)/bell24h-main/docs/api"
2328,"BELL24H_SUPPLIER_ACQUISITION_ENGINE_V2.md","_archive/bell24h-main (1)/bell24h-main/docs/BELL24H_SUPPLIER_ACQUISITION_ENGINE_V2.md","current-repo","13511","2026-02-25","md","current-repo-filesystem","_archive/bell24h-main (1)/bell24h-main/docs"
2329,"openapi.yaml","_archive/bell24h-main (1)/bell24h-main/docs/openapi.yaml","current-repo","4165","2026-02-25","yaml","current-repo-filesystem","_archive/bell24h-main (1)/bell24h-main/docs"
2330,"PRODUCTION_SETUP.md","_archive/bell24h-main (1)/bell24h-main/docs/PRODUCTION_SETUP.md","current-repo","6368","2026-02-25","md","current-repo-filesystem","_archive/bell24h-main (1)/bell24h-main/docs"
2331,"README_EXPORT_SUMMARY.txt","_archive/bell24h-main (1)/bell24h-main/docs/README_EXPORT_SUMMARY.txt","current-repo","584","2026-02-25","txt","current-repo-filesystem","_archive/bell24h-main (1)/bell24h-main/docs"
2332,"e2e-test-mobile-otp.ps1","_archive/bell24h-main (1)/bell24h-main/e2e-test-mobile-otp.ps1","current-repo","7126","2026-02-25","ps1","current-repo-filesystem","_archive/bell24h-main (1)/bell24h-main"
2333,"ECG-MARKETING-IMPLEMENTATION-PLAN.md","_archive/bell24h-main (1)/bell24h-main/ECG-MARKETING-IMPLEMENTATION-PLAN.md","current-repo","8483","2026-02-25","md","current-repo-filesystem","_archive/bell24h-main (1)/bell24h-main"
2334,"EMERGENCY-502-FIX-SCRIPT.sh","_archive/bell24h-main (1)/bell24h-main/EMERGENCY-502-FIX-SCRIPT.sh","current-repo","3807","2026-02-25","sh","current-repo-filesystem","_archive/bell24h-main (1)/bell24h-main"
2335,"ENABLE-HTTPS-CLOUDFLARE.md","_archive/bell24h-main (1)/bell24h-main/ENABLE-HTTPS-CLOUDFLARE.md","current-repo","4217","2026-02-25","md","current-repo-filesystem","_archive/bell24h-main (1)/bell24h-main"
2336,"env-list.txt","_archive/bell24h-main (1)/bell24h-main/env-list.txt","current-repo","778","2026-02-25","txt","current-repo-filesystem","_archive/bell24h-main (1)/bell24h-main"
2337,"EVERYTHING-WORKING-WAIT-FOR-SSL.md","_archive/bell24h-main (1)/bell24h-main/EVERYTHING-WORKING-WAIT-FOR-SSL.md","current-repo","3609","2026-02-25","md","current-repo-filesystem","_archive/bell24h-main (1)/bell24h-main"
2338,"explain_api.py","_archive/bell24h-main (1)/bell24h-main/explain_api.py","current-repo","1449","2026-02-25","py","current-repo-filesystem","_archive/bell24h-main (1)/bell24h-main"
2339,"FEATURE-COMPARISON-TABLE.md","_archive/bell24h-main (1)/bell24h-main/FEATURE-COMPARISON-TABLE.md","current-repo","11366","2026-02-25","md","current-repo-filesystem","_archive/bell24h-main (1)/bell24h-main"
2340,"FEATURE-COMPLETENESS-ANALYSIS.md","_archive/bell24h-main (1)/bell24h-main/FEATURE-COMPLETENESS-ANALYSIS.md","current-repo","6963","2026-02-25","md","current-repo-filesystem","_archive/bell24h-main (1)/bell24h-main"
2341,"FINAL-521-FIX.md","_archive/bell24h-main (1)/bell24h-main/FINAL-521-FIX.md","current-repo","6072","2026-02-25","md","current-repo-filesystem","_archive/bell24h-main (1)/bell24h-main"
2342,"FINAL-AUDIT-SUMMARY-2025.md","_archive/bell24h-main (1)/bell24h-main/FINAL-AUDIT-SUMMARY-2025.md","current-repo","12181","2026-02-25","md","current-repo-filesystem","_archive/bell24h-main (1)/bell24h-main"
2343,"FINAL-FEATURE-COMPARISON.md","_archive/bell24h-main (1)/bell24h-main/FINAL-FEATURE-COMPARISON.md","current-repo","11801","2026-02-25","md","current-repo-filesystem","_archive/bell24h-main (1)/bell24h-main"
2344,"FINAL-STATUS-REPORT.md","_archive/bell24h-main (1)/bell24h-main/FINAL-STATUS-REPORT.md","current-repo","4925","2026-02-25","md","current-repo-filesystem","_archive/bell24h-main (1)/bell24h-main"
2345,"FINAL_DEPLOYMENT_ORDER.md","_archive/bell24h-main (1)/bell24h-main/FINAL_DEPLOYMENT_ORDER.md","current-repo","5880","2026-02-25","md","current-repo-filesystem","_archive/bell24h-main (1)/bell24h-main"
2346,"FINAL_DEPLOYMENT_STATUS_REPORT.md","_archive/bell24h-main (1)/bell24h-main/FINAL_DEPLOYMENT_STATUS_REPORT.md","current-repo","7981","2026-02-25","md","current-repo-filesystem","_archive/bell24h-main (1)/bell24h-main"
2347,"find-server-port.cjs","_archive/bell24h-main (1)/bell24h-main/find-server-port.cjs","current-repo","2979","2026-02-25","cjs","current-repo-filesystem","_archive/bell24h-main (1)/bell24h-main"
2348,"FIX-404-DNS-GUIDE.md","_archive/bell24h-main (1)/bell24h-main/FIX-404-DNS-GUIDE.md","current-repo","5938","2026-02-25","md","current-repo-filesystem","_archive/bell24h-main (1)/bell24h-main"
2349,"FIX-502-ERROR.sh","_archive/bell24h-main (1)/bell24h-main/FIX-502-ERROR.sh","current-repo","2745","2026-02-25","sh","current-repo-filesystem","_archive/bell24h-main (1)/bell24h-main"
2350,"FIX-521-ERROR.sh","_archive/bell24h-main (1)/bell24h-main/FIX-521-ERROR.sh","current-repo","4675","2026-02-25","sh","current-repo-filesystem","_archive/bell24h-main (1)/bell24h-main"
2351,"FIX-521-QUICK-FIX.md","_archive/bell24h-main (1)/bell24h-main/FIX-521-QUICK-FIX.md","current-repo","4509","2026-02-25","md","current-repo-filesystem","_archive/bell24h-main (1)/bell24h-main"
2352,"fix-build-error.sh","_archive/bell24h-main (1)/bell24h-main/fix-build-error.sh","current-repo","762","2026-02-25","sh","current-repo-filesystem","_archive/bell24h-main (1)/bell24h-main"
2353,"FIX-BUILD-NOW.md","_archive/bell24h-main (1)/bell24h-main/FIX-BUILD-NOW.md","current-repo","2027","2026-02-25","md","current-repo-filesystem","_archive/bell24h-main (1)/bell24h-main"
2354,"FIX-CLOUDFLARE-521-ERROR.md","_archive/bell24h-main (1)/bell24h-main/FIX-CLOUDFLARE-521-ERROR.md","current-repo","8475","2026-02-25","md","current-repo-filesystem","_archive/bell24h-main (1)/bell24h-main"
2355,"FIX-CLOUDFLARE-AUTO.ps1","_archive/bell24h-main (1)/bell24h-main/FIX-CLOUDFLARE-AUTO.ps1","current-repo","3760","2026-02-25","ps1","current-repo-filesystem","_archive/bell24h-main (1)/bell24h-main"
2356,"FIX-CLOUDFLARE-BUILD-FAILURE.md","_archive/bell24h-main (1)/bell24h-main/FIX-CLOUDFLARE-BUILD-FAILURE.md","current-repo","5335","2026-02-25","md","current-repo-filesystem","_archive/bell24h-main (1)/bell24h-main"
2357,"FIX-CLOUDFLARE-DNS-CONFLICT.md","_archive/bell24h-main (1)/bell24h-main/FIX-CLOUDFLARE-DNS-CONFLICT.md","current-repo","4552","2026-02-25","md","current-repo-filesystem","_archive/bell24h-main (1)/bell24h-main"
2358,"FIX-CLOUDFLARE-FINAL.ps1","_archive/bell24h-main (1)/bell24h-main/FIX-CLOUDFLARE-FINAL.ps1","current-repo","4291","2026-02-25","ps1","current-repo-filesystem","_archive/bell24h-main (1)/bell24h-main"
2359,"FIX-CLOUDFLARE-MANUAL.txt","_archive/bell24h-main (1)/bell24h-main/FIX-CLOUDFLARE-MANUAL.txt","current-repo","993","2026-02-25","txt","current-repo-filesystem","_archive/bell24h-main (1)/bell24h-main"
2360,"FIX-CLOUDFLARE-PAGES-404.md","_archive/bell24h-main (1)/bell24h-main/FIX-CLOUDFLARE-PAGES-404.md","current-repo","2141","2026-02-25","md","current-repo-filesystem","_archive/bell24h-main (1)/bell24h-main"
2361,"FIX-CLOUDFLARE-SUBMODULES.ps1","_archive/bell24h-main (1)/bell24h-main/FIX-CLOUDFLARE-SUBMODULES.ps1","current-repo","3237","2026-02-25","ps1","current-repo-filesystem","_archive/bell24h-main (1)/bell24h-main"
2362,"fix-cloudflare.ps1","_archive/bell24h-main (1)/bell24h-main/fix-cloudflare.ps1","current-repo","1201","2026-02-25","ps1","current-repo-filesystem","_archive/bell24h-main (1)/bell24h-main"
2363,"FIX-CONNECTION-TIMEOUT.md","_archive/bell24h-main (1)/bell24h-main/FIX-CONNECTION-TIMEOUT.md","current-repo","5522","2026-02-25","md","current-repo-filesystem","_archive/bell24h-main (1)/bell24h-main"
2364,"FIX-DASHBOARD-COMPLETE-GUIDE.md","_archive/bell24h-main (1)/bell24h-main/FIX-DASHBOARD-COMPLETE-GUIDE.md","current-repo","3898","2026-02-25","md","current-repo-filesystem","_archive/bell24h-main (1)/bell24h-main"
2365,"FIX-DISK-SPACE-AND-NGINX.sh","_archive/bell24h-main (1)/bell24h-main/FIX-DISK-SPACE-AND-NGINX.sh","current-repo","2515","2026-02-25","sh","current-repo-filesystem","_archive/bell24h-main (1)/bell24h-main"
2366,"FIX-DNS-APP-N8N.md","_archive/bell24h-main (1)/bell24h-main/FIX-DNS-APP-N8N.md","current-repo","3498","2026-02-25","md","current-repo-filesystem","_archive/bell24h-main (1)/bell24h-main"
2367,"FIX-DOCKER-BUILD-STANDALONE-ERROR.md","_archive/bell24h-main (1)/bell24h-main/FIX-DOCKER-BUILD-STANDALONE-ERROR.md","current-repo","1768","2026-02-25","md","current-repo-filesystem","_archive/bell24h-main (1)/bell24h-main"
2368,"fix-docker-build.sh","_archive/bell24h-main (1)/bell24h-main/fix-docker-build.sh","current-repo","460","2026-02-25","sh","current-repo-filesystem","_archive/bell24h-main (1)/bell24h-main"
2369,"fix-github-actions.ps1","_archive/bell24h-main (1)/bell24h-main/fix-github-actions.ps1","current-repo","6421","2026-02-25","ps1","current-repo-filesystem","_archive/bell24h-main (1)/bell24h-main"
2370,"FIX-GITHUB-PUSH-FINAL.ps1","_archive/bell24h-main (1)/bell24h-main/FIX-GITHUB-PUSH-FINAL.ps1","current-repo","5697","2026-02-25","ps1","current-repo-filesystem","_archive/bell24h-main (1)/bell24h-main"
2371,"FIX-GITHUB-SECRET.md","_archive/bell24h-main (1)/bell24h-main/FIX-GITHUB-SECRET.md","current-repo","3658","2026-02-25","md","current-repo-filesystem","_archive/bell24h-main (1)/bell24h-main"
2372,"FIX-LOGIN-COOKIE.md","_archive/bell24h-main (1)/bell24h-main/FIX-LOGIN-COOKIE.md","current-repo","1895","2026-02-25","md","current-repo-filesystem","_archive/bell24h-main (1)/bell24h-main"
2373,"fix-lucide-imports.ps1","_archive/bell24h-main (1)/bell24h-main/fix-lucide-imports.ps1","current-repo","1893","2026-02-25","ps1","current-repo-filesystem","_archive/bell24h-main (1)/bell24h-main"
2374,"FIX-MERGE-CONFLICTS.ps1","_archive/bell24h-main (1)/bell24h-main/FIX-MERGE-CONFLICTS.ps1","current-repo","4592","2026-02-25","ps1","current-repo-filesystem","_archive/bell24h-main (1)/bell24h-main"
2375,"FIX-MISSING-PAGES.md","_archive/bell24h-main (1)/bell24h-main/FIX-MISSING-PAGES.md","current-repo","1364","2026-02-25","md","current-repo-filesystem","_archive/bell24h-main (1)/bell24h-main"
2376,"FIX-N8N-502.sh","_archive/bell24h-main (1)/bell24h-main/FIX-N8N-502.sh","current-repo","2522","2026-02-25","sh","current-repo-filesystem","_archive/bell24h-main (1)/bell24h-main"
2377,"FIX-NODE-MODULES-SUBMODULE.ps1","_archive/bell24h-main (1)/bell24h-main/FIX-NODE-MODULES-SUBMODULE.ps1","current-repo","4926","2026-02-25","ps1","current-repo-filesystem","_archive/bell24h-main (1)/bell24h-main"
2378,"FIX-PORT-80-CONFLICT.sh","_archive/bell24h-main (1)/bell24h-main/FIX-PORT-80-CONFLICT.sh","current-repo","4124","2026-02-25","sh","current-repo-filesystem","_archive/bell24h-main (1)/bell24h-main"
2379,"FIX-PORT-80-QUICK.txt","_archive/bell24h-main (1)/bell24h-main/FIX-PORT-80-QUICK.txt","current-repo","2241","2026-02-25","txt","current-repo-filesystem","_archive/bell24h-main (1)/bell24h-main"
2380,"FIX-PUSH-ERROR.ps1","_archive/bell24h-main (1)/bell24h-main/FIX-PUSH-ERROR.ps1","current-repo","5258","2026-02-25","ps1","current-repo-filesystem","_archive/bell24h-main (1)/bell24h-main"
2381,"FIX-RECURSIVE-BUILD-ERROR.md","_archive/bell24h-main (1)/bell24h-main/FIX-RECURSIVE-BUILD-ERROR.md","current-repo","3987","2026-02-25","md","current-repo-filesystem","_archive/bell24h-main (1)/bell24h-main"
2382,"fix-secret.sh","_archive/bell24h-main (1)/bell24h-main/fix-secret.sh","current-repo","233","2026-02-25","sh","current-repo-filesystem","_archive/bell24h-main (1)/bell24h-main"
2383,"FIX-SSH-KEY-ISSUE.md","_archive/bell24h-main (1)/bell24h-main/FIX-SSH-KEY-ISSUE.md","current-repo","5108","2026-02-25","md","current-repo-filesystem","_archive/bell24h-main (1)/bell24h-main"
2384,"FIX-SSL-AND-N8N.md","_archive/bell24h-main (1)/bell24h-main/FIX-SSL-AND-N8N.md","current-repo","6337","2026-02-25","md","current-repo-filesystem","_archive/bell24h-main (1)/bell24h-main"
2385,"FIX-SUBMODULE-CLOUDFLARE.md","_archive/bell24h-main (1)/bell24h-main/FIX-SUBMODULE-CLOUDFLARE.md","current-repo","2631","2026-02-25","md","current-repo-filesystem","_archive/bell24h-main (1)/bell24h-main"
2386,"FIX-SUBMODULE-ERROR-FINAL.ps1","_archive/bell24h-main (1)/bell24h-main/FIX-SUBMODULE-ERROR-FINAL.ps1","current-repo","4451","2026-02-25","ps1","current-repo-filesystem","_archive/bell24h-main (1)/bell24h-main"
2387,"FIX-SUBMODULES-COMPLETE.ps1","_archive/bell24h-main (1)/bell24h-main/FIX-SUBMODULES-COMPLETE.ps1","current-repo","5106","2026-02-25","ps1","current-repo-filesystem","_archive/bell24h-main (1)/bell24h-main"
2388,"FIX-SUPPLIERS-PAGE-ERROR.md","_archive/bell24h-main (1)/bell24h-main/FIX-SUPPLIERS-PAGE-ERROR.md","current-repo","452","2026-02-25","md","current-repo-filesystem","_archive/bell24h-main (1)/bell24h-main"
2389,"fix-unescaped-entities.ps1","_archive/bell24h-main (1)/bell24h-main/fix-unescaped-entities.ps1","current-repo","935","2026-02-25","ps1","current-repo-filesystem","_archive/bell24h-main (1)/bell24h-main"
2390,"FIXES_APPLIED.md","_archive/bell24h-main (1)/bell24h-main/FIXES_APPLIED.md","current-repo","3582","2026-02-25","md","current-repo-filesystem","_archive/bell24h-main (1)/bell24h-main"
2391,"fix_build_error.ps1","_archive/bell24h-main (1)/bell24h-main/fix_build_error.ps1","current-repo","1006","2026-02-25","ps1","current-repo-filesystem","_archive/bell24h-main (1)/bell24h-main"
2392,"fix_build_errors.ps1","_archive/bell24h-main (1)/bell24h-main/fix_build_errors.ps1","current-repo","3661","2026-02-25","ps1","current-repo-filesystem","_archive/bell24h-main (1)/bell24h-main"
2393,"fix_build_error_final.ps1","_archive/bell24h-main (1)/bell24h-main/fix_build_error_final.ps1","current-repo","16760","2026-02-25","ps1","current-repo-filesystem","_archive/bell24h-main (1)/bell24h-main"
2394,"fix_icons.ps1","_archive/bell24h-main (1)/bell24h-main/fix_icons.ps1","current-repo","990","2026-02-25","ps1","current-repo-filesystem","_archive/bell24h-main (1)/bell24h-main"
2395,"force-push-all.ps1","_archive/bell24h-main (1)/bell24h-main/force-push-all.ps1","current-repo","945","2026-02-25","ps1","current-repo-filesystem","_archive/bell24h-main (1)/bell24h-main"
2396,"GITHUB-ACTIONS-SETUP.md","_archive/bell24h-main (1)/bell24h-main/GITHUB-ACTIONS-SETUP.md","current-repo","5262","2026-02-25","md","current-repo-filesystem","_archive/bell24h-main (1)/bell24h-main"
2397,"GITHUB-ORACLE-AUTO-DEPLOY-GUIDE.md","_archive/bell24h-main (1)/bell24h-main/GITHUB-ORACLE-AUTO-DEPLOY-GUIDE.md","current-repo","9635","2026-02-25","md","current-repo-filesystem","_archive/bell24h-main (1)/bell24h-main"
2398,"github-setup-commands.txt","_archive/bell24h-main (1)/bell24h-main/github-setup-commands.txt","current-repo","1150","2026-02-25","txt","current-repo-filesystem","_archive/bell24h-main (1)/bell24h-main"
2399,"GIT_REPOSITORY_FIX_COMPLETE.md","_archive/bell24h-main (1)/bell24h-main/GIT_REPOSITORY_FIX_COMPLETE.md","current-repo","3961","2026-02-25","md","current-repo-filesystem","_archive/bell24h-main (1)/bell24h-main"
2400,"hardhat.config.cjs","_archive/bell24h-main (1)/bell24h-main/hardhat.config.cjs","current-repo","1573","2026-02-25","cjs","current-repo-filesystem","_archive/bell24h-main (1)/bell24h-main"
2401,"hell -ExecutionPolicy Bypass -File commit-and-push-fix.ps1","_archive/bell24h-main (1)/bell24h-main/hell -ExecutionPolicy Bypass -File commit-and-push-fix.ps1","current-repo","630","2026-02-25","ps1","current-repo-filesystem","_archive/bell24h-main (1)/bell24h-main"
2402,"HOMEPAGE_BUILD_COMPLETE.md","_archive/bell24h-main (1)/bell24h-main/HOMEPAGE_BUILD_COMPLETE.md","current-repo","9859","2026-02-25","md","current-repo-filesystem","_archive/bell24h-main (1)/bell24h-main"
2403,"HYBRID-APPROACH-COMPLETE-GUIDE.md","_archive/bell24h-main (1)/bell24h-main/HYBRID-APPROACH-COMPLETE-GUIDE.md","current-repo","10779","2026-02-25","md","current-repo-filesystem","_archive/bell24h-main (1)/bell24h-main"
2404,"IMMEDIATE-502-FIX.sh","_archive/bell24h-main (1)/bell24h-main/IMMEDIATE-502-FIX.sh","current-repo","3351","2026-02-25","sh","current-repo-filesystem","_archive/bell24h-main (1)/bell24h-main"
2405,"IMMEDIATE-FIX-COMMANDS.txt","_archive/bell24h-main (1)/bell24h-main/IMMEDIATE-FIX-COMMANDS.txt","current-repo","1790","2026-02-25","txt","current-repo-filesystem","_archive/bell24h-main (1)/bell24h-main"
2406,"jest.config.cjs","_archive/bell24h-main (1)/bell24h-main/jest.config.cjs","current-repo","863","2026-02-25","cjs","current-repo-filesystem","_archive/bell24h-main (1)/bell24h-main"
2407,"jest.integration.config.cjs","_archive/bell24h-main (1)/bell24h-main/jest.integration.config.cjs","current-repo","1325","2026-02-25","cjs","current-repo-filesystem","_archive/bell24h-main (1)/bell24h-main"
2408,"JSON-SYNTAX-ERROR-FIX-REPORT.md","_archive/bell24h-main (1)/bell24h-main/JSON-SYNTAX-ERROR-FIX-REPORT.md","current-repo","4045","2026-02-25","md","current-repo-filesystem","_archive/bell24h-main (1)/bell24h-main"
2409,"LAUNCH_DAY_SCHEDULE.md","_archive/bell24h-main (1)/bell24h-main/LAUNCH_DAY_SCHEDULE.md","current-repo","6614","2026-02-25","md","current-repo-filesystem","_archive/bell24h-main (1)/bell24h-main"
2410,"LAUNCH_PREPARATION_NOV_22.md","_archive/bell24h-main (1)/bell24h-main/LAUNCH_PREPARATION_NOV_22.md","current-repo","4136","2026-02-25","md","current-repo-filesystem","_archive/bell24h-main (1)/bell24h-main"
2411,"LAUNCH_READY_SUMMARY.md","_archive/bell24h-main (1)/bell24h-main/LAUNCH_READY_SUMMARY.md","current-repo","6537","2026-02-25","md","current-repo-filesystem","_archive/bell24h-main (1)/bell24h-main"
2412,"LAUNCH_SOCIAL_MEDIA_POSTS.md","_archive/bell24h-main (1)/bell24h-main/LAUNCH_SOCIAL_MEDIA_POSTS.md","current-repo","4670","2026-02-25","md","current-repo-filesystem","_archive/bell24h-main (1)/bell24h-main"
2413,"package-lock.json","_archive/bell24h-main (1)/bell24h-main/load-testing/package-lock.json","current-repo","323943","2026-02-25","json","current-repo-filesystem","_archive/bell24h-main (1)/bell24h-main/load-testing"
2414,"package.json","_archive/bell24h-main (1)/bell24h-main/load-testing/package.json","current-repo","2990","2026-02-25","json","current-repo-filesystem","_archive/bell24h-main (1)/bell24h-main/load-testing"
2415,"tsconfig.json","_archive/bell24h-main (1)/bell24h-main/load-testing/tsconfig.json","current-repo","1331","2026-02-25","json","current-repo-filesystem","_archive/bell24h-main (1)/bell24h-main/load-testing"
2416,"MANUAL-FIX-COMMANDS.txt","_archive/bell24h-main (1)/bell24h-main/MANUAL-FIX-COMMANDS.txt","current-repo","1494","2026-02-25","txt","current-repo-filesystem","_archive/bell24h-main (1)/bell24h-main"
2417,"MANUAL-SSL-SETUP-STEPS.md","_archive/bell24h-main (1)/bell24h-main/MANUAL-SSL-SETUP-STEPS.md","current-repo","7511","2026-02-25","md","current-repo-filesystem","_archive/bell24h-main (1)/bell24h-main"
2418,"MANUAL_GITKRAKEN_SETUP.txt","_archive/bell24h-main (1)/bell24h-main/MANUAL_GITKRAKEN_SETUP.txt","current-repo","2693","2026-02-25","txt","current-repo-filesystem","_archive/bell24h-main (1)/bell24h-main"
2419,"whatsapp-messages.txt","_archive/bell24h-main (1)/bell24h-main/marketing/whatsapp-messages.txt","current-repo","1287","2026-02-25","txt","current-repo-filesystem","_archive/bell24h-main (1)/bell24h-main/marketing"
2420,"MARKETING_PLAN_COMPANY_PROFILE_CLAIMING.md","_archive/bell24h-main (1)/bell24h-main/MARKETING_PLAN_COMPANY_PROFILE_CLAIMING.md","current-repo","12256","2026-02-25","md","current-repo-filesystem","_archive/bell24h-main (1)/bell24h-main"
2421,"mcp-gitkraken.json","_archive/bell24h-main (1)/bell24h-main/mcp-gitkraken.json","current-repo","347","2026-02-25","json","current-repo-filesystem","_archive/bell24h-main (1)/bell24h-main"
2422,"mcp_config.json","_archive/bell24h-main (1)/bell24h-main/mcp_config.json","current-repo","1722","2026-02-25","json","current-repo-filesystem","_archive/bell24h-main (1)/bell24h-main"
2423,"MIGRATION-CLOUDFLARE-PAGES.md","_archive/bell24h-main (1)/bell24h-main/MIGRATION-CLOUDFLARE-PAGES.md","current-repo","588","2026-02-25","md","current-repo-filesystem","_archive/bell24h-main (1)/bell24h-main"
2424,"MIGRATION_ACTION_PLAN.txt","_archive/bell24h-main (1)/bell24h-main/MIGRATION_ACTION_PLAN.txt","current-repo","1589","2026-02-25","txt","current-repo-filesystem","_archive/bell24h-main (1)/bell24h-main"
2425,"mobile-otp-only-deploy.ps1","_archive/bell24h-main (1)/bell24h-main/mobile-otp-only-deploy.ps1","current-repo","6167","2026-02-25","ps1","current-repo-filesystem","_archive/bell24h-main (1)/bell24h-main"
2426,"MOBILE_OTP_ERROR_HANDLING.md","_archive/bell24h-main (1)/bell24h-main/MOBILE_OTP_ERROR_HANDLING.md","current-repo","4922","2026-02-25","md","current-repo-filesystem","_archive/bell24h-main (1)/bell24h-main"
2427,"MOVE-TO-PORT-80.md","_archive/bell24h-main (1)/bell24h-main/MOVE-TO-PORT-80.md","current-repo","2719","2026-02-25","md","current-repo-filesystem","_archive/bell24h-main (1)/bell24h-main"
2428,"MSG91_INTEGRATION_COMPLETE.md","_archive/bell24h-main (1)/bell24h-main/MSG91_INTEGRATION_COMPLETE.md","current-repo","12563","2026-02-25","md","current-repo-filesystem","_archive/bell24h-main (1)/bell24h-main"
2429,"MSG91_QUICK_SETUP.md","_archive/bell24h-main (1)/bell24h-main/MSG91_QUICK_SETUP.md","current-repo","3718","2026-02-25","md","current-repo-filesystem","_archive/bell24h-main (1)/bell24h-main"
2430,"MSG91_SETUP_COMPLETE.md","_archive/bell24h-main (1)/bell24h-main/MSG91_SETUP_COMPLETE.md","current-repo","4717","2026-02-25","md","current-repo-filesystem","_archive/bell24h-main (1)/bell24h-main"
2431,"bell24h-integration.workflow.json","_archive/bell24h-main (1)/bell24h-main/n8n/workflows/bell24h-integration.workflow.json","current-repo","5176","2026-02-25","json","current-repo-filesystem","_archive/bell24h-main (1)/bell24h-main/n8n/workflows"
2432,"category-analytics.workflow.json","_archive/bell24h-main (1)/bell24h-main/n8n/workflows/category-analytics.workflow.json","current-repo","7216","2026-02-25","json","current-repo-filesystem","_archive/bell24h-main (1)/bell24h-main/n8n/workflows"
2433,"category-seo-automation.workflow.json","_archive/bell24h-main (1)/bell24h-main/n8n/workflows/category-seo-automation.workflow.json","current-repo","13008","2026-02-25","json","current-repo-filesystem","_archive/bell24h-main (1)/bell24h-main/n8n/workflows"
2434,"escrow.workflow.json","_archive/bell24h-main (1)/bell24h-main/n8n/workflows/escrow.workflow.json","current-repo","1323","2026-02-25","json","current-repo-filesystem","_archive/bell24h-main (1)/bell24h-main/n8n/workflows"
2435,"mock-order-generation.workflow.json","_archive/bell24h-main (1)/bell24h-main/n8n/workflows/mock-order-generation.workflow.json","current-repo","10136","2026-02-25","json","current-repo-filesystem","_archive/bell24h-main (1)/bell24h-main/n8n/workflows"
2436,"rfq.workflow.json","_archive/bell24h-main (1)/bell24h-main/n8n/workflows/rfq.workflow.json","current-repo","1111","2026-02-25","json","current-repo-filesystem","_archive/bell24h-main (1)/bell24h-main/n8n/workflows"
2437,"user.onboarding.workflow.json","_archive/bell24h-main (1)/bell24h-main/n8n/workflows/user.onboarding.workflow.json","current-repo","1099","2026-02-25","json","current-repo-filesystem","_archive/bell24h-main (1)/bell24h-main/n8n/workflows"
2438,"N8N-RUNNING-FIX-SSL.md","_archive/bell24h-main (1)/bell24h-main/N8N-RUNNING-FIX-SSL.md","current-repo","4491","2026-02-25","md","current-repo-filesystem","_archive/bell24h-main (1)/bell24h-main"
2439,"N8N-WORKFLOW-A-E-MICRO-LEVEL-GUIDE.md","_archive/bell24h-main (1)/bell24h-main/N8N-WORKFLOW-A-E-MICRO-LEVEL-GUIDE.md","current-repo","16778","2026-02-25","md","current-repo-filesystem","_archive/bell24h-main (1)/bell24h-main"
2440,"supplier-onboarding-welcome-email.json","_archive/bell24h-main (1)/bell24h-main/n8n-workflows/supplier-onboarding-welcome-email.json","current-repo","1863","2026-02-25","json","current-repo-filesystem","_archive/bell24h-main (1)/bell24h-main/n8n-workflows"
2441,"supplier-onboarding-welcome-sms.json","_archive/bell24h-main (1)/bell24h-main/n8n-workflows/supplier-onboarding-welcome-sms.json","current-repo","2144","2026-02-25","json","current-repo-filesystem","_archive/bell24h-main (1)/bell24h-main/n8n-workflows"
2442,"N8N_SETUP_QUICK_REFERENCE.md","_archive/bell24h-main (1)/bell24h-main/N8N_SETUP_QUICK_REFERENCE.md","current-repo","5165","2026-02-25","md","current-repo-filesystem","_archive/bell24h-main (1)/bell24h-main"
2443,"N8N_WORKFLOWS_COMPLETE.md","_archive/bell24h-main (1)/bell24h-main/N8N_WORKFLOWS_COMPLETE.md","current-repo","2885","2026-02-25","md","current-repo-filesystem","_archive/bell24h-main (1)/bell24h-main"
2444,"netlify.toml","_archive/bell24h-main (1)/bell24h-main/netlify.toml","current-repo","647","2026-02-25","toml","current-repo-filesystem","_archive/bell24h-main (1)/bell24h-main"
2445,"NEXT-STEPS-TODO-LIST.md","_archive/bell24h-main (1)/bell24h-main/NEXT-STEPS-TODO-LIST.md","current-repo","5752","2026-02-25","md","current-repo-filesystem","_archive/bell24h-main (1)/bell24h-main"
2446,"next.config.cjs","_archive/bell24h-main (1)/bell24h-main/next.config.cjs","current-repo","820","2026-02-25","cjs","current-repo-filesystem","_archive/bell24h-main (1)/bell24h-main"
2447,"nixpacks.toml","_archive/bell24h-main (1)/bell24h-main/nixpacks.toml","current-repo","184","2026-02-25","toml","current-repo-filesystem","_archive/bell24h-main (1)/bell24h-main"
2448,"NO-Q-PREFIX-AUTOMATION.ps1","_archive/bell24h-main (1)/bell24h-main/NO-Q-PREFIX-AUTOMATION.ps1","current-repo","5889","2026-02-25","ps1","current-repo-filesystem","_archive/bell24h-main (1)/bell24h-main"
2449,"NON-CODER-DEPLOYMENT-PRIORITY-GUIDE.md","_archive/bell24h-main (1)/bell24h-main/NON-CODER-DEPLOYMENT-PRIORITY-GUIDE.md","current-repo","14417","2026-02-25","md","current-repo-filesystem","_archive/bell24h-main (1)/bell24h-main"
2450,"NOV-20-LAUNCH-CHECKLIST.md","_archive/bell24h-main (1)/bell24h-main/NOV-20-LAUNCH-CHECKLIST.md","current-repo","11089","2026-02-25","md","current-repo-filesystem","_archive/bell24h-main (1)/bell24h-main"
2451,"nuclear_fix.ps1","_archive/bell24h-main (1)/bell24h-main/nuclear_fix.ps1","current-repo","1140","2026-02-25","ps1","current-repo-filesystem","_archive/bell24h-main (1)/bell24h-main"
2452,"nuclear_fix_all.ps1","_archive/bell24h-main (1)/bell24h-main/nuclear_fix_all.ps1","current-repo","1456","2026-02-25","ps1","current-repo-filesystem","_archive/bell24h-main (1)/bell24h-main"
2453,"ONE-PAGE-BRUTAL-TRUTH-REVENUE-SUMMARY.md","_archive/bell24h-main (1)/bell24h-main/ONE-PAGE-BRUTAL-TRUTH-REVENUE-SUMMARY.md","current-repo","2478","2026-02-25","md","current-repo-filesystem","_archive/bell24h-main (1)/bell24h-main"
2454,"openapitools.json","_archive/bell24h-main (1)/bell24h-main/openapitools.json","current-repo","154","2026-02-25","json","current-repo-filesystem","_archive/bell24h-main (1)/bell24h-main"
2455,".env.example","_archive/bell24h-main (1)/bell24h-main/oracle/.env.example","current-repo","778","2026-02-25","example","current-repo-filesystem","_archive/bell24h-main (1)/bell24h-main/oracle"
2456,"default.json","_archive/bell24h-main (1)/bell24h-main/oracle/config/default.json","current-repo","452","2026-02-25","json","current-repo-filesystem","_archive/bell24h-main (1)/bell24h-main/oracle/config"
2457,"package.json","_archive/bell24h-main (1)/bell24h-main/oracle/package.json","current-repo","590","2026-02-25","json","current-repo-filesystem","_archive/bell24h-main (1)/bell24h-main/oracle"
2458,"ORACLE-CLOUD-DEPLOYMENT-GUIDE.md","_archive/bell24h-main (1)/bell24h-main/ORACLE-CLOUD-DEPLOYMENT-GUIDE.md","current-repo","7713","2026-02-25","md","current-repo-filesystem","_archive/bell24h-main (1)/bell24h-main"
2459,"complete-categories.sql","_archive/bell24h-main (1)/bell24h-main/oracle-cloud-n8n/database/complete-categories.sql","current-repo","17499","2026-02-25","sql","current-repo-filesystem","_archive/bell24h-main (1)/bell24h-main/oracle-cloud-n8n/database"
2460,"missing-tables.sql","_archive/bell24h-main (1)/bell24h-main/oracle-cloud-n8n/database/missing-tables.sql","current-repo","6685","2026-02-25","sql","current-repo-filesystem","_archive/bell24h-main (1)/bell24h-main/oracle-cloud-n8n/database"
2461,"docker-compose.yml","_archive/bell24h-main (1)/bell24h-main/oracle-cloud-n8n/docker-compose.yml","current-repo","2292","2026-02-25","yml","current-repo-filesystem","_archive/bell24h-main (1)/bell24h-main/oracle-cloud-n8n"
2462,"README.md","_archive/bell24h-main (1)/bell24h-main/oracle-cloud-n8n/README.md","current-repo","5148","2026-02-25","md","current-repo-filesystem","_archive/bell24h-main (1)/bell24h-main/oracle-cloud-n8n"
2463,"setup-oracle-cloud.sh","_archive/bell24h-main (1)/bell24h-main/oracle-cloud-n8n/setup-oracle-cloud.sh","current-repo","3865","2026-02-25","sh","current-repo-filesystem","_archive/bell24h-main (1)/bell24h-main/oracle-cloud-n8n"
2464,"lead-test-data.json","_archive/bell24h-main (1)/bell24h-main/oracle-cloud-n8n/test-data/lead-test-data.json","current-repo","1468","2026-02-25","json","current-repo-filesystem","_archive/bell24h-main (1)/bell24h-main/oracle-cloud-n8n/test-data"
2465,"rfq-test-data.json","_archive/bell24h-main (1)/bell24h-main/oracle-cloud-n8n/test-data/rfq-test-data.json","current-repo","916","2026-02-25","json","current-repo-filesystem","_archive/bell24h-main (1)/bell24h-main/oracle-cloud-n8n/test-data"
2466,"bell24h-ai-category-worker-complete.json","_archive/bell24h-main (1)/bell24h-main/oracle-cloud-n8n/workflows/bell24h-ai-category-worker-complete.json","current-repo","28608","2026-02-25","json","current-repo-filesystem","_archive/bell24h-main (1)/bell24h-main/oracle-cloud-n8n/workflows"
2467,"bell24h-ai-category-worker-with-db.json","_archive/bell24h-main (1)/bell24h-main/oracle-cloud-n8n/workflows/bell24h-ai-category-worker-with-db.json","current-repo","20967","2026-02-25","json","current-repo-filesystem","_archive/bell24h-main (1)/bell24h-main/oracle-cloud-n8n/workflows"
2468,"bell24h-ai-category-worker.json","_archive/bell24h-main (1)/bell24h-main/oracle-cloud-n8n/workflows/bell24h-ai-category-worker.json","current-repo","14258","2026-02-25","json","current-repo-filesystem","_archive/bell24h-main (1)/bell24h-main/oracle-cloud-n8n/workflows"
2469,"bell24h-ai-scraper-master-with-db.json","_archive/bell24h-main (1)/bell24h-main/oracle-cloud-n8n/workflows/bell24h-ai-scraper-master-with-db.json","current-repo","15444","2026-02-25","json","current-repo-filesystem","_archive/bell24h-main (1)/bell24h-main/oracle-cloud-n8n/workflows"
2470,"bell24h-ai-scraper-master.json","_archive/bell24h-main (1)/bell24h-main/oracle-cloud-n8n/workflows/bell24h-ai-scraper-master.json","current-repo","16047","2026-02-25","json","current-repo-filesystem","_archive/bell24h-main (1)/bell24h-main/oracle-cloud-n8n/workflows"
2471,"bell24h-lead-scoring-complete.json","_archive/bell24h-main (1)/bell24h-main/oracle-cloud-n8n/workflows/bell24h-lead-scoring-complete.json","current-repo","16493","2026-02-25","json","current-repo-filesystem","_archive/bell24h-main (1)/bell24h-main/oracle-cloud-n8n/workflows"
2472,"bell24h-lead-scoring-with-db.json","_archive/bell24h-main (1)/bell24h-main/oracle-cloud-n8n/workflows/bell24h-lead-scoring-with-db.json","current-repo","18924","2026-02-25","json","current-repo-filesystem","_archive/bell24h-main (1)/bell24h-main/oracle-cloud-n8n/workflows"
2473,"bell24h-lead-scoring.json","_archive/bell24h-main (1)/bell24h-main/oracle-cloud-n8n/workflows/bell24h-lead-scoring.json","current-repo","4429","2026-02-25","json","current-repo-filesystem","_archive/bell24h-main (1)/bell24h-main/oracle-cloud-n8n/workflows"
2474,"bell24h-rfq-notification-complete.json","_archive/bell24h-main (1)/bell24h-main/oracle-cloud-n8n/workflows/bell24h-rfq-notification-complete.json","current-repo","9804","2026-02-25","json","current-repo-filesystem","_archive/bell24h-main (1)/bell24h-main/oracle-cloud-n8n/workflows"
2475,"bell24h-rfq-notification-fixed.json","_archive/bell24h-main (1)/bell24h-main/oracle-cloud-n8n/workflows/bell24h-rfq-notification-fixed.json","current-repo","8335","2026-02-25","json","current-repo-filesystem","_archive/bell24h-main (1)/bell24h-main/oracle-cloud-n8n/workflows"
2476,"bell24h-rfq-notification-with-db.json","_archive/bell24h-main (1)/bell24h-main/oracle-cloud-n8n/workflows/bell24h-rfq-notification-with-db.json","current-repo","14440","2026-02-25","json","current-repo-filesystem","_archive/bell24h-main (1)/bell24h-main/oracle-cloud-n8n/workflows"
2477,"bell24h-rfq-notification.json","_archive/bell24h-main (1)/bell24h-main/oracle-cloud-n8n/workflows/bell24h-rfq-notification.json","current-repo","3234","2026-02-25","json","current-repo-filesystem","_archive/bell24h-main (1)/bell24h-main/oracle-cloud-n8n/workflows"
2478,"nano-banana-enrichment.json","_archive/bell24h-main (1)/bell24h-main/oracle-cloud-n8n/workflows/nano-banana-enrichment.json","current-repo","14611","2026-02-25","json","current-repo-filesystem","_archive/bell24h-main (1)/bell24h-main/oracle-cloud-n8n/workflows"
2479,"ORACLE-VM-DEPLOYMENT-GUIDE.md","_archive/bell24h-main (1)/bell24h-main/ORACLE-VM-DEPLOYMENT-GUIDE.md","current-repo","6777","2026-02-25","md","current-repo-filesystem","_archive/bell24h-main (1)/bell24h-main"
2480,"package-lock.json","_archive/bell24h-main (1)/bell24h-main/package-lock.json","current-repo","553946","2026-02-25","json","current-repo-filesystem","_archive/bell24h-main (1)/bell24h-main"
2481,"package.json","_archive/bell24h-main (1)/bell24h-main/package.json","current-repo","5148","2026-02-25","json","current-repo-filesystem","_archive/bell24h-main (1)/bell24h-main"
2482,"page-test-report.json","_archive/bell24h-main (1)/bell24h-main/page-test-report.json","current-repo","5132","2026-02-25","json","current-repo-filesystem","_archive/bell24h-main (1)/bell24h-main"
2483,"page-verification-report.json","_archive/bell24h-main (1)/bell24h-main/page-verification-report.json","current-repo","39816","2026-02-25","json","current-repo-filesystem","_archive/bell24h-main (1)/bell24h-main"
2484,"PERMANENT-Q-PREFIX-FIX.sh","_archive/bell24h-main (1)/bell24h-main/PERMANENT-Q-PREFIX-FIX.sh","current-repo","6449","2026-02-25","sh","current-repo-filesystem","_archive/bell24h-main (1)/bell24h-main"
2485,"postcss.config.cjs","_archive/bell24h-main (1)/bell24h-main/postcss.config.cjs","current-repo","96","2026-02-25","cjs","current-repo-filesystem","_archive/bell24h-main (1)/bell24h-main"
2486,"POST_AUDIT_PROTOCOL_COMPLETE.md","_archive/bell24h-main (1)/bell24h-main/POST_AUDIT_PROTOCOL_COMPLETE.md","current-repo","3434","2026-02-25","md","current-repo-filesystem","_archive/bell24h-main (1)/bell24h-main"
2487,"POST_AUDIT_PROTOCOL_IMPLEMENTATION_SUMMARY.md","_archive/bell24h-main (1)/bell24h-main/POST_AUDIT_PROTOCOL_IMPLEMENTATION_SUMMARY.md","current-repo","5783","2026-02-25","md","current-repo-filesystem","_archive/bell24h-main (1)/bell24h-main"
2488,"PRISMA_FIX_COMPLETE.md","_archive/bell24h-main (1)/bell24h-main/PRISMA_FIX_COMPLETE.md","current-repo","4434","2026-02-25","md","current-repo-filesystem","_archive/bell24h-main (1)/bell24h-main"
2489,"production.env.template","_archive/bell24h-main (1)/bell24h-main/production.env.template","current-repo","1690","2026-02-25","template","current-repo-filesystem","_archive/bell24h-main (1)/bell24h-main"
2490,"PRODUCTION_DEPLOYMENT_SUMMARY.md","_archive/bell24h-main (1)/bell24h-main/PRODUCTION_DEPLOYMENT_SUMMARY.md","current-repo","5632","2026-02-25","md","current-repo-filesystem","_archive/bell24h-main (1)/bell24h-main"
2491,"PROJECT-ENHANCEMENT-SUMMARY.md","_archive/bell24h-main (1)/bell24h-main/PROJECT-ENHANCEMENT-SUMMARY.md","current-repo","6675","2026-02-25","md","current-repo-filesystem","_archive/bell24h-main (1)/bell24h-main"
2492,"PROJECT-STATUS-CHECK.md","_archive/bell24h-main (1)/bell24h-main/PROJECT-STATUS-CHECK.md","current-repo","3742","2026-02-25","md","current-repo-filesystem","_archive/bell24h-main (1)/bell24h-main"
2493,"common.json","_archive/bell24h-main (1)/bell24h-main/public/locales/en/common.json","current-repo","7140","2026-02-25","json","current-repo-filesystem","_archive/bell24h-main (1)/bell24h-main/public/locales/en"
2494,"common.json","_archive/bell24h-main (1)/bell24h-main/public/locales/hi/common.json","current-repo","768","2026-02-25","json","current-repo-filesystem","_archive/bell24h-main (1)/bell24h-main/public/locales/hi"
2495,"dashboard.json","_archive/bell24h-main (1)/bell24h-main/public/locales/hi/dashboard.json","current-repo","490","2026-02-25","json","current-repo-filesystem","_archive/bell24h-main (1)/bell24h-main/public/locales/hi"
2496,"manifest.json","_archive/bell24h-main (1)/bell24h-main/public/manifest.json","current-repo","4323","2026-02-25","json","current-repo-filesystem","_archive/bell24h-main (1)/bell24h-main/public"
2497,"robots.txt","_archive/bell24h-main (1)/bell24h-main/public/robots.txt","current-repo","1377","2026-02-25","txt","current-repo-filesystem","_archive/bell24h-main (1)/bell24h-main/public"
2498,"temple-bell.mp3.txt","_archive/bell24h-main (1)/bell24h-main/public/sounds/temple-bell.mp3.txt","current-repo","702","2026-02-25","txt","current-repo-filesystem","_archive/bell24h-main (1)/bell24h-main/public/sounds"
2499,"QUICK-502-DIAGNOSIS.md","_archive/bell24h-main (1)/bell24h-main/QUICK-502-DIAGNOSIS.md","current-repo","6676","2026-02-25","md","current-repo-filesystem","_archive/bell24h-main (1)/bell24h-main"
2500,"QUICK-DEPLOY-ORACLE.md","_archive/bell24h-main (1)/bell24h-main/QUICK-DEPLOY-ORACLE.md","current-repo","3004","2026-02-25","md","current-repo-filesystem","_archive/bell24h-main (1)/bell24h-main"
2501,"quick-deploy.cjs","_archive/bell24h-main (1)/bell24h-main/quick-deploy.cjs","current-repo","5927","2026-02-25","cjs","current-repo-filesystem","_archive/bell24h-main (1)/bell24h-main"
2502,"QUICK-DIAGNOSTIC-COMMANDS.sh","_archive/bell24h-main (1)/bell24h-main/QUICK-DIAGNOSTIC-COMMANDS.sh","current-repo","1271","2026-02-25","sh","current-repo-filesystem","_archive/bell24h-main (1)/bell24h-main"
2503,"QUICK-FIX-N8N.sh","_archive/bell24h-main (1)/bell24h-main/QUICK-FIX-N8N.sh","current-repo","1733","2026-02-25","sh","current-repo-filesystem","_archive/bell24h-main (1)/bell24h-main"
2504,"QUICK-FIX-TIMEOUT.md","_archive/bell24h-main (1)/bell24h-main/QUICK-FIX-TIMEOUT.md","current-repo","1752","2026-02-25","md","current-repo-filesystem","_archive/bell24h-main (1)/bell24h-main"
2505,"quick-platform-test.cjs","_archive/bell24h-main (1)/bell24h-main/quick-platform-test.cjs","current-repo","7605","2026-02-25","cjs","current-repo-filesystem","_archive/bell24h-main (1)/bell24h-main"
2506,"QUICK-ROLLBACK.sh","_archive/bell24h-main (1)/bell24h-main/QUICK-ROLLBACK.sh","current-repo","1887","2026-02-25","sh","current-repo-filesystem","_archive/bell24h-main (1)/bell24h-main"
2507,"QUICK-START-AUTO-DEPLOY.md","_archive/bell24h-main (1)/bell24h-main/QUICK-START-AUTO-DEPLOY.md","current-repo","2029","2026-02-25","md","current-repo-filesystem","_archive/bell24h-main (1)/bell24h-main"
2508,"quick-status-check.cjs","_archive/bell24h-main (1)/bell24h-main/quick-status-check.cjs","current-repo","886","2026-02-25","cjs","current-repo-filesystem","_archive/bell24h-main (1)/bell24h-main"
2509,"QUICK_DEPLOYMENT_STEPS.txt","_archive/bell24h-main (1)/bell24h-main/QUICK_DEPLOYMENT_STEPS.txt","current-repo","1318","2026-02-25","txt","current-repo-filesystem","_archive/bell24h-main (1)/bell24h-main"
2510,"QUICK_DEPLOYMENT_TEST.txt","_archive/bell24h-main (1)/bell24h-main/QUICK_DEPLOYMENT_TEST.txt","current-repo","10250","2026-02-25","txt","current-repo-filesystem","_archive/bell24h-main (1)/bell24h-main"
2511,"QUICK_DEPLOY_COMMANDS.txt","_archive/bell24h-main (1)/bell24h-main/QUICK_DEPLOY_COMMANDS.txt","current-repo","1941","2026-02-25","txt","current-repo-filesystem","_archive/bell24h-main (1)/bell24h-main"
2512,"QUICK_DEPLOY_GUIDE.md","_archive/bell24h-main (1)/bell24h-main/QUICK_DEPLOY_GUIDE.md","current-repo","3485","2026-02-25","md","current-repo-filesystem","_archive/bell24h-main (1)/bell24h-main"
2513,"QUICK_START_PRODUCTION.md","_archive/bell24h-main (1)/bell24h-main/QUICK_START_PRODUCTION.md","current-repo","1522","2026-02-25","md","current-repo-filesystem","_archive/bell24h-main (1)/bell24h-main"
2514,"railway.env.example","_archive/bell24h-main (1)/bell24h-main/railway.env.example","current-repo","436","2026-02-25","example","current-repo-filesystem","_archive/bell24h-main (1)/bell24h-main"
2515,"railway.json","_archive/bell24h-main (1)/bell24h-main/railway.json","current-repo","186","2026-02-25","json","current-repo-filesystem","_archive/bell24h-main (1)/bell24h-main"
2516,"railway.toml","_archive/bell24h-main (1)/bell24h-main/railway.toml","current-repo","123","2026-02-25","toml","current-repo-filesystem","_archive/bell24h-main (1)/bell24h-main"
2517,"RE-RUN-DEPLOYMENT.md","_archive/bell24h-main (1)/bell24h-main/RE-RUN-DEPLOYMENT.md","current-repo","3122","2026-02-25","md","current-repo-filesystem","_archive/bell24h-main (1)/bell24h-main"
2518,"README.md","_archive/bell24h-main (1)/bell24h-main/README.md","current-repo","871","2026-02-25","md","current-repo-filesystem","_archive/bell24h-main (1)/bell24h-main"
2519,"README_DATABASE_ALTERNATIVES.md","_archive/bell24h-main (1)/bell24h-main/README_DATABASE_ALTERNATIVES.md","current-repo","2077","2026-02-25","md","current-repo-filesystem","_archive/bell24h-main (1)/bell24h-main"
2520,"REMOVE-FROM-HISTORY.ps1","_archive/bell24h-main (1)/bell24h-main/REMOVE-FROM-HISTORY.ps1","current-repo","3801","2026-02-25","ps1","current-repo-filesystem","_archive/bell24h-main (1)/bell24h-main"
2521,"REMOVE-LARGE-FILES.ps1","_archive/bell24h-main (1)/bell24h-main/REMOVE-LARGE-FILES.ps1","current-repo","4422","2026-02-25","ps1","current-repo-filesystem","_archive/bell24h-main (1)/bell24h-main"
2522,"REMOVE-NETLIFY-SIMPLE.ps1","_archive/bell24h-main (1)/bell24h-main/REMOVE-NETLIFY-SIMPLE.ps1","current-repo","3798","2026-02-25","ps1","current-repo-filesystem","_archive/bell24h-main (1)/bell24h-main"
2523,"request_body.json","_archive/bell24h-main (1)/bell24h-main/request_body.json","current-repo","75","2026-02-25","json","current-repo-filesystem","_archive/bell24h-main (1)/bell24h-main"
2524,"RUN-EMERGENCY-FIX-NOW.sh","_archive/bell24h-main (1)/bell24h-main/RUN-EMERGENCY-FIX-NOW.sh","current-repo","2806","2026-02-25","sh","current-repo-filesystem","_archive/bell24h-main (1)/bell24h-main"
2525,"audit-pages.cjs","_archive/bell24h-main (1)/bell24h-main/scripts/audit-pages.cjs","current-repo","16807","2026-02-25","cjs","current-repo-filesystem","_archive/bell24h-main (1)/bell24h-main/scripts"
2526,"backup-vercel-production.cjs","_archive/bell24h-main (1)/bell24h-main/scripts/backup-vercel-production.cjs","current-repo","5886","2026-02-25","cjs","current-repo-filesystem","_archive/bell24h-main (1)/bell24h-main/scripts"
2527,"backup.cjs","_archive/bell24h-main (1)/bell24h-main/scripts/backup.cjs","current-repo","1659","2026-02-25","cjs","current-repo-filesystem","_archive/bell24h-main (1)/bell24h-main/scripts"
2528,"create-staging-environment.cjs","_archive/bell24h-main (1)/bell24h-main/scripts/create-staging-environment.cjs","current-repo","12073","2026-02-25","cjs","current-repo-filesystem","_archive/bell24h-main (1)/bell24h-main/scripts"
2529,"deploy-escrow.cjs","_archive/bell24h-main (1)/bell24h-main/scripts/deploy-escrow.cjs","current-repo","4016","2026-02-25","cjs","current-repo-filesystem","_archive/bell24h-main (1)/bell24h-main/scripts"
2530,"deploy-production.sh","_archive/bell24h-main (1)/bell24h-main/scripts/deploy-production.sh","current-repo","4714","2026-02-25","sh","current-repo-filesystem","_archive/bell24h-main (1)/bell24h-main/scripts"
2531,"deploy-safe.cjs","_archive/bell24h-main (1)/bell24h-main/scripts/deploy-safe.cjs","current-repo","4182","2026-02-25","cjs","current-repo-filesystem","_archive/bell24h-main (1)/bell24h-main/scripts"
2532,"dev-workflow.cjs","_archive/bell24h-main (1)/bell24h-main/scripts/dev-workflow.cjs","current-repo","9594","2026-02-25","cjs","current-repo-filesystem","_archive/bell24h-main (1)/bell24h-main/scripts"
2533,"migrate-missing-pages.cjs","_archive/bell24h-main (1)/bell24h-main/scripts/migrate-missing-pages.cjs","current-repo","11807","2026-02-25","cjs","current-repo-filesystem","_archive/bell24h-main (1)/bell24h-main/scripts"
2534,"migration-test.cjs","_archive/bell24h-main (1)/bell24h-main/scripts/migration-test.cjs","current-repo","10058","2026-02-25","cjs","current-repo-filesystem","_archive/bell24h-main (1)/bell24h-main/scripts"
2535,"protect-files.cjs","_archive/bell24h-main (1)/bell24h-main/scripts/protect-files.cjs","current-repo","2847","2026-02-25","cjs","current-repo-filesystem","_archive/bell24h-main (1)/bell24h-main/scripts"
2536,"pull-vercel-source.cjs","_archive/bell24h-main (1)/bell24h-main/scripts/pull-vercel-source.cjs","current-repo","11328","2026-02-25","cjs","current-repo-filesystem","_archive/bell24h-main (1)/bell24h-main/scripts"
2537,"run-fixed-page-validation.cjs","_archive/bell24h-main (1)/bell24h-main/scripts/run-fixed-page-validation.cjs","current-repo","9910","2026-02-25","cjs","current-repo-filesystem","_archive/bell24h-main (1)/bell24h-main/scripts"
2538,"safe-merge.cjs","_archive/bell24h-main (1)/bell24h-main/scripts/safe-merge.cjs","current-repo","13306","2026-02-25","cjs","current-repo-filesystem","_archive/bell24h-main (1)/bell24h-main/scripts"
2539,"setup-api-integrations.cjs","_archive/bell24h-main (1)/bell24h-main/scripts/setup-api-integrations.cjs","current-repo","19898","2026-02-25","cjs","current-repo-filesystem","_archive/bell24h-main (1)/bell24h-main/scripts"
2540,"setup-database.cjs","_archive/bell24h-main (1)/bell24h-main/scripts/setup-database.cjs","current-repo","8780","2026-02-25","cjs","current-repo-filesystem","_archive/bell24h-main (1)/bell24h-main/scripts"
2541,"setup-env.cjs","_archive/bell24h-main (1)/bell24h-main/scripts/setup-env.cjs","current-repo","5970","2026-02-25","cjs","current-repo-filesystem","_archive/bell24h-main (1)/bell24h-main/scripts"
2542,"setup-production-db.sh","_archive/bell24h-main (1)/bell24h-main/scripts/setup-production-db.sh","current-repo","3358","2026-02-25","sh","current-repo-filesystem","_archive/bell24h-main (1)/bell24h-main/scripts"
2543,"setup-vercel-env.sh","_archive/bell24h-main (1)/bell24h-main/scripts/setup-vercel-env.sh","current-repo","3762","2026-02-25","sh","current-repo-filesystem","_archive/bell24h-main (1)/bell24h-main/scripts"
2544,"test-all-pages.cjs","_archive/bell24h-main (1)/bell24h-main/scripts/test-all-pages.cjs","current-repo","7067","2026-02-25","cjs","current-repo-filesystem","_archive/bell24h-main (1)/bell24h-main/scripts"
2545,"vercel-import.cjs","_archive/bell24h-main (1)/bell24h-main/scripts/vercel-import.cjs","current-repo","9796","2026-02-25","cjs","current-repo-filesystem","_archive/bell24h-main (1)/bell24h-main/scripts"
2546,"verify-pages.cjs","_archive/bell24h-main (1)/bell24h-main/scripts/verify-pages.cjs","current-repo","8105","2026-02-25","cjs","current-repo-filesystem","_archive/bell24h-main (1)/bell24h-main/scripts"
2547,"scripts.json","_archive/bell24h-main (1)/bell24h-main/scripts.json","current-repo","93","2026-02-25","json","current-repo-filesystem","_archive/bell24h-main (1)/bell24h-main"
2548,"SEO-HERO-SECTION-UPDATE.md","_archive/bell24h-main (1)/bell24h-main/SEO-HERO-SECTION-UPDATE.md","current-repo","5735","2026-02-25","md","current-repo-filesystem","_archive/bell24h-main (1)/bell24h-main"
2549,".env.example","_archive/bell24h-main (1)/bell24h-main/server/.env.example","current-repo","680","2026-02-25","example","current-repo-filesystem","_archive/bell24h-main (1)/bell24h-main/server"
2550,".env.test","_archive/bell24h-main (1)/bell24h-main/server/.env.test","current-repo","231","2026-02-25","test","current-repo-filesystem","_archive/bell24h-main (1)/bell24h-main/server"
2551,"test.spec.cjs","_archive/bell24h-main (1)/bell24h-main/server/e2e/test.spec.cjs","current-repo","194","2026-02-25","cjs","current-repo-filesystem","_archive/bell24h-main (1)/bell24h-main/server/e2e"
2552,"tsconfig.json","_archive/bell24h-main (1)/bell24h-main/server/e2e/tsconfig.json","current-repo","773","2026-02-25","json","current-repo-filesystem","_archive/bell24h-main (1)/bell24h-main/server/e2e"
2553,"package-lock.json","_archive/bell24h-main (1)/bell24h-main/server/package-lock.json","current-repo","429277","2026-02-25","json","current-repo-filesystem","_archive/bell24h-main (1)/bell24h-main/server"
2554,"package.json","_archive/bell24h-main (1)/bell24h-main/server/package.json","current-repo","3960","2026-02-25","json","current-repo-filesystem","_archive/bell24h-main (1)/bell24h-main/server"
2555,"tsconfig.json","_archive/bell24h-main (1)/bell24h-main/server/tsconfig.json","current-repo","374","2026-02-25","json","current-repo-filesystem","_archive/bell24h-main (1)/bell24h-main/server"
2556,"tsconfig.test.json","_archive/bell24h-main (1)/bell24h-main/server/tsconfig.test.json","current-repo","350","2026-02-25","json","current-repo-filesystem","_archive/bell24h-main (1)/bell24h-main/server"
2557,"server-tsconfig.json","_archive/bell24h-main (1)/bell24h-main/server-tsconfig.json","current-repo","264","2026-02-25","json","current-repo-filesystem","_archive/bell24h-main (1)/bell24h-main"
2558,"setup-github-deploy.ps1","_archive/bell24h-main (1)/bell24h-main/setup-github-deploy.ps1","current-repo","2032","2026-02-25","ps1","current-repo-filesystem","_archive/bell24h-main (1)/bell24h-main"
2559,"SETUP-GITHUB-SECRET.md","_archive/bell24h-main (1)/bell24h-main/SETUP-GITHUB-SECRET.md","current-repo","4196","2026-02-25","md","current-repo-filesystem","_archive/bell24h-main (1)/bell24h-main"
2560,"setup-ssl-automated.sh","_archive/bell24h-main (1)/bell24h-main/setup-ssl-automated.sh","current-repo","7212","2026-02-25","sh","current-repo-filesystem","_archive/bell24h-main (1)/bell24h-main"
2561,"setup-ssl-direct.ps1","_archive/bell24h-main (1)/bell24h-main/setup-ssl-direct.ps1","current-repo","9011","2026-02-25","ps1","current-repo-filesystem","_archive/bell24h-main (1)/bell24h-main"
2562,"setup-ssl-upload-execute.ps1","_archive/bell24h-main (1)/bell24h-main/setup-ssl-upload-execute.ps1","current-repo","3033","2026-02-25","ps1","current-repo-filesystem","_archive/bell24h-main (1)/bell24h-main"
2563,"setup-ssl-via-ssh.ps1","_archive/bell24h-main (1)/bell24h-main/setup-ssl-via-ssh.ps1","current-repo","2599","2026-02-25","ps1","current-repo-filesystem","_archive/bell24h-main (1)/bell24h-main"
2564,"SETUP_COMPLETE.md","_archive/bell24h-main (1)/bell24h-main/SETUP_COMPLETE.md","current-repo","5614","2026-02-25","md","current-repo-filesystem","_archive/bell24h-main (1)/bell24h-main"
2565,"SIMPLE-DEPLOY-STEPS.md","_archive/bell24h-main (1)/bell24h-main/SIMPLE-DEPLOY-STEPS.md","current-repo","7066","2026-02-25","md","current-repo-filesystem","_archive/bell24h-main (1)/bell24h-main"
2566,"SIMPLE_DEPLOY_COMMANDS.txt","_archive/bell24h-main (1)/bell24h-main/SIMPLE_DEPLOY_COMMANDS.txt","current-repo","897","2026-02-25","txt","current-repo-filesystem","_archive/bell24h-main (1)/bell24h-main"
2567,"SITE-IS-LIVE-NEXT-STEPS.md","_archive/bell24h-main (1)/bell24h-main/SITE-IS-LIVE-NEXT-STEPS.md","current-repo","6150","2026-02-25","md","current-repo-filesystem","_archive/bell24h-main (1)/bell24h-main"
2568,"package.json","_archive/bell24h-main (1)/bell24h-main/src/generated/prisma/package.json","current-repo","4219","2026-02-25","json","current-repo-filesystem","_archive/bell24h-main (1)/bell24h-main/src/generated/prisma"
2569,"SSL-ACTIVE-CONFIGURE-N8N-ROUTING.md","_archive/bell24h-main (1)/bell24h-main/SSL-ACTIVE-CONFIGURE-N8N-ROUTING.md","current-repo","5794","2026-02-25","md","current-repo-filesystem","_archive/bell24h-main (1)/bell24h-main"
2570,"SSL-CERTIFICATES-ALREADY-ACTIVE.md","_archive/bell24h-main (1)/bell24h-main/SSL-CERTIFICATES-ALREADY-ACTIVE.md","current-repo","3776","2026-02-25","md","current-repo-filesystem","_archive/bell24h-main (1)/bell24h-main"
2571,"SSL-CONFIGURED-FIX-CONNECTION.md","_archive/bell24h-main (1)/bell24h-main/SSL-CONFIGURED-FIX-CONNECTION.md","current-repo","4945","2026-02-25","md","current-repo-filesystem","_archive/bell24h-main (1)/bell24h-main"
2572,"SSL-SETUP-COMMAND.txt","_archive/bell24h-main (1)/bell24h-main/SSL-SETUP-COMMAND.txt","current-repo","6735","2026-02-25","txt","current-repo-filesystem","_archive/bell24h-main (1)/bell24h-main"
2573,"START-NGINX-VERIFY-CONFIG.md","_archive/bell24h-main (1)/bell24h-main/START-NGINX-VERIFY-CONFIG.md","current-repo","5209","2026-02-25","md","current-repo-filesystem","_archive/bell24h-main (1)/bell24h-main"
2574,"start_clean_dev.ps1","_archive/bell24h-main (1)/bell24h-main/start_clean_dev.ps1","current-repo","2832","2026-02-25","ps1","current-repo-filesystem","_archive/bell24h-main (1)/bell24h-main"
2575,"SUPPLIER_PROFILE_FILES_INVENTORY.md","_archive/bell24h-main (1)/bell24h-main/SUPPLIER_PROFILE_FILES_INVENTORY.md","current-repo","8660","2026-02-25","md","current-repo-filesystem","_archive/bell24h-main (1)/bell24h-main"
2576,"SUPPLIER_PROFILE_IMPLEMENTATION_PLAN.md","_archive/bell24h-main (1)/bell24h-main/SUPPLIER_PROFILE_IMPLEMENTATION_PLAN.md","current-repo","13904","2026-02-25","md","current-repo-filesystem","_archive/bell24h-main (1)/bell24h-main"
2577,"task-definition.json","_archive/bell24h-main (1)/bell24h-main/task-definition.json","current-repo","4324","2026-02-25","json","current-repo-filesystem","_archive/bell24h-main (1)/bell24h-main"
2578,"test-bell24h-complete.cjs","_archive/bell24h-main (1)/bell24h-main/test-bell24h-complete.cjs","current-repo","13044","2026-02-25","cjs","current-repo-filesystem","_archive/bell24h-main (1)/bell24h-main"
2579,"test-final-fixes.cjs","_archive/bell24h-main (1)/bell24h-main/test-final-fixes.cjs","current-repo","5768","2026-02-25","cjs","current-repo-filesystem","_archive/bell24h-main (1)/bell24h-main"
2580,"test-system-complete.cjs","_archive/bell24h-main (1)/bell24h-main/test-system-complete.cjs","current-repo","6141","2026-02-25","cjs","current-repo-filesystem","_archive/bell24h-main (1)/bell24h-main"
2581,"TODO-21-25-IMPLEMENTATION-COMPLETE.md","_archive/bell24h-main (1)/bell24h-main/TODO-21-25-IMPLEMENTATION-COMPLETE.md","current-repo","5742","2026-02-25","md","current-repo-filesystem","_archive/bell24h-main (1)/bell24h-main"
2582,"TODO-21-25-IMPLEMENTATION-PLAN.md","_archive/bell24h-main (1)/bell24h-main/TODO-21-25-IMPLEMENTATION-PLAN.md","current-repo","1613","2026-02-25","md","current-repo-filesystem","_archive/bell24h-main (1)/bell24h-main"
2583,"TODO-ITEMS-21-25-EXTRACTED.md","_archive/bell24h-main (1)/bell24h-main/TODO-ITEMS-21-25-EXTRACTED.md","current-repo","4598","2026-02-25","md","current-repo-filesystem","_archive/bell24h-main (1)/bell24h-main"
2584,"train_supplier_model.py","_archive/bell24h-main (1)/bell24h-main/train_supplier_model.py","current-repo","1049","2026-02-25","py","current-repo-filesystem","_archive/bell24h-main (1)/bell24h-main"
2585,"tsconfig.e2e.json","_archive/bell24h-main (1)/bell24h-main/tsconfig.e2e.json","current-repo","186","2026-02-25","json","current-repo-filesystem","_archive/bell24h-main (1)/bell24h-main"
2586,"tsconfig.json","_archive/bell24h-main (1)/bell24h-main/tsconfig.json","current-repo","840","2026-02-25","json","current-repo-filesystem","_archive/bell24h-main (1)/bell24h-main"
2587,"tsconfig.server.json","_archive/bell24h-main (1)/bell24h-main/tsconfig.server.json","current-repo","157","2026-02-25","json","current-repo-filesystem","_archive/bell24h-main (1)/bell24h-main"
2588,"ULTRA-FAST-MCP-WORKING-REPORT.md","_archive/bell24h-main (1)/bell24h-main/ULTRA-FAST-MCP-WORKING-REPORT.md","current-repo","10083","2026-02-25","md","current-repo-filesystem","_archive/bell24h-main (1)/bell24h-main"
2589,"update-env.sh","_archive/bell24h-main (1)/bell24h-main/update-env.sh","current-repo","1085","2026-02-25","sh","current-repo-filesystem","_archive/bell24h-main (1)/bell24h-main"
2590,"USER-DASHBOARD-FEATURES-LIST.md","_archive/bell24h-main (1)/bell24h-main/USER-DASHBOARD-FEATURES-LIST.md","current-repo","8092","2026-02-25","md","current-repo-filesystem","_archive/bell24h-main (1)/bell24h-main"
2591,"package-lock.json","_archive/bell24h-main (1)/bell24h-main/vercel-clean-deploy/package-lock.json","current-repo","826620","2026-02-25","json","current-repo-filesystem","_archive/bell24h-main (1)/bell24h-main/vercel-clean-deploy"
2592,"package.json","_archive/bell24h-main (1)/bell24h-main/vercel-clean-deploy/package.json","current-repo","6499","2026-02-25","json","current-repo-filesystem","_archive/bell24h-main (1)/bell24h-main/vercel-clean-deploy"
2593,"common.json","_archive/bell24h-main (1)/bell24h-main/vercel-clean-deploy/public/locales/en/common.json","current-repo","7140","2026-02-25","json","current-repo-filesystem","_archive/bell24h-main (1)/bell24h-main/vercel-clean-deploy/public/locales/en"
2594,"temple-bell.mp3.txt","_archive/bell24h-main (1)/bell24h-main/vercel-clean-deploy/public/sounds/temple-bell.mp3.txt","current-repo","702","2026-02-25","txt","current-repo-filesystem","_archive/bell24h-main (1)/bell24h-main/vercel-clean-deploy/public/sounds"
2595,"tsconfig.json","_archive/bell24h-main (1)/bell24h-main/vercel-clean-deploy/tsconfig.json","current-repo","731","2026-02-25","json","current-repo-filesystem","_archive/bell24h-main (1)/bell24h-main/vercel-clean-deploy"
2596,"vercel.json","_archive/bell24h-main (1)/bell24h-main/vercel-clean-deploy/vercel.json","current-repo","128","2026-02-25","json","current-repo-filesystem","_archive/bell24h-main (1)/bell24h-main/vercel-clean-deploy"
2597,"vercel.json","_archive/bell24h-main (1)/bell24h-main/vercel.json","current-repo","1653","2026-02-25","json","current-repo-filesystem","_archive/bell24h-main (1)/bell24h-main"
2598,"vercel.local.json","_archive/bell24h-main (1)/bell24h-main/vercel.local.json","current-repo","3","2026-02-25","json","current-repo-filesystem","_archive/bell24h-main (1)/bell24h-main"
2599,"vercel.production.json","_archive/bell24h-main (1)/bell24h-main/vercel.production.json","current-repo","1714","2026-02-25","json","current-repo-filesystem","_archive/bell24h-main (1)/bell24h-main"
2600,"VERIFY-SITE-STATUS.md","_archive/bell24h-main (1)/bell24h-main/VERIFY-SITE-STATUS.md","current-repo","3966","2026-02-25","md","current-repo-filesystem","_archive/bell24h-main (1)/bell24h-main"
2601,"WHAT-IS-NEXT.md","_archive/bell24h-main (1)/bell24h-main/WHAT-IS-NEXT.md","current-repo","4097","2026-02-25","md","current-repo-filesystem","_archive/bell24h-main (1)/bell24h-main"
2602,"wrangler.toml","_archive/bell24h-main (1)/bell24h-main/wrangler.toml","current-repo","334","2026-02-25","toml","current-repo-filesystem","_archive/bell24h-main (1)/bell24h-main"
2603,"🔥 BELL24h_ One-Page Brutal Truth.pdf","_archive/bell24h-main (1)/bell24h-main/🔥 BELL24h_ One-Page Brutal Truth.pdf","current-repo","168986","2026-02-25","pdf","current-repo-filesystem","_archive/bell24h-main (1)/bell24h-main"
2604,"🔥 BRUTAL TRUTH_ BELL24h Revenue Reality Check.pdf","_archive/bell24h-main (1)/bell24h-main/🔥 BRUTAL TRUTH_ BELL24h Revenue Reality Check.pdf","current-repo","258494","2026-02-25","pdf","current-repo-filesystem","_archive/bell24h-main (1)/bell24h-main"
2605,".env.production","_archive/client/.env.production","current-repo","1465","2026-02-25","production","current-repo-filesystem","_archive/client"
2606,".eslintrc.json","_archive/client/.eslintrc.json","current-repo","657","2026-02-25","json","current-repo-filesystem","_archive/client"
2607,"auto-categories.yml","_archive/client/.github/workflows/auto-categories.yml","current-repo","4595","2026-02-25","yml","current-repo-filesystem","_archive/client/.github/workflows"
2608,"auto-deploy.yml","_archive/client/.github/workflows/auto-deploy.yml","current-repo","6976","2026-02-25","yml","current-repo-filesystem","_archive/client/.github/workflows"
2609,"ci.yml","_archive/client/.github/workflows/ci.yml","current-repo","3128","2026-02-25","yml","current-repo-filesystem","_archive/client/.github/workflows"
2610,"deploy-bell24h.yml","_archive/client/.github/workflows/deploy-bell24h.yml","current-repo","7402","2026-02-25","yml","current-repo-filesystem","_archive/client/.github/workflows"
2611,"AI_FEATURES_ANALYSIS.md","_archive/client/AI_FEATURES_ANALYSIS.md","current-repo","4621","2026-02-25","md","current-repo-filesystem","_archive/client"
2612,"API_TESTING_GUIDE.md","_archive/client/API_TESTING_GUIDE.md","current-repo","3745","2026-02-25","md","current-repo-filesystem","_archive/client"
2613,"ARCHITECTURE_ANALYSIS.md","_archive/client/ARCHITECTURE_ANALYSIS.md","current-repo","6507","2026-02-25","md","current-repo-filesystem","_archive/client"
2614,"AUTOMATED_DEPLOYMENT_GUIDE.md","_archive/client/AUTOMATED_DEPLOYMENT_GUIDE.md","current-repo","8798","2026-02-25","md","current-repo-filesystem","_archive/client"
2615,"package-lock.json","_archive/client/blockchain/package-lock.json","current-repo","251027","2026-02-25","json","current-repo-filesystem","_archive/client/blockchain"
2616,"package.json","_archive/client/blockchain/package.json","current-repo","965","2026-02-25","json","current-repo-filesystem","_archive/client/blockchain"
2617,"check-tables.sql","_archive/client/check-tables.sql","current-repo","77","2026-02-25","sql","current-repo-filesystem","_archive/client"
2618,"CLOUDFLARE_NAMESERVERS.txt","_archive/client/CLOUDFLARE_NAMESERVERS.txt","current-repo","703","2026-02-25","txt","current-repo-filesystem","_archive/client"
2619,"COMPREHENSIVE_AUDIT.md","_archive/client/COMPREHENSIVE_AUDIT.md","current-repo","11344","2026-02-25","md","current-repo-filesystem","_archive/client"
2620,"COMPREHENSIVE_SETUP_README.md","_archive/client/COMPREHENSIVE_SETUP_README.md","current-repo","9997","2026-02-25","md","current-repo-filesystem","_archive/client"
2621,"README.md","_archive/client/cypress/README.md","current-repo","4640","2026-02-25","md","current-repo-filesystem","_archive/client/cypress"
2622,"deploy-fly.ps1","_archive/client/deploy-fly.ps1","current-repo","6261","2026-02-25","ps1","current-repo-filesystem","_archive/client"
2623,"deploy-ssh.ps1","_archive/client/deploy-ssh.ps1","current-repo","3434","2026-02-25","ps1","current-repo-filesystem","_archive/client"
2624,"deploy-to-vercel.ps1","_archive/client/deploy-to-vercel.ps1","current-repo","963","2026-02-25","ps1","current-repo-filesystem","_archive/client"
2625,"deploy.ps1","_archive/client/deploy.ps1","current-repo","641","2026-02-25","ps1","current-repo-filesystem","_archive/client"
2626,"deploy.sh","_archive/client/deploy.sh","current-repo","444","2026-02-25","sh","current-repo-filesystem","_archive/client"
2627,"docker-compose.production.yml","_archive/client/deployment/docker-compose.production.yml","current-repo","4164","2026-02-25","yml","current-repo-filesystem","_archive/client/deployment"
2628,"deployment-sepolia-1750821000242.json","_archive/client/deployments/deployment-sepolia-1750821000242.json","current-repo","1795","2026-02-25","json","current-repo-filesystem","_archive/client/deployments"
2629,"deployment-sepolia-1750821000382.json","_archive/client/deployments/deployment-sepolia-1750821000382.json","current-repo","1795","2026-02-25","json","current-repo-filesystem","_archive/client/deployments"
2630,"deployment-sepolia-1750821063711.json","_archive/client/deployments/deployment-sepolia-1750821063711.json","current-repo","534","2026-02-25","json","current-repo-filesystem","_archive/client/deployments"
2631,"deployment-sepolia-1750821063886.json","_archive/client/deployments/deployment-sepolia-1750821063886.json","current-repo","534","2026-02-25","json","current-repo-filesystem","_archive/client/deployments"
2632,"deployment-sepolia-1750873878414.json","_archive/client/deployments/deployment-sepolia-1750873878414.json","current-repo","534","2026-02-25","json","current-repo-filesystem","_archive/client/deployments"
2633,"deployment-sepolia-1750873878506.json","_archive/client/deployments/deployment-sepolia-1750873878506.json","current-repo","534","2026-02-25","json","current-repo-filesystem","_archive/client/deployments"
2634,"deployment-sepolia-1750874902251.json","_archive/client/deployments/deployment-sepolia-1750874902251.json","current-repo","534","2026-02-25","json","current-repo-filesystem","_archive/client/deployments"
2635,"deployment-sepolia-1750874902415.json","_archive/client/deployments/deployment-sepolia-1750874902415.json","current-repo","534","2026-02-25","json","current-repo-filesystem","_archive/client/deployments"
2636,"deployment-sepolia-1751339466284.json","_archive/client/deployments/deployment-sepolia-1751339466284.json","current-repo","534","2026-02-25","json","current-repo-filesystem","_archive/client/deployments"
2637,"deployment-sepolia-1751339466399.json","_archive/client/deployments/deployment-sepolia-1751339466399.json","current-repo","534","2026-02-25","json","current-repo-filesystem","_archive/client/deployments"
2638,"deployment-sepolia-1754075911920.json","_archive/client/deployments/deployment-sepolia-1754075911920.json","current-repo","533","2026-02-25","json","current-repo-filesystem","_archive/client/deployments"
2639,"deployment-sepolia-1754075912202.json","_archive/client/deployments/deployment-sepolia-1754075912202.json","current-repo","533","2026-02-25","json","current-repo-filesystem","_archive/client/deployments"
2640,"deployment-sepolia-1754076005060.json","_archive/client/deployments/deployment-sepolia-1754076005060.json","current-repo","533","2026-02-25","json","current-repo-filesystem","_archive/client/deployments"
2641,"deployment-sepolia-1754076005378.json","_archive/client/deployments/deployment-sepolia-1754076005378.json","current-repo","533","2026-02-25","json","current-repo-filesystem","_archive/client/deployments"
2642,"DEPLOYMENT_GUIDE.md","_archive/client/DEPLOYMENT_GUIDE.md","current-repo","8222","2026-02-25","md","current-repo-filesystem","_archive/client"
2643,"DEPLOYMENT_STATUS_UPDATE.md","_archive/client/DEPLOYMENT_STATUS_UPDATE.md","current-repo","3685","2026-02-25","md","current-repo-filesystem","_archive/client"
2644,"DEPLOYMENT_VERIFICATION_REPORT.md","_archive/client/DEPLOYMENT_VERIFICATION_REPORT.md","current-repo","3692","2026-02-25","md","current-repo-filesystem","_archive/client"
2645,"DNS_SETUP_GUIDE.txt","_archive/client/DNS_SETUP_GUIDE.txt","current-repo","741","2026-02-25","txt","current-repo-filesystem","_archive/client"
2646,"docker-compose.n8n.yml","_archive/client/docker-compose.n8n.yml","current-repo","3004","2026-02-25","yml","current-repo-filesystem","_archive/client"
2647,"docker-compose.yml","_archive/client/docker-compose.yml","current-repo","4237","2026-02-25","yml","current-repo-filesystem","_archive/client"
2648,"Dockerfile","_archive/client/Dockerfile","current-repo","1831","2026-02-25","Dockerfile","current-repo-filesystem","_archive/client"
2649,"Dockerfile.n8n","_archive/client/Dockerfile.n8n","current-repo","798","2026-02-25","n8n","current-repo-filesystem","_archive/client"
2650,"EMERGENCY_VERCEL_FIX.md","_archive/client/EMERGENCY_VERCEL_FIX.md","current-repo","2016","2026-02-25","md","current-repo-filesystem","_archive/client"
2651,"env-example.txt","_archive/client/env-example.txt","current-repo","466","2026-02-25","txt","current-repo-filesystem","_archive/client"
2652,"FINAL_DOMAIN_SETUP.txt","_archive/client/FINAL_DOMAIN_SETUP.txt","current-repo","980","2026-02-25","txt","current-repo-filesystem","_archive/client"
2653,"FINAL_LAUNCH_SQL.sql","_archive/client/FINAL_LAUNCH_SQL.sql","current-repo","1485","2026-02-25","sql","current-repo-filesystem","_archive/client"
2654,"FINAL_STATUS_REPORT.md","_archive/client/FINAL_STATUS_REPORT.md","current-repo","4127","2026-02-25","md","current-repo-filesystem","_archive/client"
2655,"FIXES_COMPLETE.md","_archive/client/FIXES_COMPLETE.md","current-repo","3810","2026-02-25","md","current-repo-filesystem","_archive/client"
2656,"FLY-DEPLOYMENT-GUIDE.md","_archive/client/FLY-DEPLOYMENT-GUIDE.md","current-repo","4371","2026-02-25","md","current-repo-filesystem","_archive/client"
2657,"fly.toml","_archive/client/fly.toml","current-repo","487","2026-02-25","toml","current-repo-filesystem","_archive/client"
2658,"HOMEPAGE_COMPLETE_STATUS.md","_archive/client/HOMEPAGE_COMPLETE_STATUS.md","current-repo","5409","2026-02-25","md","current-repo-filesystem","_archive/client"
2659,"HOW_TO_RUN.txt","_archive/client/HOW_TO_RUN.txt","current-repo","2097","2026-02-25","txt","current-repo-filesystem","_archive/client"
2660,"lighthouse-mobile-baseline.json","_archive/client/lighthouse-mobile-baseline.json","current-repo","762722","2026-02-25","json","current-repo-filesystem","_archive/client"
2661,"lighthouse-report.json","_archive/client/lighthouse-report.json","current-repo","799375","2026-02-25","json","current-repo-filesystem","_archive/client"
2662,"LIVE_WEBSITE_VERIFICATION.md","_archive/client/LIVE_WEBSITE_VERIFICATION.md","current-repo","3455","2026-02-25","md","current-repo-filesystem","_archive/client"
2663,"MIGRATION_PLAN.md","_archive/client/MIGRATION_PLAN.md","current-repo","7403","2026-02-25","md","current-repo-filesystem","_archive/client"
2664,"neon-config.json","_archive/client/neon-config.json","current-repo","4269","2026-02-25","json","current-repo-filesystem","_archive/client"
2665,"ONBOARDING_FIX_GUIDE.md","_archive/client/ONBOARDING_FIX_GUIDE.md","current-repo","1522","2026-02-25","md","current-repo-filesystem","_archive/client"
2666,"openai_key.txt","_archive/client/openai_key.txt","current-repo","364","2026-02-25","txt","current-repo-filesystem","_archive/client"
2667,"deploy.sh","_archive/client/oracle-deployment/core-api/deploy.sh","current-repo","1810","2026-02-25","sh","current-repo-filesystem","_archive/client/oracle-deployment/core-api"
2668,"package.json","_archive/client/oracle-deployment/core-api/package.json","current-repo","674","2026-02-25","json","current-repo-filesystem","_archive/client/oracle-deployment/core-api"
2669,"deploy-all.sh","_archive/client/oracle-deployment/deploy-all.sh","current-repo","5322","2026-02-25","sh","current-repo-filesystem","_archive/client/oracle-deployment"
2670,"deploy.sh","_archive/client/oracle-deployment/ml-service/deploy.sh","current-repo","1792","2026-02-25","sh","current-repo-filesystem","_archive/client/oracle-deployment/ml-service"
2671,"main.py","_archive/client/oracle-deployment/ml-service/main.py","current-repo","11630","2026-02-25","py","current-repo-filesystem","_archive/client/oracle-deployment/ml-service"
2672,"requirements.txt","_archive/client/oracle-deployment/ml-service/requirements.txt","current-repo","154","2026-02-25","txt","current-repo-filesystem","_archive/client/oracle-deployment/ml-service"
2673,"README.md","_archive/client/oracle-deployment/README.md","current-repo","8698","2026-02-25","md","current-repo-filesystem","_archive/client/oracle-deployment"
2674,"package-lock.json","_archive/client/package-lock.json","current-repo","225897","2026-02-25","json","current-repo-filesystem","_archive/client"
2675,"package.json","_archive/client/package.json","current-repo","1074","2026-02-25","json","current-repo-filesystem","_archive/client"
2676,"PERFORMANCE_OPTIMIZATION.md","_archive/client/PERFORMANCE_OPTIMIZATION.md","current-repo","5678","2026-02-25","md","current-repo-filesystem","_archive/client"
2677,"PERFORMANCE_ROUTE_FIX_SUMMARY.md","_archive/client/PERFORMANCE_ROUTE_FIX_SUMMARY.md","current-repo","4616","2026-02-25","md","current-repo-filesystem","_archive/client"
2678,"PRISMA_CASING_FIX_SUMMARY.md","_archive/client/PRISMA_CASING_FIX_SUMMARY.md","current-repo","5370","2026-02-25","md","current-repo-filesystem","_archive/client"
2679,"production.env.template","_archive/client/production.env.template","current-repo","2201","2026-02-25","template","current-repo-filesystem","_archive/client"
2680,"common.json","_archive/client/public/locales/hi/common.json","current-repo","768","2026-02-25","json","current-repo-filesystem","_archive/client/public/locales/hi"
2681,"dashboard.json","_archive/client/public/locales/hi/dashboard.json","current-repo","490","2026-02-25","json","current-repo-filesystem","_archive/client/public/locales/hi"
2682,"manifest.json","_archive/client/public/manifest.json","current-repo","4323","2026-02-25","json","current-repo-filesystem","_archive/client/public"
2683,"robots.txt","_archive/client/public/robots.txt","current-repo","1377","2026-02-25","txt","current-repo-filesystem","_archive/client/public"
2684,"QUICK_FIX_SUMMARY.md","_archive/client/QUICK_FIX_SUMMARY.md","current-repo","1898","2026-02-25","md","current-repo-filesystem","_archive/client"
2685,"railway.env.example","_archive/client/railway.env.example","current-repo","373","2026-02-25","example","current-repo-filesystem","_archive/client"
2686,"railway.json","_archive/client/railway.json","current-repo","332","2026-02-25","json","current-repo-filesystem","_archive/client"
2687,"RETURNS_ARRAY_FIX_SUMMARY.md","_archive/client/RETURNS_ARRAY_FIX_SUMMARY.md","current-repo","9008","2026-02-25","md","current-repo-filesystem","_archive/client"
2688,"RISKMETRICS_FIX_SUMMARY.md","_archive/client/RISKMETRICS_FIX_SUMMARY.md","current-repo","8073","2026-02-25","md","current-repo-filesystem","_archive/client"
2689,"run-comprehensive-setup.ps1","_archive/client/run-comprehensive-setup.ps1","current-repo","974","2026-02-25","ps1","current-repo-filesystem","_archive/client"
2690,"bulk-directory-submit.py","_archive/client/scripts/bulk-directory-submit.py","current-repo","16684","2026-02-25","py","current-repo-filesystem","_archive/client/scripts"
2691,"deploy-n8n-cloud.sh","_archive/client/scripts/deploy-n8n-cloud.sh","current-repo","8654","2026-02-25","sh","current-repo-filesystem","_archive/client/scripts"
2692,"deploy-n8n-production.sh","_archive/client/scripts/deploy-n8n-production.sh","current-repo","6156","2026-02-25","sh","current-repo-filesystem","_archive/client/scripts"
2693,"generate_categories.py","_archive/client/scripts/generate_categories.py","current-repo","15368","2026-02-25","py","current-repo-filesystem","_archive/client/scripts"
2694,"security-audit.json","_archive/client/security-audit.json","current-repo","15816","2026-02-25","json","current-repo-filesystem","_archive/client"
2695,"SENTIMENT_FIX_SUMMARY.md","_archive/client/SENTIMENT_FIX_SUMMARY.md","current-repo","7982","2026-02-25","md","current-repo-filesystem","_archive/client"
2696,"setup-ssh-key.ps1","_archive/client/setup-ssh-key.ps1","current-repo","3439","2026-02-25","ps1","current-repo-filesystem","_archive/client"
2697,"SSH-DEPLOYMENT-GUIDE.md","_archive/client/SSH-DEPLOYMENT-GUIDE.md","current-repo","10645","2026-02-25","md","current-repo-filesystem","_archive/client"
2698,"STATUS_REPORT.md","_archive/client/STATUS_REPORT.md","current-repo","5194","2026-02-25","md","current-repo-filesystem","_archive/client"
2699,"STOCK_DATA_FIX_SUMMARY.md","_archive/client/STOCK_DATA_FIX_SUMMARY.md","current-repo","6476","2026-02-25","md","current-repo-filesystem","_archive/client"
2700,"supabase-schema.sql","_archive/client/supabase-schema.sql","current-repo","1566","2026-02-25","sql","current-repo-filesystem","_archive/client"
2701,"test-apis.ps1","_archive/client/test-apis.ps1","current-repo","2634","2026-02-25","ps1","current-repo-filesystem","_archive/client"
2702,"test-build.ps1","_archive/client/test-build.ps1","current-repo","448","2026-02-25","ps1","current-repo-filesystem","_archive/client"
2703,"test-website.ps1","_archive/client/test-website.ps1","current-repo","2158","2026-02-25","ps1","current-repo-filesystem","_archive/client"
2704,"THEME_UPDATE_COMPLETE.md","_archive/client/THEME_UPDATE_COMPLETE.md","current-repo","3353","2026-02-25","md","current-repo-filesystem","_archive/client"
2705,"tsconfig.json","_archive/client/tsconfig.json","current-repo","1106","2026-02-25","json","current-repo-filesystem","_archive/client"
2706,"TYPESCRIPT_FIXES_SUMMARY.md","_archive/client/TYPESCRIPT_FIXES_SUMMARY.md","current-repo","2729","2026-02-25","md","current-repo-filesystem","_archive/client"
2707,"TYPE_MISMATCH_FIX_SUMMARY.md","_archive/client/TYPE_MISMATCH_FIX_SUMMARY.md","current-repo","7452","2026-02-25","md","current-repo-filesystem","_archive/client"
2708,"UPDATE_NAMESERVERS.txt","_archive/client/UPDATE_NAMESERVERS.txt","current-repo","856","2026-02-25","txt","current-repo-filesystem","_archive/client"
2709,"user_profiles_schema.sql","_archive/client/user_profiles_schema.sql","current-repo","2319","2026-02-25","sql","current-repo-filesystem","_archive/client"
2710,"VERCEL-ENVIRONMENT-SETUP.md","_archive/client/VERCEL-ENVIRONMENT-SETUP.md","current-repo","3697","2026-02-25","md","current-repo-filesystem","_archive/client"
2711,"vercel.json","_archive/client/vercel.json","current-repo","147","2026-02-25","json","current-repo-filesystem","_archive/client"
2712,"VERCEL_BUILD_FIX_SUMMARY.md","_archive/client/VERCEL_BUILD_FIX_SUMMARY.md","current-repo","1655","2026-02-25","md","current-repo-filesystem","_archive/client"
2713,"VIDEO_RFQ_FIXED.txt","_archive/client/VIDEO_RFQ_FIXED.txt","current-repo","3262","2026-02-25","txt","current-repo-filesystem","_archive/client"
2714,"VOICE_RFQ_FIXED.txt","_archive/client/VOICE_RFQ_FIXED.txt","current-repo","2921","2026-02-25","txt","current-repo-filesystem","_archive/client"
2715,"netlify.toml","_archive/netlify-deploy/.netlify/netlify.toml","current-repo","511","2026-02-25","toml","current-repo-filesystem","_archive/netlify-deploy/.netlify"
2716,"package-lock.json","_archive/netlify-deploy/.netlify/plugins/package-lock.json","current-repo","654","2026-02-25","json","current-repo-filesystem","_archive/netlify-deploy/.netlify/plugins"
2717,"package.json","_archive/netlify-deploy/.netlify/plugins/package.json","current-repo","295","2026-02-25","json","current-repo-filesystem","_archive/netlify-deploy/.netlify/plugins"
2718,"state.json","_archive/netlify-deploy/.netlify/state.json","current-repo","53","2026-02-25","json","current-repo-filesystem","_archive/netlify-deploy/.netlify"
2719,"package-lock.json","_archive/netlify-deploy/package-lock.json","current-repo","821199","2026-02-25","json","current-repo-filesystem","_archive/netlify-deploy"
2720,"package.json","_archive/netlify-deploy/package.json","current-repo","5821","2026-02-25","json","current-repo-filesystem","_archive/netlify-deploy"
2721,"postcss.config.cjs","_archive/netlify-deploy/postcss.config.cjs","current-repo","96","2026-02-25","cjs","current-repo-filesystem","_archive/netlify-deploy"
2722,"common.json","_archive/netlify-deploy/public/locales/en/common.json","current-repo","7140","2026-02-25","json","current-repo-filesystem","_archive/netlify-deploy/public/locales/en"
2723,"temple-bell.mp3.txt","_archive/netlify-deploy/public/sounds/temple-bell.mp3.txt","current-repo","702","2026-02-25","txt","current-repo-filesystem","_archive/netlify-deploy/public/sounds"
2724,"package-lock.json","_archive/vercel-clean-deploy/package-lock.json","current-repo","826620","2026-02-25","json","current-repo-filesystem","_archive/vercel-clean-deploy"
2725,"package.json","_archive/vercel-clean-deploy/package.json","current-repo","6499","2026-02-25","json","current-repo-filesystem","_archive/vercel-clean-deploy"
2726,"common.json","_archive/vercel-clean-deploy/public/locales/en/common.json","current-repo","7140","2026-02-25","json","current-repo-filesystem","_archive/vercel-clean-deploy/public/locales/en"
2727,"temple-bell.mp3.txt","_archive/vercel-clean-deploy/public/sounds/temple-bell.mp3.txt","current-repo","702","2026-02-25","txt","current-repo-filesystem","_archive/vercel-clean-deploy/public/sounds"
2728,"tsconfig.json","_archive/vercel-clean-deploy/tsconfig.json","current-repo","731","2026-02-25","json","current-repo-filesystem","_archive/vercel-clean-deploy"
2729,"vercel.json","_archive/vercel-clean-deploy/vercel.json","current-repo","128","2026-02-25","json","current-repo-filesystem","_archive/vercel-clean-deploy"
2730,"🔥 BELL24h_ One-Page Brutal Truth.pdf","🔥 BELL24h_ One-Page Brutal Truth.pdf","current-repo","168986","2026-02-25","pdf","current-repo-filesystem","."
2731,"🔥 BRUTAL TRUTH_ BELL24h Revenue Reality Check.pdf","🔥 BRUTAL TRUTH_ BELL24h Revenue Reality Check.pdf","current-repo","258494","2026-02-25","pdf","current-repo-filesystem","."
2732,".aider.chat.history.md",".aider.chat.history.md","old-digitex-erp-bell24h","26013","2026-08-03","md","old-repo-clone-main-branch","."
2733,"settings.local.json",".claude/settings.local.json","old-digitex-erp-bell24h","96","2026-08-03","json","old-repo-clone-main-branch",".claude"
2734,"new-mcp-server.yaml",".continue/mcpServers/new-mcp-server.yaml","old-digitex-erp-bell24h","170","2026-08-03","yaml","old-repo-clone-main-branch",".continue/mcpServers"
2735,"new-mcpServer.yaml",".continue/mcpServers/new-mcpServer.yaml","old-digitex-erp-bell24h","169","2026-08-03","yaml","old-repo-clone-main-branch",".continue/mcpServers"
2736,"new-model.yaml",".continue/models/new-model.yaml","old-digitex-erp-bell24h","231","2026-08-03","yaml","old-repo-clone-main-branch",".continue/models"
2737,"Dockerfile",".cursor/Dockerfile","old-digitex-erp-bell24h","1522","2026-08-03","Dockerfile","old-repo-clone-main-branch",".cursor"
2738,"environment.json",".cursor/environment.json","old-digitex-erp-bell24h","23","2026-08-03","json","old-repo-clone-main-branch",".cursor"
2739,"mcp.json",".cursor/mcp.json","old-digitex-erp-bell24h","1967","2026-08-03","json","old-repo-clone-main-branch",".cursor"
2740,"settings.json",".cursor/settings.json","old-digitex-erp-bell24h","1688","2026-08-03","json","old-repo-clone-main-branch",".cursor"
2741,".env.development",".env.development","old-digitex-erp-bell24h","1071","2026-08-03","development","old-repo-clone-main-branch","."
2742,".env.development.backup",".env.development.backup","old-digitex-erp-bell24h","772","2026-08-03","backup","old-repo-clone-main-branch","."
2743,".env.example",".env.example","old-digitex-erp-bell24h","659","2026-08-03","example","old-repo-clone-main-branch","."
2744,".env.local",".env.local","old-digitex-erp-bell24h","1876","2026-08-03","local","old-repo-clone-main-branch","."
2745,".env.local.backup.1756839874707",".env.local.backup.1756839874707","old-digitex-erp-bell24h","101","2026-08-03","1756839874707","old-repo-clone-main-branch","."
2746,".env.local.backup.1756844683945",".env.local.backup.1756844683945","old-digitex-erp-bell24h","2208","2026-08-03","1756844683945","old-repo-clone-main-branch","."
2747,".env.local.example",".env.local.example","old-digitex-erp-bell24h","372","2026-08-03","example","old-repo-clone-main-branch","."
2748,".env.local.txt",".env.local.txt","old-digitex-erp-bell24h","520","2026-08-03","txt","old-repo-clone-main-branch","."
2749,".env.neon",".env.neon","old-digitex-erp-bell24h","630","2026-08-03","neon","old-repo-clone-main-branch","."
2750,".env.neon.example",".env.neon.example","old-digitex-erp-bell24h","368","2026-08-03","example","old-repo-clone-main-branch","."
2751,".env.production",".env.production","old-digitex-erp-bell24h","583","2026-08-03","production","old-repo-clone-main-branch","."
2752,".env.production.example",".env.production.example","old-digitex-erp-bell24h","242","2026-08-03","example","old-repo-clone-main-branch","."
2753,".env.production.protected-backup",".env.production.protected-backup","old-digitex-erp-bell24h","929","2026-08-03","protected-backup","old-repo-clone-main-branch","."
2754,".env.production.template",".env.production.template","old-digitex-erp-bell24h","2674","2026-08-03","template","old-repo-clone-main-branch","."
2755,".env.production.txt",".env.production.txt","old-digitex-erp-bell24h","2634","2026-08-03","txt","old-repo-clone-main-branch","."
2756,".env.revenuecat.example",".env.revenuecat.example","old-digitex-erp-bell24h","533","2026-08-03","example","old-repo-clone-main-branch","."
2757,".env.staging",".env.staging","old-digitex-erp-bell24h","1053","2026-08-03","staging","old-repo-clone-main-branch","."
2758,".env.template",".env.template","old-digitex-erp-bell24h","3524","2026-08-03","template","old-repo-clone-main-branch","."
2759,".env.test",".env.test","old-digitex-erp-bell24h","2435","2026-08-03","test","old-repo-clone-main-branch","."
2760,".env.windsurf",".env.windsurf","old-digitex-erp-bell24h","979","2026-08-03","windsurf","old-repo-clone-main-branch","."
2761,"cypress.yml",".github/workflows/cypress.yml","old-digitex-erp-bell24h","3511","2026-08-03","yml","old-repo-clone-main-branch",".github/workflows"
2762,"deploy.yml",".github/workflows/deploy.yml","old-digitex-erp-bell24h","3376","2026-08-03","yml","old-repo-clone-main-branch",".github/workflows"
2763,"pages.yml",".github/workflows/pages.yml","old-digitex-erp-bell24h","771","2026-08-03","yml","old-repo-clone-main-branch",".github/workflows"
2764,"manifest.json",".netlify/edge-functions/manifest.json","old-digitex-erp-bell24h","40","2026-08-03","json","old-repo-clone-main-branch",".netlify/edge-functions"
2765,"manifest.json",".netlify/edge-functions-dist/manifest.json","old-digitex-erp-bell24h","243","2026-08-03","json","old-repo-clone-main-branch",".netlify/edge-functions-dist"
2766,"edge-functions-import-map.json",".netlify/edge-functions-import-map.json","old-digitex-erp-bell24h","2137","2026-08-03","json","old-repo-clone-main-branch",".netlify"
2767,"manifest.json",".netlify/functions/manifest.json","old-digitex-erp-bell24h","711","2026-08-03","json","old-repo-clone-main-branch",".netlify/functions"
2768,"___netlify-server-handler.zip",".netlify/functions/___netlify-server-handler.zip","old-digitex-erp-bell24h","25056661","2026-08-03","zip","old-repo-clone-main-branch",".netlify/functions"
2769,".env.production",".netlify/functions-internal/___netlify-server-handler/.env.production","old-digitex-erp-bell24h","672","2026-08-03","production","old-repo-clone-main-branch",".netlify/functions-internal/___netlify-server-handler"
2770,"package.json",".netlify/functions-internal/___netlify-server-handler/.netlify/package.json","old-digitex-erp-bell24h","17","2026-08-03","json","old-repo-clone-main-branch",".netlify/functions-internal/___netlify-server-handler/.netlify"
2771,"package.json",".netlify/functions-internal/___netlify-server-handler/package.json","old-digitex-erp-bell24h","6664","2026-08-03","json","old-repo-clone-main-branch",".netlify/functions-internal/___netlify-server-handler"
2772,"run-config.json",".netlify/functions-internal/___netlify-server-handler/run-config.json","old-digitex-erp-bell24h","3899","2026-08-03","json","old-repo-clone-main-branch",".netlify/functions-internal/___netlify-server-handler"
2773,"___netlify-server-handler.json",".netlify/functions-internal/___netlify-server-handler/___netlify-server-handler.json","old-digitex-erp-bell24h","264","2026-08-03","json","old-repo-clone-main-branch",".netlify/functions-internal/___netlify-server-handler"
2774,"netlify.toml",".netlify/netlify.toml","old-digitex-erp-bell24h","2054","2026-08-03","toml","old-repo-clone-main-branch",".netlify"
2775,"package-lock.json",".netlify/plugins/package-lock.json","old-digitex-erp-bell24h","678","2026-08-03","json","old-repo-clone-main-branch",".netlify/plugins"
2776,"package.json",".netlify/plugins/package.json","old-digitex-erp-bell24h","306","2026-08-03","json","old-repo-clone-main-branch",".netlify/plugins"
2777,"state.json",".netlify/state.json","old-digitex-erp-bell24h","55","2026-08-03","json","old-repo-clone-main-branch",".netlify"
2778,"common.json",".netlify/static/locales/en/common.json","old-digitex-erp-bell24h","7432","2026-08-03","json","old-repo-clone-main-branch",".netlify/static/locales/en"
2779,"temple-bell.mp3.txt",".netlify/static/sounds/temple-bell.mp3.txt","old-digitex-erp-bell24h","721","2026-08-03","txt","old-repo-clone-main-branch",".netlify/static/sounds"
2780,".protected-files-checksums.json",".protected-files-checksums.json","old-digitex-erp-bell24h","542","2026-08-03","json","old-repo-clone-main-branch","."
2781,"Complete RFQ Routes, Prisma Baseline, and Deploy.md",".trae/documents/Complete RFQ Routes, Prisma Baseline, and Deploy.md","old-digitex-erp-bell24h","3482","2026-08-03","md","old-repo-clone-main-branch",".trae/documents"
2782,"Server Verification And n8n 502 Fix Over SSH.md",".trae/documents/Server Verification And n8n 502 Fix Over SSH.md","old-digitex-erp-bell24h","3347","2026-08-03","md","old-repo-clone-main-branch",".trae/documents"
2783,".vercel-env-vars.txt",".vercel-env-vars.txt","old-digitex-erp-bell24h","483","2026-08-03","txt","old-repo-clone-main-branch","."
2784,"extensions.json",".vscode/extensions.json","old-digitex-erp-bell24h","1353","2026-08-03","json","old-repo-clone-main-branch",".vscode"
2785,"settings.json",".vscode/settings.json","old-digitex-erp-bell24h","2392","2026-08-03","json","old-repo-clone-main-branch",".vscode"
2786,".webthinkerrc.json",".webthinkerrc.json","old-digitex-erp-bell24h","1013","2026-08-03","json","old-repo-clone-main-branch","."
2787,"ADD-DNS-A-RECORDS.md","ADD-DNS-A-RECORDS.md","old-digitex-erp-bell24h","4200","2026-08-03","md","old-repo-clone-main-branch","."
2788,"ADMIN-PANEL-COMPREHENSIVE-AUDIT.md","ADMIN-PANEL-COMPREHENSIVE-AUDIT.md","old-digitex-erp-bell24h","16339","2026-08-03","md","old-repo-clone-main-branch","."
2789,"Aggressive-Git-Cleanup.ps1","Aggressive-Git-Cleanup.ps1","old-digitex-erp-bell24h","4227","2026-08-03","ps1","old-repo-clone-main-branch","."
2790,"docker-compose.yml","ai-explainability-service/docker-compose.yml","old-digitex-erp-bell24h","343","2026-08-03","yml","old-repo-clone-main-branch","ai-explainability-service"
2791,"Dockerfile","ai-explainability-service/Dockerfile","old-digitex-erp-bell24h","477","2026-08-03","Dockerfile","old-repo-clone-main-branch","ai-explainability-service"
2792,"main.py","ai-explainability-service/main.py","old-digitex-erp-bell24h","13756","2026-08-03","py","old-repo-clone-main-branch","ai-explainability-service"
2793,"monitoring.py","ai-explainability-service/monitoring.py","old-digitex-erp-bell24h","1612","2026-08-03","py","old-repo-clone-main-branch","ai-explainability-service"
2794,"requirements.txt","ai-explainability-service/requirements.txt","old-digitex-erp-bell24h","278","2026-08-03","txt","old-repo-clone-main-branch","ai-explainability-service"
2795,"AI-FEATURES-COMPLETE-STATUS.md","AI-FEATURES-COMPLETE-STATUS.md","old-digitex-erp-bell24h","7208","2026-08-03","md","old-repo-clone-main-branch","."
2796,"AI_ROUTER_IMPLEMENTATION.md","AI_ROUTER_IMPLEMENTATION.md","old-digitex-erp-bell24h","5286","2026-08-03","md","old-repo-clone-main-branch","."
2797,"ALL-API-ROUTES-SUMMARY.md","ALL-API-ROUTES-SUMMARY.md","old-digitex-erp-bell24h","5705","2026-08-03","md","old-repo-clone-main-branch","."
2798,"API-AI-FEATURES-VERIFICATION.md","API-AI-FEATURES-VERIFICATION.md","old-digitex-erp-bell24h","6663","2026-08-03","md","old-repo-clone-main-branch","."
2799,"api-spec.yaml","api-spec.yaml","old-digitex-erp-bell24h","17193","2026-08-03","yaml","old-repo-clone-main-branch","."
2800,"package.json","AppData/Roaming/npm/my-project/package.json","old-digitex-erp-bell24h","48","2026-08-03","json","old-repo-clone-main-branch","AppData/Roaming/npm/my-project"
2801,"ASSEMBLYAI_INTEGRATION_COMPLETE.md","ASSEMBLYAI_INTEGRATION_COMPLETE.md","old-digitex-erp-bell24h","12690","2026-08-03","md","old-repo-clone-main-branch","."
2802,"audit-report-2025-09-02.json","audit-report-2025-09-02.json","old-digitex-erp-bell24h","15387","2026-08-03","json","old-repo-clone-main-branch","."
2803,"404-scan-20250801_022036.txt","audit-results/404-scan-20250801_022036.txt","old-digitex-erp-bell24h","2461","2026-08-03","txt","old-repo-clone-main-branch","audit-results"
2804,"auto-deploy-everything.ps1","auto-deploy-everything.ps1","old-digitex-erp-bell24h","5439","2026-08-03","ps1","old-repo-clone-main-branch","."
2805,"AUTO-DEPLOY-NOW.ps1","AUTO-DEPLOY-NOW.ps1","old-digitex-erp-bell24h","3297","2026-08-03","ps1","old-repo-clone-main-branch","."
2806,"AUTO-DEPLOY-SUMMARY.md","AUTO-DEPLOY-SUMMARY.md","old-digitex-erp-bell24h","3675","2026-08-03","md","old-repo-clone-main-branch","."
2807,"auto-execution-config.json","auto-execution-config.json","old-digitex-erp-bell24h","823","2026-08-03","json","old-repo-clone-main-branch","."
2808,"auto-fix-502-and-deploy.sh","auto-fix-502-and-deploy.sh","old-digitex-erp-bell24h","8136","2026-08-03","sh","old-repo-clone-main-branch","."
2809,"AUTO-VERIFY-SITE.ps1","AUTO-VERIFY-SITE.ps1","old-digitex-erp-bell24h","6702","2026-08-03","ps1","old-repo-clone-main-branch","."
2810,"automated-deployment-verification.ps1","automated-deployment-verification.ps1","old-digitex-erp-bell24h","4007","2026-08-03","ps1","old-repo-clone-main-branch","."
2811,"AUTO_DEPLOY_FINAL.cjs","AUTO_DEPLOY_FINAL.cjs","old-digitex-erp-bell24h","6306","2026-08-03","cjs","old-repo-clone-main-branch","."
2812,"engine.py","backend/app/ab_test/engine.py","old-digitex-erp-bell24h","6684","2026-08-03","py","old-repo-clone-main-branch","backend/app/ab_test"
2813,"engine_prisma.py","backend/app/ab_test/engine_prisma.py","old-digitex-erp-bell24h","3644","2026-08-03","py","old-repo-clone-main-branch","backend/app/ab_test"
2814,"__init__.py","backend/app/ab_test/__init__.py","old-digitex-erp-bell24h","24","2026-08-03","py","old-repo-clone-main-branch","backend/app/ab_test"
2815,"ab_test.py","backend/app/api/admin/ab_test.py","old-digitex-erp-bell24h","223","2026-08-03","py","old-repo-clone-main-branch","backend/app/api/admin"
2816,"tasks.py","backend/app/api/admin/tasks.py","old-digitex-erp-bell24h","625","2026-08-03","py","old-repo-clone-main-branch","backend/app/api/admin"
2817,"__init__.py","backend/app/api/admin/__init__.py","old-digitex-erp-bell24h","22","2026-08-03","py","old-repo-clone-main-branch","backend/app/api/admin"
2818,"ai.py","backend/app/api/endpoints/ai.py","old-digitex-erp-bell24h","1328","2026-08-03","py","old-repo-clone-main-branch","backend/app/api/endpoints"
2819,"__init__.py","backend/app/api/endpoints/__init__.py","old-digitex-erp-bell24h","23","2026-08-03","py","old-repo-clone-main-branch","backend/app/api/endpoints"
2820,"__init__.py","backend/app/api/__init__.py","old-digitex-erp-bell24h","17","2026-08-03","py","old-repo-clone-main-branch","backend/app/api"
2821,"prioritizer.py","backend/app/bug_tracking/prioritizer.py","old-digitex-erp-bell24h","7306","2026-08-03","py","old-repo-clone-main-branch","backend/app/bug_tracking"
2822,"__init__.py","backend/app/bug_tracking/__init__.py","old-digitex-erp-bell24h","25","2026-08-03","py","old-repo-clone-main-branch","backend/app/bug_tracking"
2823,"verify.py","backend/app/claim/verify.py","old-digitex-erp-bell24h","0","2026-08-03","py","old-repo-clone-main-branch","backend/app/claim"
2824,"postgres.py","backend/app/db/postgres.py","old-digitex-erp-bell24h","2702","2026-08-03","py","old-repo-clone-main-branch","backend/app/db"
2825,"scaling.py","backend/app/infrastructure/scaling.py","old-digitex-erp-bell24h","6473","2026-08-03","py","old-repo-clone-main-branch","backend/app/infrastructure"
2826,"__init__.py","backend/app/infrastructure/__init__.py","old-digitex-erp-bell24h","27","2026-08-03","py","old-repo-clone-main-branch","backend/app/infrastructure"
2827,"conversion_dashboard.py","backend/app/monitoring/conversion_dashboard.py","old-digitex-erp-bell24h","1568","2026-08-03","py","old-repo-clone-main-branch","backend/app/monitoring"
2828,"__init__.py","backend/app/monitoring/__init__.py","old-digitex-erp-bell24h","23","2026-08-03","py","old-repo-clone-main-branch","backend/app/monitoring"
2829,"protocol.py","backend/app/post_audit/protocol.py","old-digitex-erp-bell24h","6537","2026-08-03","py","old-repo-clone-main-branch","backend/app/post_audit"
2830,"__init__.py","backend/app/post_audit/__init__.py","old-digitex-erp-bell24h","32","2026-08-03","py","old-repo-clone-main-branch","backend/app/post_audit"
2831,"ai_services.py","backend/app/services/ai_services.py","old-digitex-erp-bell24h","7345","2026-08-03","py","old-repo-clone-main-branch","backend/app/services"
2832,"__init__.py","backend/app/services/__init__.py","old-digitex-erp-bell24h","22","2026-08-03","py","old-repo-clone-main-branch","backend/app/services"
2833,"enhancement_queue.py","backend/app/tasks/enhancement_queue.py","old-digitex-erp-bell24h","7920","2026-08-03","py","old-repo-clone-main-branch","backend/app/tasks"
2834,"__init__.py","backend/app/tasks/__init__.py","old-digitex-erp-bell24h","18","2026-08-03","py","old-repo-clone-main-branch","backend/app/tasks"
2835,"__init__.py","backend/app/__init__.py","old-digitex-erp-bell24h","17","2026-08-03","py","old-repo-clone-main-branch","backend/app"
2836,"deploy.sh","backend/deploy.sh","old-digitex-erp-bell24h","3772","2026-08-03","sh","old-repo-clone-main-branch","backend"
2837,"DEPLOYMENT.md","backend/DEPLOYMENT.md","old-digitex-erp-bell24h","8100","2026-08-03","md","old-repo-clone-main-branch","backend"
2838,"dev_server.py","backend/dev_server.py","old-digitex-erp-bell24h","4728","2026-08-03","py","old-repo-clone-main-branch","backend"
2839,"docker-compose.yml","backend/docker-compose.yml","old-digitex-erp-bell24h","719","2026-08-03","yml","old-repo-clone-main-branch","backend"
2840,"Dockerfile","backend/Dockerfile","old-digitex-erp-bell24h","914","2026-08-03","Dockerfile","old-repo-clone-main-branch","backend"
2841,"N8N_WORKFLOW_SETUP.md","backend/n8n/N8N_WORKFLOW_SETUP.md","old-digitex-erp-bell24h","7361","2026-08-03","md","old-repo-clone-main-branch","backend/n8n"
2842,"README.md","backend/n8n/README.md","old-digitex-erp-bell24h","2651","2026-08-03","md","old-repo-clone-main-branch","backend/n8n"
2843,"test-workflows.sh","backend/n8n/test-workflows.sh","old-digitex-erp-bell24h","4188","2026-08-03","sh","old-repo-clone-main-branch","backend/n8n"
2844,"invite-companies-claim.json","backend/n8n/workflows/invite-companies-claim.json","old-digitex-erp-bell24h","6080","2026-08-03","json","old-repo-clone-main-branch","backend/n8n/workflows"
2845,"marketing-automation.json","backend/n8n/workflows/marketing-automation.json","old-digitex-erp-bell24h","8317","2026-08-03","json","old-repo-clone-main-branch","backend/n8n/workflows"
2846,"rfq-ai-matching.json","backend/n8n/workflows/rfq-ai-matching.json","old-digitex-erp-bell24h","10660","2026-08-03","json","old-repo-clone-main-branch","backend/n8n/workflows"
2847,"PRODUCTION_CHECKLIST.md","backend/PRODUCTION_CHECKLIST.md","old-digitex-erp-bell24h","4595","2026-08-03","md","old-repo-clone-main-branch","backend"
2848,"README.md","backend/README.md","old-digitex-erp-bell24h","3189","2026-08-03","md","old-repo-clone-main-branch","backend"
2849,"requirements.txt","backend/requirements.txt","old-digitex-erp-bell24h","129","2026-08-03","txt","old-repo-clone-main-branch","backend"
2850,"clean_fake_data.py","backend/scripts/clean_fake_data.py","old-digitex-erp-bell24h","3670","2026-08-03","py","old-repo-clone-main-branch","backend/scripts"
2851,"README_POST_AUDIT.md","backend/scripts/README_POST_AUDIT.md","old-digitex-erp-bell24h","3489","2026-08-03","md","old-repo-clone-main-branch","backend/scripts"
2852,"run_post_audit_protocol.py","backend/scripts/run_post_audit_protocol.py","old-digitex-erp-bell24h","614","2026-08-03","py","old-repo-clone-main-branch","backend/scripts"
2853,"train_sample_rfq_model.py","backend/scripts/train_sample_rfq_model.py","old-digitex-erp-bell24h","2253","2026-08-03","py","old-repo-clone-main-branch","backend/scripts"
2854,"test_ai_explain.py","backend/tests/test_ai_explain.py","old-digitex-erp-bell24h","2443","2026-08-03","py","old-repo-clone-main-branch","backend/tests"
2855,"test_ai_service.py","backend/test_ai_service.py","old-digitex-erp-bell24h","1017","2026-08-03","py","old-repo-clone-main-branch","backend"
2856,"backup-critical-files.cjs","backup-critical-files.cjs","old-digitex-erp-bell24h","6626","2026-08-03","cjs","old-repo-clone-main-branch","."
2857,"BELL24h Bootstrap Risk Audit & Mitigation Report.pdf","BELL24h Bootstrap Risk Audit & Mitigation Report.pdf","old-digitex-erp-bell24h","1490427","2026-08-03","pdf","old-repo-clone-main-branch","."
2858,"BELL24H-COMPREHENSIVE-AUDIT-REPORT.md","BELL24H-COMPREHENSIVE-AUDIT-REPORT.md","old-digitex-erp-bell24h","18681","2026-08-03","md","old-repo-clone-main-branch","."
2859,"bell24h-deploy.zip","bell24h-deploy.zip","old-digitex-erp-bell24h","17161884","2026-08-03","zip","old-repo-clone-main-branch","."
2860,"BELL24H-DOCUMENTATION-ENHANCEMENT-AUDIT.md","BELL24H-DOCUMENTATION-ENHANCEMENT-AUDIT.md","old-digitex-erp-bell24h","13927","2026-08-03","md","old-repo-clone-main-branch","."
2861,"new-mcp-server.yaml","bell24h-maingit/bell24h-main/.continue/mcpServers/new-mcp-server.yaml","old-digitex-erp-bell24h","170","2026-08-03","yaml","old-repo-clone-main-branch","bell24h-maingit/bell24h-main/.continue/mcpServers"
2862,"new-mcpServer.yaml","bell24h-maingit/bell24h-main/.continue/mcpServers/new-mcpServer.yaml","old-digitex-erp-bell24h","169","2026-08-03","yaml","old-repo-clone-main-branch","bell24h-maingit/bell24h-main/.continue/mcpServers"
2863,"new-model.yaml","bell24h-maingit/bell24h-main/.continue/models/new-model.yaml","old-digitex-erp-bell24h","231","2026-08-03","yaml","old-repo-clone-main-branch","bell24h-maingit/bell24h-main/.continue/models"
2864,"Dockerfile","bell24h-maingit/bell24h-main/.cursor/Dockerfile","old-digitex-erp-bell24h","1522","2026-08-03","Dockerfile","old-repo-clone-main-branch","bell24h-maingit/bell24h-main/.cursor"
2865,"environment.json","bell24h-maingit/bell24h-main/.cursor/environment.json","old-digitex-erp-bell24h","23","2026-08-03","json","old-repo-clone-main-branch","bell24h-maingit/bell24h-main/.cursor"
2866,"mcp.json","bell24h-maingit/bell24h-main/.cursor/mcp.json","old-digitex-erp-bell24h","1967","2026-08-03","json","old-repo-clone-main-branch","bell24h-maingit/bell24h-main/.cursor"
2867,"settings.json","bell24h-maingit/bell24h-main/.cursor/settings.json","old-digitex-erp-bell24h","1688","2026-08-03","json","old-repo-clone-main-branch","bell24h-maingit/bell24h-main/.cursor"
2868,".env.example","bell24h-maingit/bell24h-main/.env.example","old-digitex-erp-bell24h","191","2026-08-03","example","old-repo-clone-main-branch","bell24h-maingit/bell24h-main"
2869,".env.local.backup.1756839874707","bell24h-maingit/bell24h-main/.env.local.backup.1756839874707","old-digitex-erp-bell24h","101","2026-08-03","1756839874707","old-repo-clone-main-branch","bell24h-maingit/bell24h-main"
2870,".env.local.backup.1756844683945","bell24h-maingit/bell24h-main/.env.local.backup.1756844683945","old-digitex-erp-bell24h","2208","2026-08-03","1756844683945","old-repo-clone-main-branch","bell24h-maingit/bell24h-main"
2871,".env.local.example","bell24h-maingit/bell24h-main/.env.local.example","old-digitex-erp-bell24h","372","2026-08-03","example","old-repo-clone-main-branch","bell24h-maingit/bell24h-main"
2872,".env.local.txt","bell24h-maingit/bell24h-main/.env.local.txt","old-digitex-erp-bell24h","520","2026-08-03","txt","old-repo-clone-main-branch","bell24h-maingit/bell24h-main"
2873,".env.neon","bell24h-maingit/bell24h-main/.env.neon","old-digitex-erp-bell24h","630","2026-08-03","neon","old-repo-clone-main-branch","bell24h-maingit/bell24h-main"
2874,".env.neon.example","bell24h-maingit/bell24h-main/.env.neon.example","old-digitex-erp-bell24h","368","2026-08-03","example","old-repo-clone-main-branch","bell24h-maingit/bell24h-main"
2875,".env.production.example","bell24h-maingit/bell24h-main/.env.production.example","old-digitex-erp-bell24h","242","2026-08-03","example","old-repo-clone-main-branch","bell24h-maingit/bell24h-main"
2876,".env.production.protected-backup","bell24h-maingit/bell24h-main/.env.production.protected-backup","old-digitex-erp-bell24h","929","2026-08-03","protected-backup","old-repo-clone-main-branch","bell24h-maingit/bell24h-main"
2877,".env.production.template","bell24h-maingit/bell24h-main/.env.production.template","old-digitex-erp-bell24h","2674","2026-08-03","template","old-repo-clone-main-branch","bell24h-maingit/bell24h-main"
2878,".env.staging","bell24h-maingit/bell24h-main/.env.staging","old-digitex-erp-bell24h","1053","2026-08-03","staging","old-repo-clone-main-branch","bell24h-maingit/bell24h-main"
2879,".env.template","bell24h-maingit/bell24h-main/.env.template","old-digitex-erp-bell24h","3524","2026-08-03","template","old-repo-clone-main-branch","bell24h-maingit/bell24h-main"
2880,".env.test","bell24h-maingit/bell24h-main/.env.test","old-digitex-erp-bell24h","2435","2026-08-03","test","old-repo-clone-main-branch","bell24h-maingit/bell24h-main"
2881,".env.windsurf","bell24h-maingit/bell24h-main/.env.windsurf","old-digitex-erp-bell24h","979","2026-08-03","windsurf","old-repo-clone-main-branch","bell24h-maingit/bell24h-main"
2882,"cypress.yml","bell24h-maingit/bell24h-main/.github/workflows/cypress.yml","old-digitex-erp-bell24h","3511","2026-08-03","yml","old-repo-clone-main-branch","bell24h-maingit/bell24h-main/.github/workflows"
2883,"deploy.yml","bell24h-maingit/bell24h-main/.github/workflows/deploy.yml","old-digitex-erp-bell24h","3376","2026-08-03","yml","old-repo-clone-main-branch","bell24h-maingit/bell24h-main/.github/workflows"
2884,"pages.yml","bell24h-maingit/bell24h-main/.github/workflows/pages.yml","old-digitex-erp-bell24h","771","2026-08-03","yml","old-repo-clone-main-branch","bell24h-maingit/bell24h-main/.github/workflows"
2885,".protected-files-checksums.json","bell24h-maingit/bell24h-main/.protected-files-checksums.json","old-digitex-erp-bell24h","542","2026-08-03","json","old-repo-clone-main-branch","bell24h-maingit/bell24h-main"
2886,"Complete RFQ Routes, Prisma Baseline, and Deploy.md","bell24h-maingit/bell24h-main/.trae/documents/Complete RFQ Routes, Prisma Baseline, and Deploy.md","old-digitex-erp-bell24h","3482","2026-08-03","md","old-repo-clone-main-branch","bell24h-maingit/bell24h-main/.trae/documents"
2887,"Server Verification And n8n 502 Fix Over SSH.md","bell24h-maingit/bell24h-main/.trae/documents/Server Verification And n8n 502 Fix Over SSH.md","old-digitex-erp-bell24h","3347","2026-08-03","md","old-repo-clone-main-branch","bell24h-maingit/bell24h-main/.trae/documents"
2888,".vercel-env-vars.txt","bell24h-maingit/bell24h-main/.vercel-env-vars.txt","old-digitex-erp-bell24h","483","2026-08-03","txt","old-repo-clone-main-branch","bell24h-maingit/bell24h-main"
2889,".webthinkerrc.json","bell24h-maingit/bell24h-main/.webthinkerrc.json","old-digitex-erp-bell24h","1013","2026-08-03","json","old-repo-clone-main-branch","bell24h-maingit/bell24h-main"
2890,"ADD-DNS-A-RECORDS.md","bell24h-maingit/bell24h-main/ADD-DNS-A-RECORDS.md","old-digitex-erp-bell24h","4200","2026-08-03","md","old-repo-clone-main-branch","bell24h-maingit/bell24h-main"
2891,"ADMIN-PANEL-COMPREHENSIVE-AUDIT.md","bell24h-maingit/bell24h-main/ADMIN-PANEL-COMPREHENSIVE-AUDIT.md","old-digitex-erp-bell24h","16339","2026-08-03","md","old-repo-clone-main-branch","bell24h-maingit/bell24h-main"
2892,"Aggressive-Git-Cleanup.ps1","bell24h-maingit/bell24h-main/Aggressive-Git-Cleanup.ps1","old-digitex-erp-bell24h","4227","2026-08-03","ps1","old-repo-clone-main-branch","bell24h-maingit/bell24h-main"
2893,"docker-compose.yml","bell24h-maingit/bell24h-main/ai-explainability-service/docker-compose.yml","old-digitex-erp-bell24h","343","2026-08-03","yml","old-repo-clone-main-branch","bell24h-maingit/bell24h-main/ai-explainability-service"
2894,"Dockerfile","bell24h-maingit/bell24h-main/ai-explainability-service/Dockerfile","old-digitex-erp-bell24h","477","2026-08-03","Dockerfile","old-repo-clone-main-branch","bell24h-maingit/bell24h-main/ai-explainability-service"
2895,"main.py","bell24h-maingit/bell24h-main/ai-explainability-service/main.py","old-digitex-erp-bell24h","13756","2026-08-03","py","old-repo-clone-main-branch","bell24h-maingit/bell24h-main/ai-explainability-service"
2896,"monitoring.py","bell24h-maingit/bell24h-main/ai-explainability-service/monitoring.py","old-digitex-erp-bell24h","1612","2026-08-03","py","old-repo-clone-main-branch","bell24h-maingit/bell24h-main/ai-explainability-service"
2897,"requirements.txt","bell24h-maingit/bell24h-main/ai-explainability-service/requirements.txt","old-digitex-erp-bell24h","278","2026-08-03","txt","old-repo-clone-main-branch","bell24h-maingit/bell24h-main/ai-explainability-service"
2898,"AI-FEATURES-COMPLETE-STATUS.md","bell24h-maingit/bell24h-main/AI-FEATURES-COMPLETE-STATUS.md","old-digitex-erp-bell24h","7208","2026-08-03","md","old-repo-clone-main-branch","bell24h-maingit/bell24h-main"
2899,"ALL-API-ROUTES-SUMMARY.md","bell24h-maingit/bell24h-main/ALL-API-ROUTES-SUMMARY.md","old-digitex-erp-bell24h","5705","2026-08-03","md","old-repo-clone-main-branch","bell24h-maingit/bell24h-main"
2900,"API-AI-FEATURES-VERIFICATION.md","bell24h-maingit/bell24h-main/API-AI-FEATURES-VERIFICATION.md","old-digitex-erp-bell24h","6663","2026-08-03","md","old-repo-clone-main-branch","bell24h-maingit/bell24h-main"
2901,"api-spec.yaml","bell24h-maingit/bell24h-main/api-spec.yaml","old-digitex-erp-bell24h","17193","2026-08-03","yaml","old-repo-clone-main-branch","bell24h-maingit/bell24h-main"
2902,"package.json","bell24h-maingit/bell24h-main/AppData/Roaming/npm/my-project/package.json","old-digitex-erp-bell24h","48","2026-08-03","json","old-repo-clone-main-branch","bell24h-maingit/bell24h-main/AppData/Roaming/npm/my-project"
2903,"audit-report-2025-09-02.json","bell24h-maingit/bell24h-main/audit-report-2025-09-02.json","old-digitex-erp-bell24h","15387","2026-08-03","json","old-repo-clone-main-branch","bell24h-maingit/bell24h-main"
2904,"404-scan-20250801_022036.txt","bell24h-maingit/bell24h-main/audit-results/404-scan-20250801_022036.txt","old-digitex-erp-bell24h","2461","2026-08-03","txt","old-repo-clone-main-branch","bell24h-maingit/bell24h-main/audit-results"
2905,"auto-deploy-everything.ps1","bell24h-maingit/bell24h-main/auto-deploy-everything.ps1","old-digitex-erp-bell24h","5439","2026-08-03","ps1","old-repo-clone-main-branch","bell24h-maingit/bell24h-main"
2906,"AUTO-DEPLOY-NOW.ps1","bell24h-maingit/bell24h-main/AUTO-DEPLOY-NOW.ps1","old-digitex-erp-bell24h","3297","2026-08-03","ps1","old-repo-clone-main-branch","bell24h-maingit/bell24h-main"
2907,"AUTO-DEPLOY-SUMMARY.md","bell24h-maingit/bell24h-main/AUTO-DEPLOY-SUMMARY.md","old-digitex-erp-bell24h","3675","2026-08-03","md","old-repo-clone-main-branch","bell24h-maingit/bell24h-main"
2908,"auto-execution-config.json","bell24h-maingit/bell24h-main/auto-execution-config.json","old-digitex-erp-bell24h","823","2026-08-03","json","old-repo-clone-main-branch","bell24h-maingit/bell24h-main"
2909,"auto-fix-502-and-deploy.sh","bell24h-maingit/bell24h-main/auto-fix-502-and-deploy.sh","old-digitex-erp-bell24h","8136","2026-08-03","sh","old-repo-clone-main-branch","bell24h-maingit/bell24h-main"
2910,"AUTO-VERIFY-SITE.ps1","bell24h-maingit/bell24h-main/AUTO-VERIFY-SITE.ps1","old-digitex-erp-bell24h","6702","2026-08-03","ps1","old-repo-clone-main-branch","bell24h-maingit/bell24h-main"
2911,"automated-deployment-verification.ps1","bell24h-maingit/bell24h-main/automated-deployment-verification.ps1","old-digitex-erp-bell24h","4007","2026-08-03","ps1","old-repo-clone-main-branch","bell24h-maingit/bell24h-main"
2912,"AUTO_DEPLOY_FINAL.cjs","bell24h-maingit/bell24h-main/AUTO_DEPLOY_FINAL.cjs","old-digitex-erp-bell24h","6306","2026-08-03","cjs","old-repo-clone-main-branch","bell24h-maingit/bell24h-main"
2913,"engine.py","bell24h-maingit/bell24h-main/backend/app/ab_test/engine.py","old-digitex-erp-bell24h","6684","2026-08-03","py","old-repo-clone-main-branch","bell24h-maingit/bell24h-main/backend/app/ab_test"
2914,"engine_prisma.py","bell24h-maingit/bell24h-main/backend/app/ab_test/engine_prisma.py","old-digitex-erp-bell24h","3644","2026-08-03","py","old-repo-clone-main-branch","bell24h-maingit/bell24h-main/backend/app/ab_test"
2915,"__init__.py","bell24h-maingit/bell24h-main/backend/app/ab_test/__init__.py","old-digitex-erp-bell24h","24","2026-08-03","py","old-repo-clone-main-branch","bell24h-maingit/bell24h-main/backend/app/ab_test"
2916,"ab_test.py","bell24h-maingit/bell24h-main/backend/app/api/admin/ab_test.py","old-digitex-erp-bell24h","223","2026-08-03","py","old-repo-clone-main-branch","bell24h-maingit/bell24h-main/backend/app/api/admin"
2917,"tasks.py","bell24h-maingit/bell24h-main/backend/app/api/admin/tasks.py","old-digitex-erp-bell24h","625","2026-08-03","py","old-repo-clone-main-branch","bell24h-maingit/bell24h-main/backend/app/api/admin"
2918,"__init__.py","bell24h-maingit/bell24h-main/backend/app/api/admin/__init__.py","old-digitex-erp-bell24h","22","2026-08-03","py","old-repo-clone-main-branch","bell24h-maingit/bell24h-main/backend/app/api/admin"
2919,"ai.py","bell24h-maingit/bell24h-main/backend/app/api/endpoints/ai.py","old-digitex-erp-bell24h","1328","2026-08-03","py","old-repo-clone-main-branch","bell24h-maingit/bell24h-main/backend/app/api/endpoints"
2920,"__init__.py","bell24h-maingit/bell24h-main/backend/app/api/endpoints/__init__.py","old-digitex-erp-bell24h","23","2026-08-03","py","old-repo-clone-main-branch","bell24h-maingit/bell24h-main/backend/app/api/endpoints"
2921,"__init__.py","bell24h-maingit/bell24h-main/backend/app/api/__init__.py","old-digitex-erp-bell24h","17","2026-08-03","py","old-repo-clone-main-branch","bell24h-maingit/bell24h-main/backend/app/api"
2922,"prioritizer.py","bell24h-maingit/bell24h-main/backend/app/bug_tracking/prioritizer.py","old-digitex-erp-bell24h","7306","2026-08-03","py","old-repo-clone-main-branch","bell24h-maingit/bell24h-main/backend/app/bug_tracking"
2923,"__init__.py","bell24h-maingit/bell24h-main/backend/app/bug_tracking/__init__.py","old-digitex-erp-bell24h","25","2026-08-03","py","old-repo-clone-main-branch","bell24h-maingit/bell24h-main/backend/app/bug_tracking"
2924,"verify.py","bell24h-maingit/bell24h-main/backend/app/claim/verify.py","old-digitex-erp-bell24h","0","2026-08-03","py","old-repo-clone-main-branch","bell24h-maingit/bell24h-main/backend/app/claim"
2925,"postgres.py","bell24h-maingit/bell24h-main/backend/app/db/postgres.py","old-digitex-erp-bell24h","2702","2026-08-03","py","old-repo-clone-main-branch","bell24h-maingit/bell24h-main/backend/app/db"
2926,"scaling.py","bell24h-maingit/bell24h-main/backend/app/infrastructure/scaling.py","old-digitex-erp-bell24h","6473","2026-08-03","py","old-repo-clone-main-branch","bell24h-maingit/bell24h-main/backend/app/infrastructure"
2927,"__init__.py","bell24h-maingit/bell24h-main/backend/app/infrastructure/__init__.py","old-digitex-erp-bell24h","27","2026-08-03","py","old-repo-clone-main-branch","bell24h-maingit/bell24h-main/backend/app/infrastructure"
2928,"conversion_dashboard.py","bell24h-maingit/bell24h-main/backend/app/monitoring/conversion_dashboard.py","old-digitex-erp-bell24h","1568","2026-08-03","py","old-repo-clone-main-branch","bell24h-maingit/bell24h-main/backend/app/monitoring"
2929,"__init__.py","bell24h-maingit/bell24h-main/backend/app/monitoring/__init__.py","old-digitex-erp-bell24h","23","2026-08-03","py","old-repo-clone-main-branch","bell24h-maingit/bell24h-main/backend/app/monitoring"
2930,"protocol.py","bell24h-maingit/bell24h-main/backend/app/post_audit/protocol.py","old-digitex-erp-bell24h","6537","2026-08-03","py","old-repo-clone-main-branch","bell24h-maingit/bell24h-main/backend/app/post_audit"
2931,"__init__.py","bell24h-maingit/bell24h-main/backend/app/post_audit/__init__.py","old-digitex-erp-bell24h","32","2026-08-03","py","old-repo-clone-main-branch","bell24h-maingit/bell24h-main/backend/app/post_audit"
2932,"ai_services.py","bell24h-maingit/bell24h-main/backend/app/services/ai_services.py","old-digitex-erp-bell24h","7345","2026-08-03","py","old-repo-clone-main-branch","bell24h-maingit/bell24h-main/backend/app/services"
2933,"__init__.py","bell24h-maingit/bell24h-main/backend/app/services/__init__.py","old-digitex-erp-bell24h","22","2026-08-03","py","old-repo-clone-main-branch","bell24h-maingit/bell24h-main/backend/app/services"
2934,"enhancement_queue.py","bell24h-maingit/bell24h-main/backend/app/tasks/enhancement_queue.py","old-digitex-erp-bell24h","7920","2026-08-03","py","old-repo-clone-main-branch","bell24h-maingit/bell24h-main/backend/app/tasks"
2935,"__init__.py","bell24h-maingit/bell24h-main/backend/app/tasks/__init__.py","old-digitex-erp-bell24h","18","2026-08-03","py","old-repo-clone-main-branch","bell24h-maingit/bell24h-main/backend/app/tasks"
2936,"__init__.py","bell24h-maingit/bell24h-main/backend/app/__init__.py","old-digitex-erp-bell24h","17","2026-08-03","py","old-repo-clone-main-branch","bell24h-maingit/bell24h-main/backend/app"
2937,"deploy.sh","bell24h-maingit/bell24h-main/backend/deploy.sh","old-digitex-erp-bell24h","3772","2026-08-03","sh","old-repo-clone-main-branch","bell24h-maingit/bell24h-main/backend"
2938,"DEPLOYMENT.md","bell24h-maingit/bell24h-main/backend/DEPLOYMENT.md","old-digitex-erp-bell24h","8100","2026-08-03","md","old-repo-clone-main-branch","bell24h-maingit/bell24h-main/backend"
2939,"dev_server.py","bell24h-maingit/bell24h-main/backend/dev_server.py","old-digitex-erp-bell24h","4728","2026-08-03","py","old-repo-clone-main-branch","bell24h-maingit/bell24h-main/backend"
2940,"docker-compose.yml","bell24h-maingit/bell24h-main/backend/docker-compose.yml","old-digitex-erp-bell24h","719","2026-08-03","yml","old-repo-clone-main-branch","bell24h-maingit/bell24h-main/backend"
2941,"Dockerfile","bell24h-maingit/bell24h-main/backend/Dockerfile","old-digitex-erp-bell24h","914","2026-08-03","Dockerfile","old-repo-clone-main-branch","bell24h-maingit/bell24h-main/backend"
2942,"N8N_WORKFLOW_SETUP.md","bell24h-maingit/bell24h-main/backend/n8n/N8N_WORKFLOW_SETUP.md","old-digitex-erp-bell24h","7361","2026-08-03","md","old-repo-clone-main-branch","bell24h-maingit/bell24h-main/backend/n8n"
2943,"README.md","bell24h-maingit/bell24h-main/backend/n8n/README.md","old-digitex-erp-bell24h","2651","2026-08-03","md","old-repo-clone-main-branch","bell24h-maingit/bell24h-main/backend/n8n"
2944,"test-workflows.sh","bell24h-maingit/bell24h-main/backend/n8n/test-workflows.sh","old-digitex-erp-bell24h","4188","2026-08-03","sh","old-repo-clone-main-branch","bell24h-maingit/bell24h-main/backend/n8n"
2945,"invite-companies-claim.json","bell24h-maingit/bell24h-main/backend/n8n/workflows/invite-companies-claim.json","old-digitex-erp-bell24h","6080","2026-08-03","json","old-repo-clone-main-branch","bell24h-maingit/bell24h-main/backend/n8n/workflows"
2946,"marketing-automation.json","bell24h-maingit/bell24h-main/backend/n8n/workflows/marketing-automation.json","old-digitex-erp-bell24h","8317","2026-08-03","json","old-repo-clone-main-branch","bell24h-maingit/bell24h-main/backend/n8n/workflows"
2947,"rfq-ai-matching.json","bell24h-maingit/bell24h-main/backend/n8n/workflows/rfq-ai-matching.json","old-digitex-erp-bell24h","10660","2026-08-03","json","old-repo-clone-main-branch","bell24h-maingit/bell24h-main/backend/n8n/workflows"
2948,"PRODUCTION_CHECKLIST.md","bell24h-maingit/bell24h-main/backend/PRODUCTION_CHECKLIST.md","old-digitex-erp-bell24h","4595","2026-08-03","md","old-repo-clone-main-branch","bell24h-maingit/bell24h-main/backend"
2949,"README.md","bell24h-maingit/bell24h-main/backend/README.md","old-digitex-erp-bell24h","3189","2026-08-03","md","old-repo-clone-main-branch","bell24h-maingit/bell24h-main/backend"
2950,"requirements.txt","bell24h-maingit/bell24h-main/backend/requirements.txt","old-digitex-erp-bell24h","129","2026-08-03","txt","old-repo-clone-main-branch","bell24h-maingit/bell24h-main/backend"
2951,"clean_fake_data.py","bell24h-maingit/bell24h-main/backend/scripts/clean_fake_data.py","old-digitex-erp-bell24h","3670","2026-08-03","py","old-repo-clone-main-branch","bell24h-maingit/bell24h-main/backend/scripts"
2952,"README_POST_AUDIT.md","bell24h-maingit/bell24h-main/backend/scripts/README_POST_AUDIT.md","old-digitex-erp-bell24h","3489","2026-08-03","md","old-repo-clone-main-branch","bell24h-maingit/bell24h-main/backend/scripts"
2953,"run_post_audit_protocol.py","bell24h-maingit/bell24h-main/backend/scripts/run_post_audit_protocol.py","old-digitex-erp-bell24h","614","2026-08-03","py","old-repo-clone-main-branch","bell24h-maingit/bell24h-main/backend/scripts"
2954,"train_sample_rfq_model.py","bell24h-maingit/bell24h-main/backend/scripts/train_sample_rfq_model.py","old-digitex-erp-bell24h","2253","2026-08-03","py","old-repo-clone-main-branch","bell24h-maingit/bell24h-main/backend/scripts"
2955,"test_ai_explain.py","bell24h-maingit/bell24h-main/backend/tests/test_ai_explain.py","old-digitex-erp-bell24h","2443","2026-08-03","py","old-repo-clone-main-branch","bell24h-maingit/bell24h-main/backend/tests"
2956,"test_ai_service.py","bell24h-maingit/bell24h-main/backend/test_ai_service.py","old-digitex-erp-bell24h","1017","2026-08-03","py","old-repo-clone-main-branch","bell24h-maingit/bell24h-main/backend"
2957,"backup-critical-files.cjs","bell24h-maingit/bell24h-main/backup-critical-files.cjs","old-digitex-erp-bell24h","6626","2026-08-03","cjs","old-repo-clone-main-branch","bell24h-maingit/bell24h-main"
2958,"BELL24h Bootstrap Risk Audit & Mitigation Report.pdf","bell24h-maingit/bell24h-main/BELL24h Bootstrap Risk Audit & Mitigation Report.pdf","old-digitex-erp-bell24h","1490427","2026-08-03","pdf","old-repo-clone-main-branch","bell24h-maingit/bell24h-main"
2959,"BELL24H-COMPREHENSIVE-AUDIT-REPORT.md","bell24h-maingit/bell24h-main/BELL24H-COMPREHENSIVE-AUDIT-REPORT.md","old-digitex-erp-bell24h","18681","2026-08-03","md","old-repo-clone-main-branch","bell24h-maingit/bell24h-main"
2960,"BELL24H-DOCUMENTATION-ENHANCEMENT-AUDIT.md","bell24h-maingit/bell24h-main/BELL24H-DOCUMENTATION-ENHANCEMENT-AUDIT.md","old-digitex-erp-bell24h","13927","2026-08-03","md","old-repo-clone-main-branch","bell24h-maingit/bell24h-main"
2961,"bell24h_audit_20250726_123214.txt","bell24h-maingit/bell24h-main/bell24h_audit_20250726_123214.txt","old-digitex-erp-bell24h","180","2026-08-03","txt","old-repo-clone-main-branch","bell24h-maingit/bell24h-main"
2962,"BELL24H_BLOCKCHAIN_DEPLOYMENT_GUIDE.md","bell24h-maingit/bell24h-main/BELL24H_BLOCKCHAIN_DEPLOYMENT_GUIDE.md","old-digitex-erp-bell24h","6494","2026-08-03","md","old-repo-clone-main-branch","bell24h-maingit/bell24h-main"
2963,"BELL24H_BLOCKCHAIN_IMPLEMENTATION_COMPLETE.md","bell24h-maingit/bell24h-main/BELL24H_BLOCKCHAIN_IMPLEMENTATION_COMPLETE.md","old-digitex-erp-bell24h","7892","2026-08-03","md","old-repo-clone-main-branch","bell24h-maingit/bell24h-main"
2964,"BELL24H_BLOCKCHAIN_IMPLEMENTATION_PLAN.md","bell24h-maingit/bell24h-main/BELL24H_BLOCKCHAIN_IMPLEMENTATION_PLAN.md","old-digitex-erp-bell24h","11841","2026-08-03","md","old-repo-clone-main-branch","bell24h-maingit/bell24h-main"
2965,"BELL24H_COMPREHENSIVE_AUDIT.md","bell24h-maingit/bell24h-main/BELL24H_COMPREHENSIVE_AUDIT.md","old-digitex-erp-bell24h","12841","2026-08-03","md","old-repo-clone-main-branch","bell24h-maingit/bell24h-main"
2966,"BELL24H_COMPREHENSIVE_AUDIT_REPORT.md","bell24h-maingit/bell24h-main/BELL24H_COMPREHENSIVE_AUDIT_REPORT.md","old-digitex-erp-bell24h","11389","2026-08-03","md","old-repo-clone-main-branch","bell24h-maingit/bell24h-main"
2967,"BELL24H_CURRENT_STATUS.md","bell24h-maingit/bell24h-main/BELL24H_CURRENT_STATUS.md","old-digitex-erp-bell24h","6517","2026-08-03","md","old-repo-clone-main-branch","bell24h-maingit/bell24h-main"
2968,"BELL24H_DEPLOYMENT_SUCCESS_SUMMARY.md","bell24h-maingit/bell24h-main/BELL24H_DEPLOYMENT_SUCCESS_SUMMARY.md","old-digitex-erp-bell24h","8663","2026-08-03","md","old-repo-clone-main-branch","bell24h-maingit/bell24h-main"
2969,"BELL24H_EMPIRE_100_PERCENT_COMPLETE.md","bell24h-maingit/bell24h-main/BELL24H_EMPIRE_100_PERCENT_COMPLETE.md","old-digitex-erp-bell24h","10011","2026-08-03","md","old-repo-clone-main-branch","bell24h-maingit/bell24h-main"
2970,"BELL24H_FEATURES_COMPLETION_TABLE.md","bell24h-maingit/bell24h-main/BELL24H_FEATURES_COMPLETION_TABLE.md","old-digitex-erp-bell24h","32038","2026-08-03","md","old-repo-clone-main-branch","bell24h-maingit/bell24h-main"
2971,"BELL24H_LAUNCH_READY_COMPLETE.md","bell24h-maingit/bell24h-main/BELL24H_LAUNCH_READY_COMPLETE.md","old-digitex-erp-bell24h","7133","2026-08-03","md","old-repo-clone-main-branch","bell24h-maingit/bell24h-main"
2972,"BELL24H_MARKETING_CAMPAIGN_LAUNCH.md","bell24h-maingit/bell24h-main/BELL24H_MARKETING_CAMPAIGN_LAUNCH.md","old-digitex-erp-bell24h","5350","2026-08-03","md","old-repo-clone-main-branch","bell24h-maingit/bell24h-main"
2973,"BELL24H_PLANNED_VS_IMPLEMENTED_FEATURES.md","bell24h-maingit/bell24h-main/BELL24H_PLANNED_VS_IMPLEMENTED_FEATURES.md","old-digitex-erp-bell24h","12211","2026-08-03","md","old-repo-clone-main-branch","bell24h-maingit/bell24h-main"
2974,"BRANDING-NAVIGATION-AUDIT-REPORT.md","bell24h-maingit/bell24h-main/BRANDING-NAVIGATION-AUDIT-REPORT.md","old-digitex-erp-bell24h","11933","2026-08-03","md","old-repo-clone-main-branch","bell24h-maingit/bell24h-main"
2975,"BRUTAL_FIX_SETUP.md","bell24h-maingit/bell24h-main/BRUTAL_FIX_SETUP.md","old-digitex-erp-bell24h","3211","2026-08-03","md","old-repo-clone-main-branch","bell24h-maingit/bell24h-main"
2976,"build_spec.yaml","bell24h-maingit/bell24h-main/build_spec.yaml","old-digitex-erp-bell24h","685","2026-08-03","yaml","old-repo-clone-main-branch","bell24h-maingit/bell24h-main"
2977,"BUILD_STABILIZATION_TODO.md","bell24h-maingit/bell24h-main/BUILD_STABILIZATION_TODO.md","old-digitex-erp-bell24h","350","2026-08-03","md","old-repo-clone-main-branch","bell24h-maingit/bell24h-main"
2978,"CATEGORIES_SOLUTION.md","bell24h-maingit/bell24h-main/CATEGORIES_SOLUTION.md","old-digitex-erp-bell24h","3200","2026-08-03","md","old-repo-clone-main-branch","bell24h-maingit/bell24h-main"
2979,"CHECK-BUILD-ON-VM.md","bell24h-maingit/bell24h-main/CHECK-BUILD-ON-VM.md","old-digitex-erp-bell24h","1326","2026-08-03","md","old-repo-clone-main-branch","bell24h-maingit/bell24h-main"
2980,"check-build-via-ssh.ps1","bell24h-maingit/bell24h-main/check-build-via-ssh.ps1","old-digitex-erp-bell24h","1831","2026-08-03","ps1","old-repo-clone-main-branch","bell24h-maingit/bell24h-main"
2981,"CHECK-DOCKER-BUILD-PROGRESS.sh","bell24h-maingit/bell24h-main/CHECK-DOCKER-BUILD-PROGRESS.sh","old-digitex-erp-bell24h","1826","2026-08-03","sh","old-repo-clone-main-branch","bell24h-maingit/bell24h-main"
2982,".env.local.txt","bell24h-maingit/bell24h-main/client/.env.local.txt","old-digitex-erp-bell24h","520","2026-08-03","txt","old-repo-clone-main-branch","bell24h-maingit/bell24h-main/client"
2983,".eslintrc.json","bell24h-maingit/bell24h-main/client/.eslintrc.json","old-digitex-erp-bell24h","475","2026-08-03","json","old-repo-clone-main-branch","bell24h-maingit/bell24h-main/client"
2984,"auto-categories.yml","bell24h-maingit/bell24h-main/client/.github/workflows/auto-categories.yml","old-digitex-erp-bell24h","4738","2026-08-03","yml","old-repo-clone-main-branch","bell24h-maingit/bell24h-main/client/.github/workflows"
2985,"auto-deploy.yml","bell24h-maingit/bell24h-main/client/.github/workflows/auto-deploy.yml","old-digitex-erp-bell24h","7198","2026-08-03","yml","old-repo-clone-main-branch","bell24h-maingit/bell24h-main/client/.github/workflows"
2986,"ci.yml","bell24h-maingit/bell24h-main/client/.github/workflows/ci.yml","old-digitex-erp-bell24h","3235","2026-08-03","yml","old-repo-clone-main-branch","bell24h-maingit/bell24h-main/client/.github/workflows"
2987,"deploy-bell24h.yml","bell24h-maingit/bell24h-main/client/.github/workflows/deploy-bell24h.yml","old-digitex-erp-bell24h","7638","2026-08-03","yml","old-repo-clone-main-branch","bell24h-maingit/bell24h-main/client/.github/workflows"
2988,"AI_FEATURES_ANALYSIS.md","bell24h-maingit/bell24h-main/client/AI_FEATURES_ANALYSIS.md","old-digitex-erp-bell24h","4764","2026-08-03","md","old-repo-clone-main-branch","bell24h-maingit/bell24h-main/client"
2989,"API_TESTING_GUIDE.md","bell24h-maingit/bell24h-main/client/API_TESTING_GUIDE.md","old-digitex-erp-bell24h","3895","2026-08-03","md","old-repo-clone-main-branch","bell24h-maingit/bell24h-main/client"
2990,"ARCHITECTURE_ANALYSIS.md","bell24h-maingit/bell24h-main/client/ARCHITECTURE_ANALYSIS.md","old-digitex-erp-bell24h","6751","2026-08-03","md","old-repo-clone-main-branch","bell24h-maingit/bell24h-main/client"
2991,"AUTOMATED_DEPLOYMENT_GUIDE.md","bell24h-maingit/bell24h-main/client/AUTOMATED_DEPLOYMENT_GUIDE.md","old-digitex-erp-bell24h","9119","2026-08-03","md","old-repo-clone-main-branch","bell24h-maingit/bell24h-main/client"
2992,"package-lock.json","bell24h-maingit/bell24h-main/client/blockchain/package-lock.json","old-digitex-erp-bell24h","257609","2026-08-03","json","old-repo-clone-main-branch","bell24h-maingit/bell24h-main/client/blockchain"
2993,"package.json","bell24h-maingit/bell24h-main/client/blockchain/package.json","old-digitex-erp-bell24h","997","2026-08-03","json","old-repo-clone-main-branch","bell24h-maingit/bell24h-main/client/blockchain"
2994,"check-tables.sql","bell24h-maingit/bell24h-main/client/check-tables.sql","old-digitex-erp-bell24h","77","2026-08-03","sql","old-repo-clone-main-branch","bell24h-maingit/bell24h-main/client"
2995,"CLOUDFLARE_NAMESERVERS.txt","bell24h-maingit/bell24h-main/client/CLOUDFLARE_NAMESERVERS.txt","old-digitex-erp-bell24h","727","2026-08-03","txt","old-repo-clone-main-branch","bell24h-maingit/bell24h-main/client"
2996,"COMPREHENSIVE_AUDIT.md","bell24h-maingit/bell24h-main/client/COMPREHENSIVE_AUDIT.md","old-digitex-erp-bell24h","11685","2026-08-03","md","old-repo-clone-main-branch","bell24h-maingit/bell24h-main/client"
2997,"COMPREHENSIVE_SETUP_README.md","bell24h-maingit/bell24h-main/client/COMPREHENSIVE_SETUP_README.md","old-digitex-erp-bell24h","10340","2026-08-03","md","old-repo-clone-main-branch","bell24h-maingit/bell24h-main/client"
2998,"README.md","bell24h-maingit/bell24h-main/client/cypress/README.md","old-digitex-erp-bell24h","4806","2026-08-03","md","old-repo-clone-main-branch","bell24h-maingit/bell24h-main/client/cypress"
2999,"deploy-fly.ps1","bell24h-maingit/bell24h-main/client/deploy-fly.ps1","old-digitex-erp-bell24h","6414","2026-08-03","ps1","old-repo-clone-main-branch","bell24h-maingit/bell24h-main/client"
3000,"deploy-to-vercel.ps1","bell24h-maingit/bell24h-main/client/deploy-to-vercel.ps1","old-digitex-erp-bell24h","993","2026-08-03","ps1","old-repo-clone-main-branch","bell24h-maingit/bell24h-main/client"
3001,"deploy.ps1","bell24h-maingit/bell24h-main/client/deploy.ps1","old-digitex-erp-bell24h","662","2026-08-03","ps1","old-repo-clone-main-branch","bell24h-maingit/bell24h-main/client"
3002,"deploy.sh","bell24h-maingit/bell24h-main/client/deploy.sh","old-digitex-erp-bell24h","467","2026-08-03","sh","old-repo-clone-main-branch","bell24h-maingit/bell24h-main/client"
3003,"docker-compose.production.yml","bell24h-maingit/bell24h-main/client/deployment/docker-compose.production.yml","old-digitex-erp-bell24h","4328","2026-08-03","yml","old-repo-clone-main-branch","bell24h-maingit/bell24h-main/client/deployment"
3004,"deployment-sepolia-1750821000242.json","bell24h-maingit/bell24h-main/client/deployments/deployment-sepolia-1750821000242.json","old-digitex-erp-bell24h","1838","2026-08-03","json","old-repo-clone-main-branch","bell24h-maingit/bell24h-main/client/deployments"
3005,"deployment-sepolia-1750821000382.json","bell24h-maingit/bell24h-main/client/deployments/deployment-sepolia-1750821000382.json","old-digitex-erp-bell24h","1838","2026-08-03","json","old-repo-clone-main-branch","bell24h-maingit/bell24h-main/client/deployments"
3006,"deployment-sepolia-1750821063711.json","bell24h-maingit/bell24h-main/client/deployments/deployment-sepolia-1750821063711.json","old-digitex-erp-bell24h","550","2026-08-03","json","old-repo-clone-main-branch","bell24h-maingit/bell24h-main/client/deployments"
3007,"deployment-sepolia-1750821063886.json","bell24h-maingit/bell24h-main/client/deployments/deployment-sepolia-1750821063886.json","old-digitex-erp-bell24h","550","2026-08-03","json","old-repo-clone-main-branch","bell24h-maingit/bell24h-main/client/deployments"
3008,"deployment-sepolia-1750873878414.json","bell24h-maingit/bell24h-main/client/deployments/deployment-sepolia-1750873878414.json","old-digitex-erp-bell24h","550","2026-08-03","json","old-repo-clone-main-branch","bell24h-maingit/bell24h-main/client/deployments"
3009,"deployment-sepolia-1750873878506.json","bell24h-maingit/bell24h-main/client/deployments/deployment-sepolia-1750873878506.json","old-digitex-erp-bell24h","550","2026-08-03","json","old-repo-clone-main-branch","bell24h-maingit/bell24h-main/client/deployments"
3010,"deployment-sepolia-1750874902251.json","bell24h-maingit/bell24h-main/client/deployments/deployment-sepolia-1750874902251.json","old-digitex-erp-bell24h","550","2026-08-03","json","old-repo-clone-main-branch","bell24h-maingit/bell24h-main/client/deployments"
3011,"deployment-sepolia-1750874902415.json","bell24h-maingit/bell24h-main/client/deployments/deployment-sepolia-1750874902415.json","old-digitex-erp-bell24h","550","2026-08-03","json","old-repo-clone-main-branch","bell24h-maingit/bell24h-main/client/deployments"
3012,"deployment-sepolia-1751339466284.json","bell24h-maingit/bell24h-main/client/deployments/deployment-sepolia-1751339466284.json","old-digitex-erp-bell24h","550","2026-08-03","json","old-repo-clone-main-branch","bell24h-maingit/bell24h-main/client/deployments"
3013,"deployment-sepolia-1751339466399.json","bell24h-maingit/bell24h-main/client/deployments/deployment-sepolia-1751339466399.json","old-digitex-erp-bell24h","550","2026-08-03","json","old-repo-clone-main-branch","bell24h-maingit/bell24h-main/client/deployments"
3014,"deployment-sepolia-1754075911920.json","bell24h-maingit/bell24h-main/client/deployments/deployment-sepolia-1754075911920.json","old-digitex-erp-bell24h","548","2026-08-03","json","old-repo-clone-main-branch","bell24h-maingit/bell24h-main/client/deployments"
3015,"deployment-sepolia-1754075912202.json","bell24h-maingit/bell24h-main/client/deployments/deployment-sepolia-1754075912202.json","old-digitex-erp-bell24h","548","2026-08-03","json","old-repo-clone-main-branch","bell24h-maingit/bell24h-main/client/deployments"
3016,"deployment-sepolia-1754076005060.json","bell24h-maingit/bell24h-main/client/deployments/deployment-sepolia-1754076005060.json","old-digitex-erp-bell24h","548","2026-08-03","json","old-repo-clone-main-branch","bell24h-maingit/bell24h-main/client/deployments"
3017,"deployment-sepolia-1754076005378.json","bell24h-maingit/bell24h-main/client/deployments/deployment-sepolia-1754076005378.json","old-digitex-erp-bell24h","548","2026-08-03","json","old-repo-clone-main-branch","bell24h-maingit/bell24h-main/client/deployments"
3018,"DEPLOYMENT_GUIDE.md","bell24h-maingit/bell24h-main/client/DEPLOYMENT_GUIDE.md","old-digitex-erp-bell24h","8562","2026-08-03","md","old-repo-clone-main-branch","bell24h-maingit/bell24h-main/client"
3019,"DEPLOYMENT_STATUS_UPDATE.md","bell24h-maingit/bell24h-main/client/DEPLOYMENT_STATUS_UPDATE.md","old-digitex-erp-bell24h","3827","2026-08-03","md","old-repo-clone-main-branch","bell24h-maingit/bell24h-main/client"
3020,"DEPLOYMENT_VERIFICATION_REPORT.md","bell24h-maingit/bell24h-main/client/DEPLOYMENT_VERIFICATION_REPORT.md","old-digitex-erp-bell24h","3828","2026-08-03","md","old-repo-clone-main-branch","bell24h-maingit/bell24h-main/client"
3021,"DNS_SETUP_GUIDE.txt","bell24h-maingit/bell24h-main/client/DNS_SETUP_GUIDE.txt","old-digitex-erp-bell24h","768","2026-08-03","txt","old-repo-clone-main-branch","bell24h-maingit/bell24h-main/client"
3022,"docker-compose.n8n.yml","bell24h-maingit/bell24h-main/client/docker-compose.n8n.yml","old-digitex-erp-bell24h","3114","2026-08-03","yml","old-repo-clone-main-branch","bell24h-maingit/bell24h-main/client"
3023,"docker-compose.yml","bell24h-maingit/bell24h-main/client/docker-compose.yml","old-digitex-erp-bell24h","4410","2026-08-03","yml","old-repo-clone-main-branch","bell24h-maingit/bell24h-main/client"
3024,"Dockerfile","bell24h-maingit/bell24h-main/client/Dockerfile","old-digitex-erp-bell24h","1889","2026-08-03","Dockerfile","old-repo-clone-main-branch","bell24h-maingit/bell24h-main/client"
3025,"Dockerfile.n8n","bell24h-maingit/bell24h-main/client/Dockerfile.n8n","old-digitex-erp-bell24h","831","2026-08-03","n8n","old-repo-clone-main-branch","bell24h-maingit/bell24h-main/client"
3026,"EMERGENCY_VERCEL_FIX.md","bell24h-maingit/bell24h-main/client/EMERGENCY_VERCEL_FIX.md","old-digitex-erp-bell24h","2122","2026-08-03","md","old-repo-clone-main-branch","bell24h-maingit/bell24h-main/client"
3027,"env-example.txt","bell24h-maingit/bell24h-main/client/env-example.txt","old-digitex-erp-bell24h","473","2026-08-03","txt","old-repo-clone-main-branch","bell24h-maingit/bell24h-main/client"
3028,"FINAL_DOMAIN_SETUP.txt","bell24h-maingit/bell24h-main/client/FINAL_DOMAIN_SETUP.txt","old-digitex-erp-bell24h","1014","2026-08-03","txt","old-repo-clone-main-branch","bell24h-maingit/bell24h-main/client"
3029,"FINAL_LAUNCH_SQL.sql","bell24h-maingit/bell24h-main/client/FINAL_LAUNCH_SQL.sql","old-digitex-erp-bell24h","1526","2026-08-03","sql","old-repo-clone-main-branch","bell24h-maingit/bell24h-main/client"
3030,"FINAL_STATUS_REPORT.md","bell24h-maingit/bell24h-main/client/FINAL_STATUS_REPORT.md","old-digitex-erp-bell24h","4316","2026-08-03","md","old-repo-clone-main-branch","bell24h-maingit/bell24h-main/client"
3031,"FIXES_COMPLETE.md","bell24h-maingit/bell24h-main/client/FIXES_COMPLETE.md","old-digitex-erp-bell24h","3962","2026-08-03","md","old-repo-clone-main-branch","bell24h-maingit/bell24h-main/client"
3032,"FLY-DEPLOYMENT-GUIDE.md","bell24h-maingit/bell24h-main/client/FLY-DEPLOYMENT-GUIDE.md","old-digitex-erp-bell24h","4551","2026-08-03","md","old-repo-clone-main-branch","bell24h-maingit/bell24h-main/client"
3033,"fly.toml","bell24h-maingit/bell24h-main/client/fly.toml","old-digitex-erp-bell24h","513","2026-08-03","toml","old-repo-clone-main-branch","bell24h-maingit/bell24h-main/client"
3034,"HOMEPAGE_COMPLETE_STATUS.md","bell24h-maingit/bell24h-main/client/HOMEPAGE_COMPLETE_STATUS.md","old-digitex-erp-bell24h","5622","2026-08-03","md","old-repo-clone-main-branch","bell24h-maingit/bell24h-main/client"
3035,"HOW_TO_RUN.txt","bell24h-maingit/bell24h-main/client/HOW_TO_RUN.txt","old-digitex-erp-bell24h","2167","2026-08-03","txt","old-repo-clone-main-branch","bell24h-maingit/bell24h-main/client"
3036,"lighthouse-mobile-baseline.json","bell24h-maingit/bell24h-main/client/lighthouse-mobile-baseline.json","old-digitex-erp-bell24h","771787","2026-08-03","json","old-repo-clone-main-branch","bell24h-maingit/bell24h-main/client"
3037,"lighthouse-report.json","bell24h-maingit/bell24h-main/client/lighthouse-report.json","old-digitex-erp-bell24h","810196","2026-08-03","json","old-repo-clone-main-branch","bell24h-maingit/bell24h-main/client"
3038,"LIVE_WEBSITE_VERIFICATION.md","bell24h-maingit/bell24h-main/client/LIVE_WEBSITE_VERIFICATION.md","old-digitex-erp-bell24h","3602","2026-08-03","md","old-repo-clone-main-branch","bell24h-maingit/bell24h-main/client"
3039,"MIGRATION_PLAN.md","bell24h-maingit/bell24h-main/client/MIGRATION_PLAN.md","old-digitex-erp-bell24h","7720","2026-08-03","md","old-repo-clone-main-branch","bell24h-maingit/bell24h-main/client"
3040,"neon-config.json","bell24h-maingit/bell24h-main/client/neon-config.json","old-digitex-erp-bell24h","4393","2026-08-03","json","old-repo-clone-main-branch","bell24h-maingit/bell24h-main/client"
3041,"ONBOARDING_FIX_GUIDE.md","bell24h-maingit/bell24h-main/client/ONBOARDING_FIX_GUIDE.md","old-digitex-erp-bell24h","1576","2026-08-03","md","old-repo-clone-main-branch","bell24h-maingit/bell24h-main/client"
3042,"openai_key.txt","bell24h-maingit/bell24h-main/client/openai_key.txt","old-digitex-erp-bell24h","364","2026-08-03","txt","old-repo-clone-main-branch","bell24h-maingit/bell24h-main/client"
3043,"deploy.sh","bell24h-maingit/bell24h-main/client/oracle-deployment/core-api/deploy.sh","old-digitex-erp-bell24h","1881","2026-08-03","sh","old-repo-clone-main-branch","bell24h-maingit/bell24h-main/client/oracle-deployment/core-api"
3044,"package.json","bell24h-maingit/bell24h-main/client/oracle-deployment/core-api/package.json","old-digitex-erp-bell24h","708","2026-08-03","json","old-repo-clone-main-branch","bell24h-maingit/bell24h-main/client/oracle-deployment/core-api"
3045,"deploy-all.sh","bell24h-maingit/bell24h-main/client/oracle-deployment/deploy-all.sh","old-digitex-erp-bell24h","5471","2026-08-03","sh","old-repo-clone-main-branch","bell24h-maingit/bell24h-main/client/oracle-deployment"
3046,"deploy.sh","bell24h-maingit/bell24h-main/client/oracle-deployment/ml-service/deploy.sh","old-digitex-erp-bell24h","1859","2026-08-03","sh","old-repo-clone-main-branch","bell24h-maingit/bell24h-main/client/oracle-deployment/ml-service"
3047,"main.py","bell24h-maingit/bell24h-main/client/oracle-deployment/ml-service/main.py","old-digitex-erp-bell24h","11971","2026-08-03","py","old-repo-clone-main-branch","bell24h-maingit/bell24h-main/client/oracle-deployment/ml-service"
3048,"requirements.txt","bell24h-maingit/bell24h-main/client/oracle-deployment/ml-service/requirements.txt","old-digitex-erp-bell24h","162","2026-08-03","txt","old-repo-clone-main-branch","bell24h-maingit/bell24h-main/client/oracle-deployment/ml-service"
3049,"README.md","bell24h-maingit/bell24h-main/client/oracle-deployment/README.md","old-digitex-erp-bell24h","9033","2026-08-03","md","old-repo-clone-main-branch","bell24h-maingit/bell24h-main/client/oracle-deployment"
3050,"package-lock.json","bell24h-maingit/bell24h-main/client/package-lock.json","old-digitex-erp-bell24h","487222","2026-08-03","json","old-repo-clone-main-branch","bell24h-maingit/bell24h-main/client"
3051,"package.json","bell24h-maingit/bell24h-main/client/package.json","old-digitex-erp-bell24h","4876","2026-08-03","json","old-repo-clone-main-branch","bell24h-maingit/bell24h-main/client"
3052,"PERFORMANCE_OPTIMIZATION.md","bell24h-maingit/bell24h-main/client/PERFORMANCE_OPTIMIZATION.md","old-digitex-erp-bell24h","5878","2026-08-03","md","old-repo-clone-main-branch","bell24h-maingit/bell24h-main/client"
3053,"PERFORMANCE_ROUTE_FIX_SUMMARY.md","bell24h-maingit/bell24h-main/client/PERFORMANCE_ROUTE_FIX_SUMMARY.md","old-digitex-erp-bell24h","4787","2026-08-03","md","old-repo-clone-main-branch","bell24h-maingit/bell24h-main/client"
3054,"PRISMA_CASING_FIX_SUMMARY.md","bell24h-maingit/bell24h-main/client/PRISMA_CASING_FIX_SUMMARY.md","old-digitex-erp-bell24h","5553","2026-08-03","md","old-repo-clone-main-branch","bell24h-maingit/bell24h-main/client"
3055,"production.env.template","bell24h-maingit/bell24h-main/client/production.env.template","old-digitex-erp-bell24h","2276","2026-08-03","template","old-repo-clone-main-branch","bell24h-maingit/bell24h-main/client"
3056,"common.json","bell24h-maingit/bell24h-main/client/public/locales/hi/common.json","old-digitex-erp-bell24h","788","2026-08-03","json","old-repo-clone-main-branch","bell24h-maingit/bell24h-main/client/public/locales/hi"
3057,"dashboard.json","bell24h-maingit/bell24h-main/client/public/locales/hi/dashboard.json","old-digitex-erp-bell24h","502","2026-08-03","json","old-repo-clone-main-branch","bell24h-maingit/bell24h-main/client/public/locales/hi"
3058,"manifest.json","bell24h-maingit/bell24h-main/client/public/manifest.json","old-digitex-erp-bell24h","4511","2026-08-03","json","old-repo-clone-main-branch","bell24h-maingit/bell24h-main/client/public"
3059,"robots.txt","bell24h-maingit/bell24h-main/client/public/robots.txt","old-digitex-erp-bell24h","1429","2026-08-03","txt","old-repo-clone-main-branch","bell24h-maingit/bell24h-main/client/public"
3060,"QUICK_FIX_SUMMARY.md","bell24h-maingit/bell24h-main/client/QUICK_FIX_SUMMARY.md","old-digitex-erp-bell24h","1981","2026-08-03","md","old-repo-clone-main-branch","bell24h-maingit/bell24h-main/client"
3061,"railway.env.example","bell24h-maingit/bell24h-main/client/railway.env.example","old-digitex-erp-bell24h","385","2026-08-03","example","old-repo-clone-main-branch","bell24h-maingit/bell24h-main/client"
3062,"railway.json","bell24h-maingit/bell24h-main/client/railway.json","old-digitex-erp-bell24h","344","2026-08-03","json","old-repo-clone-main-branch","bell24h-maingit/bell24h-main/client"
3063,"RETURNS_ARRAY_FIX_SUMMARY.md","bell24h-maingit/bell24h-main/client/RETURNS_ARRAY_FIX_SUMMARY.md","old-digitex-erp-bell24h","9253","2026-08-03","md","old-repo-clone-main-branch","bell24h-maingit/bell24h-main/client"
3064,"RISKMETRICS_FIX_SUMMARY.md","bell24h-maingit/bell24h-main/client/RISKMETRICS_FIX_SUMMARY.md","old-digitex-erp-bell24h","8299","2026-08-03","md","old-repo-clone-main-branch","bell24h-maingit/bell24h-main/client"
3065,"run-comprehensive-setup.ps1","bell24h-maingit/bell24h-main/client/run-comprehensive-setup.ps1","old-digitex-erp-bell24h","1004","2026-08-03","ps1","old-repo-clone-main-branch","bell24h-maingit/bell24h-main/client"
3066,"bulk-directory-submit.py","bell24h-maingit/bell24h-main/client/scripts/bulk-directory-submit.py","old-digitex-erp-bell24h","17084","2026-08-03","py","old-repo-clone-main-branch","bell24h-maingit/bell24h-main/client/scripts"
3067,"deploy-n8n-cloud.sh","bell24h-maingit/bell24h-main/client/scripts/deploy-n8n-cloud.sh","old-digitex-erp-bell24h","8956","2026-08-03","sh","old-repo-clone-main-branch","bell24h-maingit/bell24h-main/client/scripts"
3068,"deploy-n8n-production.sh","bell24h-maingit/bell24h-main/client/scripts/deploy-n8n-production.sh","old-digitex-erp-bell24h","6373","2026-08-03","sh","old-repo-clone-main-branch","bell24h-maingit/bell24h-main/client/scripts"
3069,"generate_categories.py","bell24h-maingit/bell24h-main/client/scripts/generate_categories.py","old-digitex-erp-bell24h","15731","2026-08-03","py","old-repo-clone-main-branch","bell24h-maingit/bell24h-main/client/scripts"
3070,"security-audit.json","bell24h-maingit/bell24h-main/client/security-audit.json","old-digitex-erp-bell24h","15816","2026-08-03","json","old-repo-clone-main-branch","bell24h-maingit/bell24h-main/client"
3071,"SENTIMENT_FIX_SUMMARY.md","bell24h-maingit/bell24h-main/client/SENTIMENT_FIX_SUMMARY.md","old-digitex-erp-bell24h","8210","2026-08-03","md","old-repo-clone-main-branch","bell24h-maingit/bell24h-main/client"
3072,"STATUS_REPORT.md","bell24h-maingit/bell24h-main/client/STATUS_REPORT.md","old-digitex-erp-bell24h","5417","2026-08-03","md","old-repo-clone-main-branch","bell24h-maingit/bell24h-main/client"
3073,"STOCK_DATA_FIX_SUMMARY.md","bell24h-maingit/bell24h-main/client/STOCK_DATA_FIX_SUMMARY.md","old-digitex-erp-bell24h","6695","2026-08-03","md","old-repo-clone-main-branch","bell24h-maingit/bell24h-main/client"
3074,"supabase-schema.sql","bell24h-maingit/bell24h-main/client/supabase-schema.sql","old-digitex-erp-bell24h","1613","2026-08-03","sql","old-repo-clone-main-branch","bell24h-maingit/bell24h-main/client"
3075,"test-apis.ps1","bell24h-maingit/bell24h-main/client/test-apis.ps1","old-digitex-erp-bell24h","2699","2026-08-03","ps1","old-repo-clone-main-branch","bell24h-maingit/bell24h-main/client"
3076,"test-build.ps1","bell24h-maingit/bell24h-main/client/test-build.ps1","old-digitex-erp-bell24h","465","2026-08-03","ps1","old-repo-clone-main-branch","bell24h-maingit/bell24h-main/client"
3077,"test-website.ps1","bell24h-maingit/bell24h-main/client/test-website.ps1","old-digitex-erp-bell24h","2212","2026-08-03","ps1","old-repo-clone-main-branch","bell24h-maingit/bell24h-main/client"
3078,"THEME_UPDATE_COMPLETE.md","bell24h-maingit/bell24h-main/client/THEME_UPDATE_COMPLETE.md","old-digitex-erp-bell24h","3474","2026-08-03","md","old-repo-clone-main-branch","bell24h-maingit/bell24h-main/client"
3079,"tsconfig.json","bell24h-maingit/bell24h-main/client/tsconfig.json","old-digitex-erp-bell24h","1164","2026-08-03","json","old-repo-clone-main-branch","bell24h-maingit/bell24h-main/client"
3080,"TYPESCRIPT_FIXES_SUMMARY.md","bell24h-maingit/bell24h-main/client/TYPESCRIPT_FIXES_SUMMARY.md","old-digitex-erp-bell24h","2803","2026-08-03","md","old-repo-clone-main-branch","bell24h-maingit/bell24h-main/client"
3081,"TYPE_MISMATCH_FIX_SUMMARY.md","bell24h-maingit/bell24h-main/client/TYPE_MISMATCH_FIX_SUMMARY.md","old-digitex-erp-bell24h","7677","2026-08-03","md","old-repo-clone-main-branch","bell24h-maingit/bell24h-main/client"
3082,"UPDATE_NAMESERVERS.txt","bell24h-maingit/bell24h-main/client/UPDATE_NAMESERVERS.txt","old-digitex-erp-bell24h","884","2026-08-03","txt","old-repo-clone-main-branch","bell24h-maingit/bell24h-main/client"
3083,"user_profiles_schema.sql","bell24h-maingit/bell24h-main/client/user_profiles_schema.sql","old-digitex-erp-bell24h","2388","2026-08-03","sql","old-repo-clone-main-branch","bell24h-maingit/bell24h-main/client"
3084,"VERCEL-ENVIRONMENT-SETUP.md","bell24h-maingit/bell24h-main/client/VERCEL-ENVIRONMENT-SETUP.md","old-digitex-erp-bell24h","3824","2026-08-03","md","old-repo-clone-main-branch","bell24h-maingit/bell24h-main/client"
3085,"vercel.json","bell24h-maingit/bell24h-main/client/vercel.json","old-digitex-erp-bell24h","156","2026-08-03","json","old-repo-clone-main-branch","bell24h-maingit/bell24h-main/client"
3086,"VERCEL_BUILD_FIX_SUMMARY.md","bell24h-maingit/bell24h-main/client/VERCEL_BUILD_FIX_SUMMARY.md","old-digitex-erp-bell24h","1730","2026-08-03","md","old-repo-clone-main-branch","bell24h-maingit/bell24h-main/client"
3087,"VIDEO_RFQ_FIXED.txt","bell24h-maingit/bell24h-main/client/VIDEO_RFQ_FIXED.txt","old-digitex-erp-bell24h","3348","2026-08-03","txt","old-repo-clone-main-branch","bell24h-maingit/bell24h-main/client"
3088,"VOICE_RFQ_FIXED.txt","bell24h-maingit/bell24h-main/client/VOICE_RFQ_FIXED.txt","old-digitex-erp-bell24h","3002","2026-08-03","txt","old-repo-clone-main-branch","bell24h-maingit/bell24h-main/client"
3089,"client-tsconfig.json","bell24h-maingit/bell24h-main/client-tsconfig.json","old-digitex-erp-bell24h","426","2026-08-03","json","old-repo-clone-main-branch","bell24h-maingit/bell24h-main"
3090,"client_secret_2_1044360968417-avn6r7navbtelcvocsauv7j6ck6egvnl.apps.googleusercontent.com.json","bell24h-maingit/bell24h-main/client_secret_2_1044360968417-avn6r7navbtelcvocsauv7j6ck6egvnl.apps.googleusercontent.com.json","old-digitex-erp-bell24h","577","2026-08-03","json","old-repo-clone-main-branch","bell24h-maingit/bell24h-main"
3091,"CLOUDFLARE-BUILD-COMMAND-CLARIFICATION.md","bell24h-maingit/bell24h-main/CLOUDFLARE-BUILD-COMMAND-CLARIFICATION.md","old-digitex-erp-bell24h","3464","2026-08-03","md","old-repo-clone-main-branch","bell24h-maingit/bell24h-main"
3092,"CLOUDFLARE-DNS-QUICK-FIX.md","bell24h-maingit/bell24h-main/CLOUDFLARE-DNS-QUICK-FIX.md","old-digitex-erp-bell24h","1475","2026-08-03","md","old-repo-clone-main-branch","bell24h-maingit/bell24h-main"
3093,"CLOUDFLARE-PAGES-BUILD-FIX.md","bell24h-maingit/bell24h-main/CLOUDFLARE-PAGES-BUILD-FIX.md","old-digitex-erp-bell24h","3638","2026-08-03","md","old-repo-clone-main-branch","bell24h-maingit/bell24h-main"
3094,"cloudflare-pages-config.json","bell24h-maingit/bell24h-main/cloudflare-pages-config.json","old-digitex-erp-bell24h","871","2026-08-03","json","old-repo-clone-main-branch","bell24h-maingit/bell24h-main"
3095,"CLOUDFLARE-PAGES-FINAL-FIX.md","bell24h-maingit/bell24h-main/CLOUDFLARE-PAGES-FINAL-FIX.md","old-digitex-erp-bell24h","3190","2026-08-03","md","old-repo-clone-main-branch","bell24h-maingit/bell24h-main"
3096,"CLOUDFLARE-PAGES-NEXT-STEPS.md","bell24h-maingit/bell24h-main/CLOUDFLARE-PAGES-NEXT-STEPS.md","old-digitex-erp-bell24h","5192","2026-08-03","md","old-repo-clone-main-branch","bell24h-maingit/bell24h-main"
3097,"CLOUDFLARE-PAGES-SETTINGS-FIX.md","bell24h-maingit/bell24h-main/CLOUDFLARE-PAGES-SETTINGS-FIX.md","old-digitex-erp-bell24h","3899","2026-08-03","md","old-repo-clone-main-branch","bell24h-maingit/bell24h-main"
3098,"CLOUDFLARE-PAGES-SETUP.md","bell24h-maingit/bell24h-main/CLOUDFLARE-PAGES-SETUP.md","old-digitex-erp-bell24h","5297","2026-08-03","md","old-repo-clone-main-branch","bell24h-maingit/bell24h-main"
3099,"CLOUDFLARE-PAGES-TEST.md","bell24h-maingit/bell24h-main/CLOUDFLARE-PAGES-TEST.md","old-digitex-erp-bell24h","3905","2026-08-03","md","old-repo-clone-main-branch","bell24h-maingit/bell24h-main"
3100,"CLOUDFLARE-SETUP-STEP-BY-STEP.md","bell24h-maingit/bell24h-main/CLOUDFLARE-SETUP-STEP-BY-STEP.md","old-digitex-erp-bell24h","8911","2026-08-03","md","old-repo-clone-main-branch","bell24h-maingit/bell24h-main"
3101,"commit-and-push-fix.ps1","bell24h-maingit/bell24h-main/commit-and-push-fix.ps1","old-digitex-erp-bell24h","318","2026-08-03","ps1","old-repo-clone-main-branch","bell24h-maingit/bell24h-main"
3102,"COMPANY_PROFILE_CLAIMING_IMPLEMENTATION_COMPLETE.md","bell24h-maingit/bell24h-main/COMPANY_PROFILE_CLAIMING_IMPLEMENTATION_COMPLETE.md","old-digitex-erp-bell24h","9199","2026-08-03","md","old-repo-clone-main-branch","bell24h-maingit/bell24h-main"
3103,"COMPANY_PROFILE_CLAIMING_SUMMARY.md","bell24h-maingit/bell24h-main/COMPANY_PROFILE_CLAIMING_SUMMARY.md","old-digitex-erp-bell24h","7842","2026-08-03","md","old-repo-clone-main-branch","bell24h-maingit/bell24h-main"
3104,"COMPLETE-AUTOMATIC-DEPLOY.ps1","bell24h-maingit/bell24h-main/COMPLETE-AUTOMATIC-DEPLOY.ps1","old-digitex-erp-bell24h","2034","2026-08-03","ps1","old-repo-clone-main-branch","bell24h-maingit/bell24h-main"
3105,"complete-database-setup-400-categories.sql","bell24h-maingit/bell24h-main/complete-database-setup-400-categories.sql","old-digitex-erp-bell24h","30126","2026-08-03","sql","old-repo-clone-main-branch","bell24h-maingit/bell24h-main"
3106,"complete-database-setup.sql","bell24h-maingit/bell24h-main/complete-database-setup.sql","old-digitex-erp-bell24h","14897","2026-08-03","sql","old-repo-clone-main-branch","bell24h-maingit/bell24h-main"
3107,"COMPLETE-DEPLOYMENT.ps1","bell24h-maingit/bell24h-main/COMPLETE-DEPLOYMENT.ps1","old-digitex-erp-bell24h","1255","2026-08-03","ps1","old-repo-clone-main-branch","bell24h-maingit/bell24h-main"
3108,"COMPLETE-FEATURE-INVENTORY.md","bell24h-maingit/bell24h-main/COMPLETE-FEATURE-INVENTORY.md","old-digitex-erp-bell24h","8840","2026-08-03","md","old-repo-clone-main-branch","bell24h-maingit/bell24h-main"
3109,"COMPLETE_AUTOMATED_FIX_SUMMARY.md","bell24h-maingit/bell24h-main/COMPLETE_AUTOMATED_FIX_SUMMARY.md","old-digitex-erp-bell24h","7308","2026-08-03","md","old-repo-clone-main-branch","bell24h-maingit/bell24h-main"
3110,"COMPLETE_DEPLOYMENT_ANALYSIS.md","bell24h-maingit/bell24h-main/COMPLETE_DEPLOYMENT_ANALYSIS.md","old-digitex-erp-bell24h","9123","2026-08-03","md","old-repo-clone-main-branch","bell24h-maingit/bell24h-main"
3111,"COMPLETE_PROJECT_REBUILD.cjs","bell24h-maingit/bell24h-main/COMPLETE_PROJECT_REBUILD.cjs","old-digitex-erp-bell24h","6715","2026-08-03","cjs","old-repo-clone-main-branch","bell24h-maingit/bell24h-main"
3112,"COMPLETE_SETUP_SUMMARY.md","bell24h-maingit/bell24h-main/COMPLETE_SETUP_SUMMARY.md","old-digitex-erp-bell24h","6553","2026-08-03","md","old-repo-clone-main-branch","bell24h-maingit/bell24h-main"
3113,"composer.json","bell24h-maingit/bell24h-main/composer.json","old-digitex-erp-bell24h","2970","2026-08-03","json","old-repo-clone-main-branch","bell24h-maingit/bell24h-main"
3114,"COMPREHENSIVE-AUDIT-REPORT.md","bell24h-maingit/bell24h-main/COMPREHENSIVE-AUDIT-REPORT.md","old-digitex-erp-bell24h","12593","2026-08-03","md","old-repo-clone-main-branch","bell24h-maingit/bell24h-main"
3115,"COMPREHENSIVE-FIX.ps1","bell24h-maingit/bell24h-main/COMPREHENSIVE-FIX.ps1","old-digitex-erp-bell24h","759","2026-08-03","ps1","old-repo-clone-main-branch","bell24h-maingit/bell24h-main"
3116,"COMPREHENSIVE-PROJECT-AUDIT-2025.md","bell24h-maingit/bell24h-main/COMPREHENSIVE-PROJECT-AUDIT-2025.md","old-digitex-erp-bell24h","21385","2026-08-03","md","old-repo-clone-main-branch","bell24h-maingit/bell24h-main"
3117,"COMPREHENSIVE-PROJECT-AUDIT-AND-ASSESSMENT.md","bell24h-maingit/bell24h-main/COMPREHENSIVE-PROJECT-AUDIT-AND-ASSESSMENT.md","old-digitex-erp-bell24h","25068","2026-08-03","md","old-repo-clone-main-branch","bell24h-maingit/bell24h-main"
3118,"COMPREHENSIVE_AUDIT_REPORT.md","bell24h-maingit/bell24h-main/COMPREHENSIVE_AUDIT_REPORT.md","old-digitex-erp-bell24h","11164","2026-08-03","md","old-repo-clone-main-branch","bell24h-maingit/bell24h-main"
3119,"COMPREHENSIVE_MCP_AUDIT_REPORT.md","bell24h-maingit/bell24h-main/COMPREHENSIVE_MCP_AUDIT_REPORT.md","old-digitex-erp-bell24h","5722","2026-08-03","md","old-repo-clone-main-branch","bell24h-maingit/bell24h-main"
3120,"COMPREHENSIVE_MCP_AUDIT_REPORT_FINAL.md","bell24h-maingit/bell24h-main/COMPREHENSIVE_MCP_AUDIT_REPORT_FINAL.md","old-digitex-erp-bell24h","5588","2026-08-03","md","old-repo-clone-main-branch","bell24h-maingit/bell24h-main"
3121,"COPY-PASTE-COMMANDS.txt","bell24h-maingit/bell24h-main/COPY-PASTE-COMMANDS.txt","old-digitex-erp-bell24h","2087","2026-08-03","txt","old-repo-clone-main-branch","bell24h-maingit/bell24h-main"
3122,"COPY_PASTE_DEPLOYMENT.txt","bell24h-maingit/bell24h-main/COPY_PASTE_DEPLOYMENT.txt","old-digitex-erp-bell24h","2850","2026-08-03","txt","old-repo-clone-main-branch","bell24h-maingit/bell24h-main"
3123,"CURRENT-STATUS-AND-NEXT-STEPS.md","bell24h-maingit/bell24h-main/CURRENT-STATUS-AND-NEXT-STEPS.md","old-digitex-erp-bell24h","7608","2026-08-03","md","old-repo-clone-main-branch","bell24h-maingit/bell24h-main"
3124,"cursor-mcp-config.json","bell24h-maingit/bell24h-main/cursor-mcp-config.json","old-digitex-erp-bell24h","2317","2026-08-03","json","old-repo-clone-main-branch","bell24h-maingit/bell24h-main"
3125,"CURSOR-MCP-HYBRID-INTEGRATION.md","bell24h-maingit/bell24h-main/CURSOR-MCP-HYBRID-INTEGRATION.md","old-digitex-erp-bell24h","11921","2026-08-03","md","old-repo-clone-main-branch","bell24h-maingit/bell24h-main"
3126,"CURSOR-MCP-INTEGRATION-COMPLETE-REPORT.md","bell24h-maingit/bell24h-main/CURSOR-MCP-INTEGRATION-COMPLETE-REPORT.md","old-digitex-erp-bell24h","8396","2026-08-03","md","old-repo-clone-main-branch","bell24h-maingit/bell24h-main"
3127,"CURSOR-MCP-INTEGRATION-GUIDE.md","bell24h-maingit/bell24h-main/CURSOR-MCP-INTEGRATION-GUIDE.md","old-digitex-erp-bell24h","8776","2026-08-03","md","old-repo-clone-main-branch","bell24h-maingit/bell24h-main"
3128,"CURSOR-MCP-USAGE.md","bell24h-maingit/bell24h-main/CURSOR-MCP-USAGE.md","old-digitex-erp-bell24h","1592","2026-08-03","md","old-repo-clone-main-branch","bell24h-maingit/bell24h-main"
3129,"cursor_settings.json","bell24h-maingit/bell24h-main/cursor_settings.json","old-digitex-erp-bell24h","430","2026-08-03","json","old-repo-clone-main-branch","bell24h-maingit/bell24h-main"
3130,"CYPRESS_FIX_SUMMARY.md","bell24h-maingit/bell24h-main/CYPRESS_FIX_SUMMARY.md","old-digitex-erp-bell24h","3302","2026-08-03","md","old-repo-clone-main-branch","bell24h-maingit/bell24h-main"
3131,"DASHBOARD-AUDIT-COMPLETE.md","bell24h-maingit/bell24h-main/DASHBOARD-AUDIT-COMPLETE.md","old-digitex-erp-bell24h","8703","2026-08-03","md","old-repo-clone-main-branch","bell24h-maingit/bell24h-main"
3132,"DASHBOARD-FIX-COMPLETE.md","bell24h-maingit/bell24h-main/DASHBOARD-FIX-COMPLETE.md","old-digitex-erp-bell24h","6949","2026-08-03","md","old-repo-clone-main-branch","bell24h-maingit/bell24h-main"
3133,"DASHBOARD-QUICK-ACCESS-GUIDE.md","bell24h-maingit/bell24h-main/DASHBOARD-QUICK-ACCESS-GUIDE.md","old-digitex-erp-bell24h","9984","2026-08-03","md","old-repo-clone-main-branch","bell24h-maingit/bell24h-main"
3134,"DAY2_COMPLETION_SUMMARY.md","bell24h-maingit/bell24h-main/DAY2_COMPLETION_SUMMARY.md","old-digitex-erp-bell24h","4688","2026-08-03","md","old-repo-clone-main-branch","bell24h-maingit/bell24h-main"
3135,"DAY2_SETUP_INSTRUCTIONS.md","bell24h-maingit/bell24h-main/DAY2_SETUP_INSTRUCTIONS.md","old-digitex-erp-bell24h","3527","2026-08-03","md","old-repo-clone-main-branch","bell24h-maingit/bell24h-main"
3136,"DELETE-CNAME-ADD-A-RECORD.md","bell24h-maingit/bell24h-main/DELETE-CNAME-ADD-A-RECORD.md","old-digitex-erp-bell24h","3809","2026-08-03","md","old-repo-clone-main-branch","bell24h-maingit/bell24h-main"
3137,"DEMO-LOGIN-GUIDE.md","bell24h-maingit/bell24h-main/DEMO-LOGIN-GUIDE.md","old-digitex-erp-bell24h","5316","2026-08-03","md","old-repo-clone-main-branch","bell24h-maingit/bell24h-main"
3138,"deploy-2step-verification.ps1","bell24h-maingit/bell24h-main/deploy-2step-verification.ps1","old-digitex-erp-bell24h","6902","2026-08-03","ps1","old-repo-clone-main-branch","bell24h-maingit/bell24h-main"
3139,"DEPLOY-CLOUDFLARE-PAGES.md","bell24h-maingit/bell24h-main/DEPLOY-CLOUDFLARE-PAGES.md","old-digitex-erp-bell24h","7647","2026-08-03","md","old-repo-clone-main-branch","bell24h-maingit/bell24h-main"
3140,"deploy-fast-html-site.ps1","bell24h-maingit/bell24h-main/deploy-fast-html-site.ps1","old-digitex-erp-bell24h","14198","2026-08-03","ps1","old-repo-clone-main-branch","bell24h-maingit/bell24h-main"
3141,"deploy-html-clean.ps1","bell24h-maingit/bell24h-main/deploy-html-clean.ps1","old-digitex-erp-bell24h","4521","2026-08-03","ps1","old-repo-clone-main-branch","bell24h-maingit/bell24h-main"
3142,"deploy-html-fast-site-fixed.ps1","bell24h-maingit/bell24h-main/deploy-html-fast-site-fixed.ps1","old-digitex-erp-bell24h","20232","2026-08-03","ps1","old-repo-clone-main-branch","bell24h-maingit/bell24h-main"
3143,"deploy-html-fast-site.ps1","bell24h-maingit/bell24h-main/deploy-html-fast-site.ps1","old-digitex-erp-bell24h","25940","2026-08-03","ps1","old-repo-clone-main-branch","bell24h-maingit/bell24h-main"
3144,"deploy-mobile-otp-registration-flow.ps1","bell24h-maingit/bell24h-main/deploy-mobile-otp-registration-flow.ps1","old-digitex-erp-bell24h","13257","2026-08-03","ps1","old-repo-clone-main-branch","bell24h-maingit/bell24h-main"
3145,"deploy-now.ps1","bell24h-maingit/bell24h-main/deploy-now.ps1","old-digitex-erp-bell24h","530","2026-08-03","ps1","old-repo-clone-main-branch","bell24h-maingit/bell24h-main"
3146,"DEPLOY-NOW.txt","bell24h-maingit/bell24h-main/DEPLOY-NOW.txt","old-digitex-erp-bell24h","1073","2026-08-03","txt","old-repo-clone-main-branch","bell24h-maingit/bell24h-main"
3147,"deploy-oracle-vm.sh","bell24h-maingit/bell24h-main/deploy-oracle-vm.sh","old-digitex-erp-bell24h","4226","2026-08-03","sh","old-repo-clone-main-branch","bell24h-maingit/bell24h-main"
3148,"deploy-script.sh","bell24h-maingit/bell24h-main/deploy-script.sh","old-digitex-erp-bell24h","1042","2026-08-03","sh","old-repo-clone-main-branch","bell24h-maingit/bell24h-main"
3149,"deployment-config.json","bell24h-maingit/bell24h-main/deployment-config.json","old-digitex-erp-bell24h","797","2026-08-03","json","old-repo-clone-main-branch","bell24h-maingit/bell24h-main"
3150,"DEPLOYMENT-CRASH-AUDIT-AND-FIX.md","bell24h-maingit/bell24h-main/DEPLOYMENT-CRASH-AUDIT-AND-FIX.md","old-digitex-erp-bell24h","8404","2026-08-03","md","old-repo-clone-main-branch","bell24h-maingit/bell24h-main"
3151,"deployment-protection.cjs","bell24h-maingit/bell24h-main/deployment-protection.cjs","old-digitex-erp-bell24h","5587","2026-08-03","cjs","old-repo-clone-main-branch","bell24h-maingit/bell24h-main"
3152,"DEPLOYMENT-STATUS-AND-FIX.md","bell24h-maingit/bell24h-main/DEPLOYMENT-STATUS-AND-FIX.md","old-digitex-erp-bell24h","6394","2026-08-03","md","old-repo-clone-main-branch","bell24h-maingit/bell24h-main"
3153,"DEPLOYMENT-STATUS.md","bell24h-maingit/bell24h-main/DEPLOYMENT-STATUS.md","old-digitex-erp-bell24h","5362","2026-08-03","md","old-repo-clone-main-branch","bell24h-maingit/bell24h-main"
3154,"DEPLOYMENT.md","bell24h-maingit/bell24h-main/DEPLOYMENT.md","old-digitex-erp-bell24h","7049","2026-08-03","md","old-repo-clone-main-branch","bell24h-maingit/bell24h-main"
3155,"DEPLOYMENT_ACTION_PLAN.txt","bell24h-maingit/bell24h-main/DEPLOYMENT_ACTION_PLAN.txt","old-digitex-erp-bell24h","1207","2026-08-03","txt","old-repo-clone-main-branch","bell24h-maingit/bell24h-main"
3156,"DEPLOYMENT_CHECKLIST.md","bell24h-maingit/bell24h-main/DEPLOYMENT_CHECKLIST.md","old-digitex-erp-bell24h","4026","2026-08-03","md","old-repo-clone-main-branch","bell24h-maingit/bell24h-main"
3157,"DEPLOYMENT_FIX_COMPLETE.md","bell24h-maingit/bell24h-main/DEPLOYMENT_FIX_COMPLETE.md","old-digitex-erp-bell24h","5567","2026-08-03","md","old-repo-clone-main-branch","bell24h-maingit/bell24h-main"
3158,"DEPLOYMENT_VERIFICATION_GUIDE.md","bell24h-maingit/bell24h-main/DEPLOYMENT_VERIFICATION_GUIDE.md","old-digitex-erp-bell24h","9492","2026-08-03","md","old-repo-clone-main-branch","bell24h-maingit/bell24h-main"
3159,"deploy_existing_500_pages.ps1","bell24h-maingit/bell24h-main/deploy_existing_500_pages.ps1","old-digitex-erp-bell24h","7776","2026-08-03","ps1","old-repo-clone-main-branch","bell24h-maingit/bell24h-main"
3160,"deploy_hero_fix.ps1","bell24h-maingit/bell24h-main/deploy_hero_fix.ps1","old-digitex-erp-bell24h","1258","2026-08-03","ps1","old-repo-clone-main-branch","bell24h-maingit/bell24h-main"
3161,"deploy_homepage_fix.ps1","bell24h-maingit/bell24h-main/deploy_homepage_fix.ps1","old-digitex-erp-bell24h","1540","2026-08-03","ps1","old-repo-clone-main-branch","bell24h-maingit/bell24h-main"
3162,"DETAILED-FILE-INVENTORY-2025.md","bell24h-maingit/bell24h-main/DETAILED-FILE-INVENTORY-2025.md","old-digitex-erp-bell24h","16530","2026-08-03","md","old-repo-clone-main-branch","bell24h-maingit/bell24h-main"
3163,"DIAGNOSE-502-ERROR.sh","bell24h-maingit/bell24h-main/DIAGNOSE-502-ERROR.sh","old-digitex-erp-bell24h","2515","2026-08-03","sh","old-repo-clone-main-branch","bell24h-maingit/bell24h-main"
3164,"disable-all-failing-workflows.ps1","bell24h-maingit/bell24h-main/disable-all-failing-workflows.ps1","old-digitex-erp-bell24h","1111","2026-08-03","ps1","old-repo-clone-main-branch","bell24h-maingit/bell24h-main"
3165,"disable-webthinker.ps1","bell24h-maingit/bell24h-main/disable-webthinker.ps1","old-digitex-erp-bell24h","504","2026-08-03","ps1","old-repo-clone-main-branch","bell24h-maingit/bell24h-main"
3166,"DNS-COMPLETE-NEXT-STEPS.md","bell24h-maingit/bell24h-main/DNS-COMPLETE-NEXT-STEPS.md","old-digitex-erp-bell24h","5717","2026-08-03","md","old-repo-clone-main-branch","bell24h-maingit/bell24h-main"
3167,"DOCKER-BUILD-NOT-FROZEN-GUIDE.md","bell24h-maingit/bell24h-main/DOCKER-BUILD-NOT-FROZEN-GUIDE.md","old-digitex-erp-bell24h","5824","2026-08-03","md","old-repo-clone-main-branch","bell24h-maingit/bell24h-main"
3168,"docker-compose.debug.yml","bell24h-maingit/bell24h-main/docker-compose.debug.yml","old-digitex-erp-bell24h","335","2026-08-03","yml","old-repo-clone-main-branch","bell24h-maingit/bell24h-main"
3169,"docker-compose.perplexity.yml","bell24h-maingit/bell24h-main/docker-compose.perplexity.yml","old-digitex-erp-bell24h","336","2026-08-03","yml","old-repo-clone-main-branch","bell24h-maingit/bell24h-main"
3170,"docker-compose.yml","bell24h-maingit/bell24h-main/docker-compose.yml","old-digitex-erp-bell24h","1370","2026-08-03","yml","old-repo-clone-main-branch","bell24h-maingit/bell24h-main"
3171,"Dockerfile","bell24h-maingit/bell24h-main/Dockerfile","old-digitex-erp-bell24h","1401","2026-08-03","Dockerfile","old-repo-clone-main-branch","bell24h-maingit/bell24h-main"
3172,"Dockerfile.client","bell24h-maingit/bell24h-main/Dockerfile.client","old-digitex-erp-bell24h","1793","2026-08-03","client","old-repo-clone-main-branch","bell24h-maingit/bell24h-main"
3173,"Dockerfile.final","bell24h-maingit/bell24h-main/Dockerfile.final","old-digitex-erp-bell24h","1445","2026-08-03","final","old-repo-clone-main-branch","bell24h-maingit/bell24h-main"
3174,"Dockerfile.fixed","bell24h-maingit/bell24h-main/Dockerfile.fixed","old-digitex-erp-bell24h","1405","2026-08-03","fixed","old-repo-clone-main-branch","bell24h-maingit/bell24h-main"
3175,"Dockerfile.oracle","bell24h-maingit/bell24h-main/Dockerfile.oracle","old-digitex-erp-bell24h","1544","2026-08-03","oracle","old-repo-clone-main-branch","bell24h-maingit/bell24h-main"
3176,"Dockerfile.oracle-fixed","bell24h-maingit/bell24h-main/Dockerfile.oracle-fixed","old-digitex-erp-bell24h","1682","2026-08-03","oracle-fixed","old-repo-clone-main-branch","bell24h-maingit/bell24h-main"
3177,"swagger.json","bell24h-maingit/bell24h-main/docs/api/swagger.json","old-digitex-erp-bell24h","5666","2026-08-03","json","old-repo-clone-main-branch","bell24h-maingit/bell24h-main/docs/api"
3178,"BELL24H_SUPPLIER_ACQUISITION_ENGINE_V2.md","bell24h-maingit/bell24h-main/docs/BELL24H_SUPPLIER_ACQUISITION_ENGINE_V2.md","old-digitex-erp-bell24h","14059","2026-08-03","md","old-repo-clone-main-branch","bell24h-maingit/bell24h-main/docs"
3179,"openapi.yaml","bell24h-maingit/bell24h-main/docs/openapi.yaml","old-digitex-erp-bell24h","4326","2026-08-03","yaml","old-repo-clone-main-branch","bell24h-maingit/bell24h-main/docs"
3180,"PRODUCTION_SETUP.md","bell24h-maingit/bell24h-main/docs/PRODUCTION_SETUP.md","old-digitex-erp-bell24h","6648","2026-08-03","md","old-repo-clone-main-branch","bell24h-maingit/bell24h-main/docs"
3181,"README_EXPORT_SUMMARY.txt","bell24h-maingit/bell24h-main/docs/README_EXPORT_SUMMARY.txt","old-digitex-erp-bell24h","594","2026-08-03","txt","old-repo-clone-main-branch","bell24h-maingit/bell24h-main/docs"
3182,"e2e-test-mobile-otp.ps1","bell24h-maingit/bell24h-main/e2e-test-mobile-otp.ps1","old-digitex-erp-bell24h","7305","2026-08-03","ps1","old-repo-clone-main-branch","bell24h-maingit/bell24h-main"
3183,"ECG-MARKETING-IMPLEMENTATION-PLAN.md","bell24h-maingit/bell24h-main/ECG-MARKETING-IMPLEMENTATION-PLAN.md","old-digitex-erp-bell24h","8857","2026-08-03","md","old-repo-clone-main-branch","bell24h-maingit/bell24h-main"
3184,"EMERGENCY-502-FIX-SCRIPT.sh","bell24h-maingit/bell24h-main/EMERGENCY-502-FIX-SCRIPT.sh","old-digitex-erp-bell24h","3933","2026-08-03","sh","old-repo-clone-main-branch","bell24h-maingit/bell24h-main"
3185,"ENABLE-HTTPS-CLOUDFLARE.md","bell24h-maingit/bell24h-main/ENABLE-HTTPS-CLOUDFLARE.md","old-digitex-erp-bell24h","4391","2026-08-03","md","old-repo-clone-main-branch","bell24h-maingit/bell24h-main"
3186,"env-list.txt","bell24h-maingit/bell24h-main/env-list.txt","old-digitex-erp-bell24h","800","2026-08-03","txt","old-repo-clone-main-branch","bell24h-maingit/bell24h-main"
3187,"EVERYTHING-WORKING-WAIT-FOR-SSL.md","bell24h-maingit/bell24h-main/EVERYTHING-WORKING-WAIT-FOR-SSL.md","old-digitex-erp-bell24h","3751","2026-08-03","md","old-repo-clone-main-branch","bell24h-maingit/bell24h-main"
3188,"explain_api.py","bell24h-maingit/bell24h-main/explain_api.py","old-digitex-erp-bell24h","1497","2026-08-03","py","old-repo-clone-main-branch","bell24h-maingit/bell24h-main"
3189,"FEATURE-COMPARISON-TABLE.md","bell24h-maingit/bell24h-main/FEATURE-COMPARISON-TABLE.md","old-digitex-erp-bell24h","11669","2026-08-03","md","old-repo-clone-main-branch","bell24h-maingit/bell24h-main"
3190,"FEATURE-COMPLETENESS-ANALYSIS.md","bell24h-maingit/bell24h-main/FEATURE-COMPLETENESS-ANALYSIS.md","old-digitex-erp-bell24h","7205","2026-08-03","md","old-repo-clone-main-branch","bell24h-maingit/bell24h-main"
3191,"FINAL-521-FIX.md","bell24h-maingit/bell24h-main/FINAL-521-FIX.md","old-digitex-erp-bell24h","6319","2026-08-03","md","old-repo-clone-main-branch","bell24h-maingit/bell24h-main"
3192,"FINAL-AUDIT-SUMMARY-2025.md","bell24h-maingit/bell24h-main/FINAL-AUDIT-SUMMARY-2025.md","old-digitex-erp-bell24h","12527","2026-08-03","md","old-repo-clone-main-branch","bell24h-maingit/bell24h-main"
3193,"FINAL-FEATURE-COMPARISON.md","bell24h-maingit/bell24h-main/FINAL-FEATURE-COMPARISON.md","old-digitex-erp-bell24h","12087","2026-08-03","md","old-repo-clone-main-branch","bell24h-maingit/bell24h-main"
3194,"FINAL-STATUS-REPORT.md","bell24h-maingit/bell24h-main/FINAL-STATUS-REPORT.md","old-digitex-erp-bell24h","5090","2026-08-03","md","old-repo-clone-main-branch","bell24h-maingit/bell24h-main"
3195,"FINAL_DEPLOYMENT_ORDER.md","bell24h-maingit/bell24h-main/FINAL_DEPLOYMENT_ORDER.md","old-digitex-erp-bell24h","6115","2026-08-03","md","old-repo-clone-main-branch","bell24h-maingit/bell24h-main"
3196,"FINAL_DEPLOYMENT_STATUS_REPORT.md","bell24h-maingit/bell24h-main/FINAL_DEPLOYMENT_STATUS_REPORT.md","old-digitex-erp-bell24h","8372","2026-08-03","md","old-repo-clone-main-branch","bell24h-maingit/bell24h-main"
3197,"find-server-port.cjs","bell24h-maingit/bell24h-main/find-server-port.cjs","old-digitex-erp-bell24h","3070","2026-08-03","cjs","old-repo-clone-main-branch","bell24h-maingit/bell24h-main"
3198,"FIX-404-DNS-GUIDE.md","bell24h-maingit/bell24h-main/FIX-404-DNS-GUIDE.md","old-digitex-erp-bell24h","6158","2026-08-03","md","old-repo-clone-main-branch","bell24h-maingit/bell24h-main"
3199,"FIX-502-ERROR.sh","bell24h-maingit/bell24h-main/FIX-502-ERROR.sh","old-digitex-erp-bell24h","2847","2026-08-03","sh","old-repo-clone-main-branch","bell24h-maingit/bell24h-main"
3200,"FIX-521-ERROR.sh","bell24h-maingit/bell24h-main/FIX-521-ERROR.sh","old-digitex-erp-bell24h","4821","2026-08-03","sh","old-repo-clone-main-branch","bell24h-maingit/bell24h-main"
3201,"FIX-521-QUICK-FIX.md","bell24h-maingit/bell24h-main/FIX-521-QUICK-FIX.md","old-digitex-erp-bell24h","4722","2026-08-03","md","old-repo-clone-main-branch","bell24h-maingit/bell24h-main"
3202,"fix-build-error.sh","bell24h-maingit/bell24h-main/fix-build-error.sh","old-digitex-erp-bell24h","790","2026-08-03","sh","old-repo-clone-main-branch","bell24h-maingit/bell24h-main"
3203,"FIX-BUILD-NOW.md","bell24h-maingit/bell24h-main/FIX-BUILD-NOW.md","old-digitex-erp-bell24h","2125","2026-08-03","md","old-repo-clone-main-branch","bell24h-maingit/bell24h-main"
3204,"FIX-CLOUDFLARE-521-ERROR.md","bell24h-maingit/bell24h-main/FIX-CLOUDFLARE-521-ERROR.md","old-digitex-erp-bell24h","8914","2026-08-03","md","old-repo-clone-main-branch","bell24h-maingit/bell24h-main"
3205,"FIX-CLOUDFLARE-AUTO.ps1","bell24h-maingit/bell24h-main/FIX-CLOUDFLARE-AUTO.ps1","old-digitex-erp-bell24h","3866","2026-08-03","ps1","old-repo-clone-main-branch","bell24h-maingit/bell24h-main"
3206,"FIX-CLOUDFLARE-BUILD-FAILURE.md","bell24h-maingit/bell24h-main/FIX-CLOUDFLARE-BUILD-FAILURE.md","old-digitex-erp-bell24h","5539","2026-08-03","md","old-repo-clone-main-branch","bell24h-maingit/bell24h-main"
3207,"FIX-CLOUDFLARE-DNS-CONFLICT.md","bell24h-maingit/bell24h-main/FIX-CLOUDFLARE-DNS-CONFLICT.md","old-digitex-erp-bell24h","4728","2026-08-03","md","old-repo-clone-main-branch","bell24h-maingit/bell24h-main"
3208,"FIX-CLOUDFLARE-FINAL.ps1","bell24h-maingit/bell24h-main/FIX-CLOUDFLARE-FINAL.ps1","old-digitex-erp-bell24h","4390","2026-08-03","ps1","old-repo-clone-main-branch","bell24h-maingit/bell24h-main"
3209,"FIX-CLOUDFLARE-MANUAL.txt","bell24h-maingit/bell24h-main/FIX-CLOUDFLARE-MANUAL.txt","old-digitex-erp-bell24h","1034","2026-08-03","txt","old-repo-clone-main-branch","bell24h-maingit/bell24h-main"
3210,"FIX-CLOUDFLARE-PAGES-404.md","bell24h-maingit/bell24h-main/FIX-CLOUDFLARE-PAGES-404.md","old-digitex-erp-bell24h","2223","2026-08-03","md","old-repo-clone-main-branch","bell24h-maingit/bell24h-main"
3211,"FIX-CLOUDFLARE-SUBMODULES.ps1","bell24h-maingit/bell24h-main/FIX-CLOUDFLARE-SUBMODULES.ps1","old-digitex-erp-bell24h","3315","2026-08-03","ps1","old-repo-clone-main-branch","bell24h-maingit/bell24h-main"
3212,"fix-cloudflare.ps1","bell24h-maingit/bell24h-main/fix-cloudflare.ps1","old-digitex-erp-bell24h","1232","2026-08-03","ps1","old-repo-clone-main-branch","bell24h-maingit/bell24h-main"
3213,"FIX-CONNECTION-TIMEOUT.md","bell24h-maingit/bell24h-main/FIX-CONNECTION-TIMEOUT.md","old-digitex-erp-bell24h","5749","2026-08-03","md","old-repo-clone-main-branch","bell24h-maingit/bell24h-main"
3214,"FIX-DASHBOARD-COMPLETE-GUIDE.md","bell24h-maingit/bell24h-main/FIX-DASHBOARD-COMPLETE-GUIDE.md","old-digitex-erp-bell24h","4029","2026-08-03","md","old-repo-clone-main-branch","bell24h-maingit/bell24h-main"
3215,"FIX-DISK-SPACE-AND-NGINX.sh","bell24h-maingit/bell24h-main/FIX-DISK-SPACE-AND-NGINX.sh","old-digitex-erp-bell24h","2615","2026-08-03","sh","old-repo-clone-main-branch","bell24h-maingit/bell24h-main"
3216,"FIX-DNS-APP-N8N.md","bell24h-maingit/bell24h-main/FIX-DNS-APP-N8N.md","old-digitex-erp-bell24h","3625","2026-08-03","md","old-repo-clone-main-branch","bell24h-maingit/bell24h-main"
3217,"FIX-DOCKER-BUILD-STANDALONE-ERROR.md","bell24h-maingit/bell24h-main/FIX-DOCKER-BUILD-STANDALONE-ERROR.md","old-digitex-erp-bell24h","1838","2026-08-03","md","old-repo-clone-main-branch","bell24h-maingit/bell24h-main"
3218,"fix-docker-build.sh","bell24h-maingit/bell24h-main/fix-docker-build.sh","old-digitex-erp-bell24h","478","2026-08-03","sh","old-repo-clone-main-branch","bell24h-maingit/bell24h-main"
3219,"fix-github-actions.ps1","bell24h-maingit/bell24h-main/fix-github-actions.ps1","old-digitex-erp-bell24h","6643","2026-08-03","ps1","old-repo-clone-main-branch","bell24h-maingit/bell24h-main"
3220,"FIX-GITHUB-PUSH-FINAL.ps1","bell24h-maingit/bell24h-main/FIX-GITHUB-PUSH-FINAL.ps1","old-digitex-erp-bell24h","5827","2026-08-03","ps1","old-repo-clone-main-branch","bell24h-maingit/bell24h-main"
3221,"FIX-GITHUB-SECRET.md","bell24h-maingit/bell24h-main/FIX-GITHUB-SECRET.md","old-digitex-erp-bell24h","3799","2026-08-03","md","old-repo-clone-main-branch","bell24h-maingit/bell24h-main"
3222,"FIX-LOGIN-COOKIE.md","bell24h-maingit/bell24h-main/FIX-LOGIN-COOKIE.md","old-digitex-erp-bell24h","1975","2026-08-03","md","old-repo-clone-main-branch","bell24h-maingit/bell24h-main"
3223,"fix-lucide-imports.ps1","bell24h-maingit/bell24h-main/fix-lucide-imports.ps1","old-digitex-erp-bell24h","1941","2026-08-03","ps1","old-repo-clone-main-branch","bell24h-maingit/bell24h-main"
3224,"FIX-MERGE-CONFLICTS.ps1","bell24h-maingit/bell24h-main/FIX-MERGE-CONFLICTS.ps1","old-digitex-erp-bell24h","4729","2026-08-03","ps1","old-repo-clone-main-branch","bell24h-maingit/bell24h-main"
3225,"FIX-MISSING-PAGES.md","bell24h-maingit/bell24h-main/FIX-MISSING-PAGES.md","old-digitex-erp-bell24h","1422","2026-08-03","md","old-repo-clone-main-branch","bell24h-maingit/bell24h-main"
3226,"FIX-N8N-502.sh","bell24h-maingit/bell24h-main/FIX-N8N-502.sh","old-digitex-erp-bell24h","2607","2026-08-03","sh","old-repo-clone-main-branch","bell24h-maingit/bell24h-main"
3227,"FIX-NODE-MODULES-SUBMODULE.ps1","bell24h-maingit/bell24h-main/FIX-NODE-MODULES-SUBMODULE.ps1","old-digitex-erp-bell24h","5040","2026-08-03","ps1","old-repo-clone-main-branch","bell24h-maingit/bell24h-main"
3228,"FIX-PORT-80-CONFLICT.sh","bell24h-maingit/bell24h-main/FIX-PORT-80-CONFLICT.sh","old-digitex-erp-bell24h","4240","2026-08-03","sh","old-repo-clone-main-branch","bell24h-maingit/bell24h-main"
3229,"FIX-PORT-80-QUICK.txt","bell24h-maingit/bell24h-main/FIX-PORT-80-QUICK.txt","old-digitex-erp-bell24h","2328","2026-08-03","txt","old-repo-clone-main-branch","bell24h-maingit/bell24h-main"
3230,"FIX-PUSH-ERROR.ps1","bell24h-maingit/bell24h-main/FIX-PUSH-ERROR.ps1","old-digitex-erp-bell24h","5380","2026-08-03","ps1","old-repo-clone-main-branch","bell24h-maingit/bell24h-main"
3231,"FIX-RECURSIVE-BUILD-ERROR.md","bell24h-maingit/bell24h-main/FIX-RECURSIVE-BUILD-ERROR.md","old-digitex-erp-bell24h","4138","2026-08-03","md","old-repo-clone-main-branch","bell24h-maingit/bell24h-main"
3232,"fix-secret.sh","bell24h-maingit/bell24h-main/fix-secret.sh","old-digitex-erp-bell24h","240","2026-08-03","sh","old-repo-clone-main-branch","bell24h-maingit/bell24h-main"
3233,"FIX-SSH-KEY-ISSUE.md","bell24h-maingit/bell24h-main/FIX-SSH-KEY-ISSUE.md","old-digitex-erp-bell24h","5299","2026-08-03","md","old-repo-clone-main-branch","bell24h-maingit/bell24h-main"
3234,"FIX-SSL-AND-N8N.md","bell24h-maingit/bell24h-main/FIX-SSL-AND-N8N.md","old-digitex-erp-bell24h","6570","2026-08-03","md","old-repo-clone-main-branch","bell24h-maingit/bell24h-main"
3235,"FIX-SUBMODULE-CLOUDFLARE.md","bell24h-maingit/bell24h-main/FIX-SUBMODULE-CLOUDFLARE.md","old-digitex-erp-bell24h","2728","2026-08-03","md","old-repo-clone-main-branch","bell24h-maingit/bell24h-main"
3236,"FIX-SUBMODULE-ERROR-FINAL.ps1","bell24h-maingit/bell24h-main/FIX-SUBMODULE-ERROR-FINAL.ps1","old-digitex-erp-bell24h","4558","2026-08-03","ps1","old-repo-clone-main-branch","bell24h-maingit/bell24h-main"
3237,"FIX-SUBMODULES-COMPLETE.ps1","bell24h-maingit/bell24h-main/FIX-SUBMODULES-COMPLETE.ps1","old-digitex-erp-bell24h","5234","2026-08-03","ps1","old-repo-clone-main-branch","bell24h-maingit/bell24h-main"
3238,"FIX-SUPPLIERS-PAGE-ERROR.md","bell24h-maingit/bell24h-main/FIX-SUPPLIERS-PAGE-ERROR.md","old-digitex-erp-bell24h","463","2026-08-03","md","old-repo-clone-main-branch","bell24h-maingit/bell24h-main"
3239,"fix-unescaped-entities.ps1","bell24h-maingit/bell24h-main/fix-unescaped-entities.ps1","old-digitex-erp-bell24h","962","2026-08-03","ps1","old-repo-clone-main-branch","bell24h-maingit/bell24h-main"
3240,"FIXES_APPLIED.md","bell24h-maingit/bell24h-main/FIXES_APPLIED.md","old-digitex-erp-bell24h","3734","2026-08-03","md","old-repo-clone-main-branch","bell24h-maingit/bell24h-main"
3241,"fix_build_error.ps1","bell24h-maingit/bell24h-main/fix_build_error.ps1","old-digitex-erp-bell24h","1031","2026-08-03","ps1","old-repo-clone-main-branch","bell24h-maingit/bell24h-main"
3242,"fix_build_errors.ps1","bell24h-maingit/bell24h-main/fix_build_errors.ps1","old-digitex-erp-bell24h","3740","2026-08-03","ps1","old-repo-clone-main-branch","bell24h-maingit/bell24h-main"
3243,"fix_build_error_final.ps1","bell24h-maingit/bell24h-main/fix_build_error_final.ps1","old-digitex-erp-bell24h","17068","2026-08-03","ps1","old-repo-clone-main-branch","bell24h-maingit/bell24h-main"
3244,"fix_icons.ps1","bell24h-maingit/bell24h-main/fix_icons.ps1","old-digitex-erp-bell24h","1024","2026-08-03","ps1","old-repo-clone-main-branch","bell24h-maingit/bell24h-main"
3245,"force-push-all.ps1","bell24h-maingit/bell24h-main/force-push-all.ps1","old-digitex-erp-bell24h","971","2026-08-03","ps1","old-repo-clone-main-branch","bell24h-maingit/bell24h-main"
3246,"GITHUB-ACTIONS-SETUP.md","bell24h-maingit/bell24h-main/GITHUB-ACTIONS-SETUP.md","old-digitex-erp-bell24h","5462","2026-08-03","md","old-repo-clone-main-branch","bell24h-maingit/bell24h-main"
3247,"GITHUB-ORACLE-AUTO-DEPLOY-GUIDE.md","bell24h-maingit/bell24h-main/GITHUB-ORACLE-AUTO-DEPLOY-GUIDE.md","old-digitex-erp-bell24h","10025","2026-08-03","md","old-repo-clone-main-branch","bell24h-maingit/bell24h-main"
3248,"github-setup-commands.txt","bell24h-maingit/bell24h-main/github-setup-commands.txt","old-digitex-erp-bell24h","1185","2026-08-03","txt","old-repo-clone-main-branch","bell24h-maingit/bell24h-main"
3249,"GIT_REPOSITORY_FIX_COMPLETE.md","bell24h-maingit/bell24h-main/GIT_REPOSITORY_FIX_COMPLETE.md","old-digitex-erp-bell24h","4078","2026-08-03","md","old-repo-clone-main-branch","bell24h-maingit/bell24h-main"
3250,"hardhat.config.cjs","bell24h-maingit/bell24h-main/hardhat.config.cjs","old-digitex-erp-bell24h","1637","2026-08-03","cjs","old-repo-clone-main-branch","bell24h-maingit/bell24h-main"
3251,"hell -ExecutionPolicy Bypass -File commit-and-push-fix.ps1","bell24h-maingit/bell24h-main/hell -ExecutionPolicy Bypass -File commit-and-push-fix.ps1","old-digitex-erp-bell24h","640","2026-08-03","ps1","old-repo-clone-main-branch","bell24h-maingit/bell24h-main"
3252,"HOMEPAGE_BUILD_COMPLETE.md","bell24h-maingit/bell24h-main/HOMEPAGE_BUILD_COMPLETE.md","old-digitex-erp-bell24h","10211","2026-08-03","md","old-repo-clone-main-branch","bell24h-maingit/bell24h-main"
3253,"HYBRID-APPROACH-COMPLETE-GUIDE.md","bell24h-maingit/bell24h-main/HYBRID-APPROACH-COMPLETE-GUIDE.md","old-digitex-erp-bell24h","11166","2026-08-03","md","old-repo-clone-main-branch","bell24h-maingit/bell24h-main"
3254,"IMMEDIATE-502-FIX.sh","bell24h-maingit/bell24h-main/IMMEDIATE-502-FIX.sh","old-digitex-erp-bell24h","3471","2026-08-03","sh","old-repo-clone-main-branch","bell24h-maingit/bell24h-main"
3255,"IMMEDIATE-FIX-COMMANDS.txt","bell24h-maingit/bell24h-main/IMMEDIATE-FIX-COMMANDS.txt","old-digitex-erp-bell24h","1864","2026-08-03","txt","old-repo-clone-main-branch","bell24h-maingit/bell24h-main"
3256,"jest.config.cjs","bell24h-maingit/bell24h-main/jest.config.cjs","old-digitex-erp-bell24h","897","2026-08-03","cjs","old-repo-clone-main-branch","bell24h-maingit/bell24h-main"
3257,"jest.integration.config.cjs","bell24h-maingit/bell24h-main/jest.integration.config.cjs","old-digitex-erp-bell24h","1353","2026-08-03","cjs","old-repo-clone-main-branch","bell24h-maingit/bell24h-main"
3258,"JSON-SYNTAX-ERROR-FIX-REPORT.md","bell24h-maingit/bell24h-main/JSON-SYNTAX-ERROR-FIX-REPORT.md","old-digitex-erp-bell24h","4176","2026-08-03","md","old-repo-clone-main-branch","bell24h-maingit/bell24h-main"
3259,"LAUNCH_DAY_SCHEDULE.md","bell24h-maingit/bell24h-main/LAUNCH_DAY_SCHEDULE.md","old-digitex-erp-bell24h","6880","2026-08-03","md","old-repo-clone-main-branch","bell24h-maingit/bell24h-main"
3260,"LAUNCH_PREPARATION_NOV_22.md","bell24h-maingit/bell24h-main/LAUNCH_PREPARATION_NOV_22.md","old-digitex-erp-bell24h","4294","2026-08-03","md","old-repo-clone-main-branch","bell24h-maingit/bell24h-main"
3261,"LAUNCH_READY_SUMMARY.md","bell24h-maingit/bell24h-main/LAUNCH_READY_SUMMARY.md","old-digitex-erp-bell24h","6776","2026-08-03","md","old-repo-clone-main-branch","bell24h-maingit/bell24h-main"
3262,"LAUNCH_SOCIAL_MEDIA_POSTS.md","bell24h-maingit/bell24h-main/LAUNCH_SOCIAL_MEDIA_POSTS.md","old-digitex-erp-bell24h","4862","2026-08-03","md","old-repo-clone-main-branch","bell24h-maingit/bell24h-main"
3263,"package-lock.json","bell24h-maingit/bell24h-main/load-testing/package-lock.json","old-digitex-erp-bell24h","332717","2026-08-03","json","old-repo-clone-main-branch","bell24h-maingit/bell24h-main/load-testing"
3264,"package.json","bell24h-maingit/bell24h-main/load-testing/package.json","old-digitex-erp-bell24h","3110","2026-08-03","json","old-repo-clone-main-branch","bell24h-maingit/bell24h-main/load-testing"
3265,"tsconfig.json","bell24h-maingit/bell24h-main/load-testing/tsconfig.json","old-digitex-erp-bell24h","1384","2026-08-03","json","old-repo-clone-main-branch","bell24h-maingit/bell24h-main/load-testing"
3266,"MANUAL-FIX-COMMANDS.txt","bell24h-maingit/bell24h-main/MANUAL-FIX-COMMANDS.txt","old-digitex-erp-bell24h","1540","2026-08-03","txt","old-repo-clone-main-branch","bell24h-maingit/bell24h-main"
3267,"MANUAL-SSL-SETUP-STEPS.md","bell24h-maingit/bell24h-main/MANUAL-SSL-SETUP-STEPS.md","old-digitex-erp-bell24h","7813","2026-08-03","md","old-repo-clone-main-branch","bell24h-maingit/bell24h-main"
3268,"MANUAL_GITKRAKEN_SETUP.txt","bell24h-maingit/bell24h-main/MANUAL_GITKRAKEN_SETUP.txt","old-digitex-erp-bell24h","2789","2026-08-03","txt","old-repo-clone-main-branch","bell24h-maingit/bell24h-main"
3269,"whatsapp-messages.txt","bell24h-maingit/bell24h-main/marketing/whatsapp-messages.txt","old-digitex-erp-bell24h","1326","2026-08-03","txt","old-repo-clone-main-branch","bell24h-maingit/bell24h-main/marketing"
3270,"MARKETING_PLAN_COMPANY_PROFILE_CLAIMING.md","bell24h-maingit/bell24h-main/MARKETING_PLAN_COMPANY_PROFILE_CLAIMING.md","old-digitex-erp-bell24h","12619","2026-08-03","md","old-repo-clone-main-branch","bell24h-maingit/bell24h-main"
3271,"mcp-gitkraken.json","bell24h-maingit/bell24h-main/mcp-gitkraken.json","old-digitex-erp-bell24h","363","2026-08-03","json","old-repo-clone-main-branch","bell24h-maingit/bell24h-main"
3272,"mcp_config.json","bell24h-maingit/bell24h-main/mcp_config.json","old-digitex-erp-bell24h","1802","2026-08-03","json","old-repo-clone-main-branch","bell24h-maingit/bell24h-main"
3273,"MIGRATION-CLOUDFLARE-PAGES.md","bell24h-maingit/bell24h-main/MIGRATION-CLOUDFLARE-PAGES.md","old-digitex-erp-bell24h","610","2026-08-03","md","old-repo-clone-main-branch","bell24h-maingit/bell24h-main"
3274,"MIGRATION_ACTION_PLAN.txt","bell24h-maingit/bell24h-main/MIGRATION_ACTION_PLAN.txt","old-digitex-erp-bell24h","1640","2026-08-03","txt","old-repo-clone-main-branch","bell24h-maingit/bell24h-main"
3275,"mobile-otp-only-deploy.ps1","bell24h-maingit/bell24h-main/mobile-otp-only-deploy.ps1","old-digitex-erp-bell24h","6323","2026-08-03","ps1","old-repo-clone-main-branch","bell24h-maingit/bell24h-main"
3276,"MOBILE_OTP_ERROR_HANDLING.md","bell24h-maingit/bell24h-main/MOBILE_OTP_ERROR_HANDLING.md","old-digitex-erp-bell24h","5088","2026-08-03","md","old-repo-clone-main-branch","bell24h-maingit/bell24h-main"
3277,"MOVE-TO-PORT-80.md","bell24h-maingit/bell24h-main/MOVE-TO-PORT-80.md","old-digitex-erp-bell24h","2863","2026-08-03","md","old-repo-clone-main-branch","bell24h-maingit/bell24h-main"
3278,"MSG91_INTEGRATION_COMPLETE.md","bell24h-maingit/bell24h-main/MSG91_INTEGRATION_COMPLETE.md","old-digitex-erp-bell24h","13055","2026-08-03","md","old-repo-clone-main-branch","bell24h-maingit/bell24h-main"
3279,"MSG91_QUICK_SETUP.md","bell24h-maingit/bell24h-main/MSG91_QUICK_SETUP.md","old-digitex-erp-bell24h","3876","2026-08-03","md","old-repo-clone-main-branch","bell24h-maingit/bell24h-main"
3280,"MSG91_SETUP_COMPLETE.md","bell24h-maingit/bell24h-main/MSG91_SETUP_COMPLETE.md","old-digitex-erp-bell24h","4901","2026-08-03","md","old-repo-clone-main-branch","bell24h-maingit/bell24h-main"
3281,"bell24h-integration.workflow.json","bell24h-maingit/bell24h-main/n8n/workflows/bell24h-integration.workflow.json","old-digitex-erp-bell24h","5429","2026-08-03","json","old-repo-clone-main-branch","bell24h-maingit/bell24h-main/n8n/workflows"
3282,"category-analytics.workflow.json","bell24h-maingit/bell24h-main/n8n/workflows/category-analytics.workflow.json","old-digitex-erp-bell24h","7433","2026-08-03","json","old-repo-clone-main-branch","bell24h-maingit/bell24h-main/n8n/workflows"
3283,"category-seo-automation.workflow.json","bell24h-maingit/bell24h-main/n8n/workflows/category-seo-automation.workflow.json","old-digitex-erp-bell24h","13282","2026-08-03","json","old-repo-clone-main-branch","bell24h-maingit/bell24h-main/n8n/workflows"
3284,"escrow.workflow.json","bell24h-maingit/bell24h-main/n8n/workflows/escrow.workflow.json","old-digitex-erp-bell24h","1388","2026-08-03","json","old-repo-clone-main-branch","bell24h-maingit/bell24h-main/n8n/workflows"
3285,"mock-order-generation.workflow.json","bell24h-maingit/bell24h-main/n8n/workflows/mock-order-generation.workflow.json","old-digitex-erp-bell24h","10348","2026-08-03","json","old-repo-clone-main-branch","bell24h-maingit/bell24h-main/n8n/workflows"
3286,"rfq.workflow.json","bell24h-maingit/bell24h-main/n8n/workflows/rfq.workflow.json","old-digitex-erp-bell24h","1168","2026-08-03","json","old-repo-clone-main-branch","bell24h-maingit/bell24h-main/n8n/workflows"
3287,"user.onboarding.workflow.json","bell24h-maingit/bell24h-main/n8n/workflows/user.onboarding.workflow.json","old-digitex-erp-bell24h","1139","2026-08-03","json","old-repo-clone-main-branch","bell24h-maingit/bell24h-main/n8n/workflows"
3288,"N8N-RUNNING-FIX-SSL.md","bell24h-maingit/bell24h-main/N8N-RUNNING-FIX-SSL.md","old-digitex-erp-bell24h","4657","2026-08-03","md","old-repo-clone-main-branch","bell24h-maingit/bell24h-main"
3289,"N8N-WORKFLOW-A-E-MICRO-LEVEL-GUIDE.md","bell24h-maingit/bell24h-main/N8N-WORKFLOW-A-E-MICRO-LEVEL-GUIDE.md","old-digitex-erp-bell24h","17507","2026-08-03","md","old-repo-clone-main-branch","bell24h-maingit/bell24h-main"
3290,"supplier-onboarding-welcome-email.json","bell24h-maingit/bell24h-main/n8n-workflows/supplier-onboarding-welcome-email.json","old-digitex-erp-bell24h","1926","2026-08-03","json","old-repo-clone-main-branch","bell24h-maingit/bell24h-main/n8n-workflows"
3291,"supplier-onboarding-welcome-sms.json","bell24h-maingit/bell24h-main/n8n-workflows/supplier-onboarding-welcome-sms.json","old-digitex-erp-bell24h","2227","2026-08-03","json","old-repo-clone-main-branch","bell24h-maingit/bell24h-main/n8n-workflows"
3292,"N8N_SETUP_QUICK_REFERENCE.md","bell24h-maingit/bell24h-main/N8N_SETUP_QUICK_REFERENCE.md","old-digitex-erp-bell24h","5374","2026-08-03","md","old-repo-clone-main-branch","bell24h-maingit/bell24h-main"
3293,"N8N_WORKFLOWS_COMPLETE.md","bell24h-maingit/bell24h-main/N8N_WORKFLOWS_COMPLETE.md","old-digitex-erp-bell24h","2989","2026-08-03","md","old-repo-clone-main-branch","bell24h-maingit/bell24h-main"
3294,"netlify.toml","bell24h-maingit/bell24h-main/netlify.toml","old-digitex-erp-bell24h","681","2026-08-03","toml","old-repo-clone-main-branch","bell24h-maingit/bell24h-main"
3295,"NEXT-STEPS-TODO-LIST.md","bell24h-maingit/bell24h-main/NEXT-STEPS-TODO-LIST.md","old-digitex-erp-bell24h","5890","2026-08-03","md","old-repo-clone-main-branch","bell24h-maingit/bell24h-main"
3296,"next.config.cjs","bell24h-maingit/bell24h-main/next.config.cjs","old-digitex-erp-bell24h","860","2026-08-03","cjs","old-repo-clone-main-branch","bell24h-maingit/bell24h-main"
3297,"nixpacks.toml","bell24h-maingit/bell24h-main/nixpacks.toml","old-digitex-erp-bell24h","195","2026-08-03","toml","old-repo-clone-main-branch","bell24h-maingit/bell24h-main"
3298,"NO-Q-PREFIX-AUTOMATION.ps1","bell24h-maingit/bell24h-main/NO-Q-PREFIX-AUTOMATION.ps1","old-digitex-erp-bell24h","6021","2026-08-03","ps1","old-repo-clone-main-branch","bell24h-maingit/bell24h-main"
3299,"NON-CODER-DEPLOYMENT-PRIORITY-GUIDE.md","bell24h-maingit/bell24h-main/NON-CODER-DEPLOYMENT-PRIORITY-GUIDE.md","old-digitex-erp-bell24h","14976","2026-08-03","md","old-repo-clone-main-branch","bell24h-maingit/bell24h-main"
3300,"NOV-20-LAUNCH-CHECKLIST.md","bell24h-maingit/bell24h-main/NOV-20-LAUNCH-CHECKLIST.md","old-digitex-erp-bell24h","11602","2026-08-03","md","old-repo-clone-main-branch","bell24h-maingit/bell24h-main"
3301,"nuclear_fix.ps1","bell24h-maingit/bell24h-main/nuclear_fix.ps1","old-digitex-erp-bell24h","1165","2026-08-03","ps1","old-repo-clone-main-branch","bell24h-maingit/bell24h-main"
3302,"nuclear_fix_all.ps1","bell24h-maingit/bell24h-main/nuclear_fix_all.ps1","old-digitex-erp-bell24h","1499","2026-08-03","ps1","old-repo-clone-main-branch","bell24h-maingit/bell24h-main"
3303,"ONE-PAGE-BRUTAL-TRUTH-REVENUE-SUMMARY.md","bell24h-maingit/bell24h-main/ONE-PAGE-BRUTAL-TRUTH-REVENUE-SUMMARY.md","old-digitex-erp-bell24h","2536","2026-08-03","md","old-repo-clone-main-branch","bell24h-maingit/bell24h-main"
3304,"openapitools.json","bell24h-maingit/bell24h-main/openapitools.json","old-digitex-erp-bell24h","161","2026-08-03","json","old-repo-clone-main-branch","bell24h-maingit/bell24h-main"
3305,".env.example","bell24h-maingit/bell24h-main/oracle/.env.example","old-digitex-erp-bell24h","809","2026-08-03","example","old-repo-clone-main-branch","bell24h-maingit/bell24h-main/oracle"
3306,"default.json","bell24h-maingit/bell24h-main/oracle/config/default.json","old-digitex-erp-bell24h","465","2026-08-03","json","old-repo-clone-main-branch","bell24h-maingit/bell24h-main/oracle/config"
3307,"package.json","bell24h-maingit/bell24h-main/oracle/package.json","old-digitex-erp-bell24h","617","2026-08-03","json","old-repo-clone-main-branch","bell24h-maingit/bell24h-main/oracle"
3308,"ORACLE-CLOUD-DEPLOYMENT-GUIDE.md","bell24h-maingit/bell24h-main/ORACLE-CLOUD-DEPLOYMENT-GUIDE.md","old-digitex-erp-bell24h","8069","2026-08-03","md","old-repo-clone-main-branch","bell24h-maingit/bell24h-main"
3309,"complete-categories.sql","bell24h-maingit/bell24h-main/oracle-cloud-n8n/database/complete-categories.sql","old-digitex-erp-bell24h","17716","2026-08-03","sql","old-repo-clone-main-branch","bell24h-maingit/bell24h-main/oracle-cloud-n8n/database"
3310,"missing-tables.sql","bell24h-maingit/bell24h-main/oracle-cloud-n8n/database/missing-tables.sql","old-digitex-erp-bell24h","6814","2026-08-03","sql","old-repo-clone-main-branch","bell24h-maingit/bell24h-main/oracle-cloud-n8n/database"
3311,"docker-compose.yml","bell24h-maingit/bell24h-main/oracle-cloud-n8n/docker-compose.yml","old-digitex-erp-bell24h","2384","2026-08-03","yml","old-repo-clone-main-branch","bell24h-maingit/bell24h-main/oracle-cloud-n8n"
3312,"README.md","bell24h-maingit/bell24h-main/oracle-cloud-n8n/README.md","old-digitex-erp-bell24h","5394","2026-08-03","md","old-repo-clone-main-branch","bell24h-maingit/bell24h-main/oracle-cloud-n8n"
3313,"setup-oracle-cloud.sh","bell24h-maingit/bell24h-main/oracle-cloud-n8n/setup-oracle-cloud.sh","old-digitex-erp-bell24h","4013","2026-08-03","sh","old-repo-clone-main-branch","bell24h-maingit/bell24h-main/oracle-cloud-n8n"
3314,"lead-test-data.json","bell24h-maingit/bell24h-main/oracle-cloud-n8n/test-data/lead-test-data.json","old-digitex-erp-bell24h","1524","2026-08-03","json","old-repo-clone-main-branch","bell24h-maingit/bell24h-main/oracle-cloud-n8n/test-data"
3315,"rfq-test-data.json","bell24h-maingit/bell24h-main/oracle-cloud-n8n/test-data/rfq-test-data.json","old-digitex-erp-bell24h","941","2026-08-03","json","old-repo-clone-main-branch","bell24h-maingit/bell24h-main/oracle-cloud-n8n/test-data"
3316,"bell24h-ai-category-worker-complete.json","bell24h-maingit/bell24h-main/oracle-cloud-n8n/workflows/bell24h-ai-category-worker-complete.json","old-digitex-erp-bell24h","28815","2026-08-03","json","old-repo-clone-main-branch","bell24h-maingit/bell24h-main/oracle-cloud-n8n/workflows"
3317,"bell24h-ai-category-worker-with-db.json","bell24h-maingit/bell24h-main/oracle-cloud-n8n/workflows/bell24h-ai-category-worker-with-db.json","old-digitex-erp-bell24h","21223","2026-08-03","json","old-repo-clone-main-branch","bell24h-maingit/bell24h-main/oracle-cloud-n8n/workflows"
3318,"bell24h-ai-category-worker.json","bell24h-maingit/bell24h-main/oracle-cloud-n8n/workflows/bell24h-ai-category-worker.json","old-digitex-erp-bell24h","14458","2026-08-03","json","old-repo-clone-main-branch","bell24h-maingit/bell24h-main/oracle-cloud-n8n/workflows"
3319,"bell24h-ai-scraper-master-with-db.json","bell24h-maingit/bell24h-main/oracle-cloud-n8n/workflows/bell24h-ai-scraper-master-with-db.json","old-digitex-erp-bell24h","15710","2026-08-03","json","old-repo-clone-main-branch","bell24h-maingit/bell24h-main/oracle-cloud-n8n/workflows"
3320,"bell24h-ai-scraper-master.json","bell24h-maingit/bell24h-main/oracle-cloud-n8n/workflows/bell24h-ai-scraper-master.json","old-digitex-erp-bell24h","16305","2026-08-03","json","old-repo-clone-main-branch","bell24h-maingit/bell24h-main/oracle-cloud-n8n/workflows"
3321,"bell24h-lead-scoring-complete.json","bell24h-maingit/bell24h-main/oracle-cloud-n8n/workflows/bell24h-lead-scoring-complete.json","old-digitex-erp-bell24h","16684","2026-08-03","json","old-repo-clone-main-branch","bell24h-maingit/bell24h-main/oracle-cloud-n8n/workflows"
3322,"bell24h-lead-scoring-with-db.json","bell24h-maingit/bell24h-main/oracle-cloud-n8n/workflows/bell24h-lead-scoring-with-db.json","old-digitex-erp-bell24h","19148","2026-08-03","json","old-repo-clone-main-branch","bell24h-maingit/bell24h-main/oracle-cloud-n8n/workflows"
3323,"bell24h-lead-scoring.json","bell24h-maingit/bell24h-main/oracle-cloud-n8n/workflows/bell24h-lead-scoring.json","old-digitex-erp-bell24h","4594","2026-08-03","json","old-repo-clone-main-branch","bell24h-maingit/bell24h-main/oracle-cloud-n8n/workflows"
3324,"bell24h-rfq-notification-complete.json","bell24h-maingit/bell24h-main/oracle-cloud-n8n/workflows/bell24h-rfq-notification-complete.json","old-digitex-erp-bell24h","9992","2026-08-03","json","old-repo-clone-main-branch","bell24h-maingit/bell24h-main/oracle-cloud-n8n/workflows"
3325,"bell24h-rfq-notification-fixed.json","bell24h-maingit/bell24h-main/oracle-cloud-n8n/workflows/bell24h-rfq-notification-fixed.json","old-digitex-erp-bell24h","8510","2026-08-03","json","old-repo-clone-main-branch","bell24h-maingit/bell24h-main/oracle-cloud-n8n/workflows"
3326,"bell24h-rfq-notification-with-db.json","bell24h-maingit/bell24h-main/oracle-cloud-n8n/workflows/bell24h-rfq-notification-with-db.json","old-digitex-erp-bell24h","14708","2026-08-03","json","old-repo-clone-main-branch","bell24h-maingit/bell24h-main/oracle-cloud-n8n/workflows"
3327,"bell24h-rfq-notification.json","bell24h-maingit/bell24h-main/oracle-cloud-n8n/workflows/bell24h-rfq-notification.json","old-digitex-erp-bell24h","3364","2026-08-03","json","old-repo-clone-main-branch","bell24h-maingit/bell24h-main/oracle-cloud-n8n/workflows"
3328,"nano-banana-enrichment.json","bell24h-maingit/bell24h-main/oracle-cloud-n8n/workflows/nano-banana-enrichment.json","old-digitex-erp-bell24h","14750","2026-08-03","json","old-repo-clone-main-branch","bell24h-maingit/bell24h-main/oracle-cloud-n8n/workflows"
3329,"ORACLE-VM-DEPLOYMENT-GUIDE.md","bell24h-maingit/bell24h-main/ORACLE-VM-DEPLOYMENT-GUIDE.md","old-digitex-erp-bell24h","7080","2026-08-03","md","old-repo-clone-main-branch","bell24h-maingit/bell24h-main"
3330,"package-lock.json","bell24h-maingit/bell24h-main/package-lock.json","old-digitex-erp-bell24h","573765","2026-08-03","json","old-repo-clone-main-branch","bell24h-maingit/bell24h-main"
3331,"package.json","bell24h-maingit/bell24h-main/package.json","old-digitex-erp-bell24h","5290","2026-08-03","json","old-repo-clone-main-branch","bell24h-maingit/bell24h-main"
3332,"page-test-report.json","bell24h-maingit/bell24h-main/page-test-report.json","old-digitex-erp-bell24h","5384","2026-08-03","json","old-repo-clone-main-branch","bell24h-maingit/bell24h-main"
3333,"page-verification-report.json","bell24h-maingit/bell24h-main/page-verification-report.json","old-digitex-erp-bell24h","41085","2026-08-03","json","old-repo-clone-main-branch","bell24h-maingit/bell24h-main"
3334,"PERMANENT-Q-PREFIX-FIX.sh","bell24h-maingit/bell24h-main/PERMANENT-Q-PREFIX-FIX.sh","old-digitex-erp-bell24h","6672","2026-08-03","sh","old-repo-clone-main-branch","bell24h-maingit/bell24h-main"
3335,"postcss.config.cjs","bell24h-maingit/bell24h-main/postcss.config.cjs","old-digitex-erp-bell24h","101","2026-08-03","cjs","old-repo-clone-main-branch","bell24h-maingit/bell24h-main"
3336,"POST_AUDIT_PROTOCOL_COMPLETE.md","bell24h-maingit/bell24h-main/POST_AUDIT_PROTOCOL_COMPLETE.md","old-digitex-erp-bell24h","3546","2026-08-03","md","old-repo-clone-main-branch","bell24h-maingit/bell24h-main"
3337,"POST_AUDIT_PROTOCOL_IMPLEMENTATION_SUMMARY.md","bell24h-maingit/bell24h-main/POST_AUDIT_PROTOCOL_IMPLEMENTATION_SUMMARY.md","old-digitex-erp-bell24h","5984","2026-08-03","md","old-repo-clone-main-branch","bell24h-maingit/bell24h-main"
3338,"PRISMA_FIX_COMPLETE.md","bell24h-maingit/bell24h-main/PRISMA_FIX_COMPLETE.md","old-digitex-erp-bell24h","4556","2026-08-03","md","old-repo-clone-main-branch","bell24h-maingit/bell24h-main"
3339,"production.env.template","bell24h-maingit/bell24h-main/production.env.template","old-digitex-erp-bell24h","1751","2026-08-03","template","old-repo-clone-main-branch","bell24h-maingit/bell24h-main"
3340,"PRODUCTION_DEPLOYMENT_SUMMARY.md","bell24h-maingit/bell24h-main/PRODUCTION_DEPLOYMENT_SUMMARY.md","old-digitex-erp-bell24h","5829","2026-08-03","md","old-repo-clone-main-branch","bell24h-maingit/bell24h-main"
3341,"PROJECT-ENHANCEMENT-SUMMARY.md","bell24h-maingit/bell24h-main/PROJECT-ENHANCEMENT-SUMMARY.md","old-digitex-erp-bell24h","6915","2026-08-03","md","old-repo-clone-main-branch","bell24h-maingit/bell24h-main"
3342,"PROJECT-STATUS-CHECK.md","bell24h-maingit/bell24h-main/PROJECT-STATUS-CHECK.md","old-digitex-erp-bell24h","3880","2026-08-03","md","old-repo-clone-main-branch","bell24h-maingit/bell24h-main"
3343,"common.json","bell24h-maingit/bell24h-main/public/locales/en/common.json","old-digitex-erp-bell24h","7432","2026-08-03","json","old-repo-clone-main-branch","bell24h-maingit/bell24h-main/public/locales/en"
3344,"common.json","bell24h-maingit/bell24h-main/public/locales/hi/common.json","old-digitex-erp-bell24h","788","2026-08-03","json","old-repo-clone-main-branch","bell24h-maingit/bell24h-main/public/locales/hi"
3345,"dashboard.json","bell24h-maingit/bell24h-main/public/locales/hi/dashboard.json","old-digitex-erp-bell24h","502","2026-08-03","json","old-repo-clone-main-branch","bell24h-maingit/bell24h-main/public/locales/hi"
3346,"manifest.json","bell24h-maingit/bell24h-main/public/manifest.json","old-digitex-erp-bell24h","4511","2026-08-03","json","old-repo-clone-main-branch","bell24h-maingit/bell24h-main/public"
3347,"robots.txt","bell24h-maingit/bell24h-main/public/robots.txt","old-digitex-erp-bell24h","1429","2026-08-03","txt","old-repo-clone-main-branch","bell24h-maingit/bell24h-main/public"
3348,"temple-bell.mp3.txt","bell24h-maingit/bell24h-main/public/sounds/temple-bell.mp3.txt","old-digitex-erp-bell24h","721","2026-08-03","txt","old-repo-clone-main-branch","bell24h-maingit/bell24h-main/public/sounds"
3349,"QUICK-502-DIAGNOSIS.md","bell24h-maingit/bell24h-main/QUICK-502-DIAGNOSIS.md","old-digitex-erp-bell24h","7021","2026-08-03","md","old-repo-clone-main-branch","bell24h-maingit/bell24h-main"
3350,"QUICK-DEPLOY-ORACLE.md","bell24h-maingit/bell24h-main/QUICK-DEPLOY-ORACLE.md","old-digitex-erp-bell24h","3128","2026-08-03","md","old-repo-clone-main-branch","bell24h-maingit/bell24h-main"
3351,"quick-deploy.cjs","bell24h-maingit/bell24h-main/quick-deploy.cjs","old-digitex-erp-bell24h","6144","2026-08-03","cjs","old-repo-clone-main-branch","bell24h-maingit/bell24h-main"
3352,"QUICK-DIAGNOSTIC-COMMANDS.sh","bell24h-maingit/bell24h-main/QUICK-DIAGNOSTIC-COMMANDS.sh","old-digitex-erp-bell24h","1322","2026-08-03","sh","old-repo-clone-main-branch","bell24h-maingit/bell24h-main"
3353,"QUICK-FIX-N8N.sh","bell24h-maingit/bell24h-main/QUICK-FIX-N8N.sh","old-digitex-erp-bell24h","1798","2026-08-03","sh","old-repo-clone-main-branch","bell24h-maingit/bell24h-main"
3354,"QUICK-FIX-TIMEOUT.md","bell24h-maingit/bell24h-main/QUICK-FIX-TIMEOUT.md","old-digitex-erp-bell24h","1828","2026-08-03","md","old-repo-clone-main-branch","bell24h-maingit/bell24h-main"
3355,"quick-platform-test.cjs","bell24h-maingit/bell24h-main/quick-platform-test.cjs","old-digitex-erp-bell24h","7850","2026-08-03","cjs","old-repo-clone-main-branch","bell24h-maingit/bell24h-main"
3356,"QUICK-ROLLBACK.sh","bell24h-maingit/bell24h-main/QUICK-ROLLBACK.sh","old-digitex-erp-bell24h","1959","2026-08-03","sh","old-repo-clone-main-branch","bell24h-maingit/bell24h-main"
3357,"QUICK-START-AUTO-DEPLOY.md","bell24h-maingit/bell24h-main/QUICK-START-AUTO-DEPLOY.md","old-digitex-erp-bell24h","2125","2026-08-03","md","old-repo-clone-main-branch","bell24h-maingit/bell24h-main"
3358,"quick-status-check.cjs","bell24h-maingit/bell24h-main/quick-status-check.cjs","old-digitex-erp-bell24h","914","2026-08-03","cjs","old-repo-clone-main-branch","bell24h-maingit/bell24h-main"
3359,"QUICK_DEPLOYMENT_STEPS.txt","bell24h-maingit/bell24h-main/QUICK_DEPLOYMENT_STEPS.txt","old-digitex-erp-bell24h","1363","2026-08-03","txt","old-repo-clone-main-branch","bell24h-maingit/bell24h-main"
3360,"QUICK_DEPLOYMENT_TEST.txt","bell24h-maingit/bell24h-main/QUICK_DEPLOYMENT_TEST.txt","old-digitex-erp-bell24h","10478","2026-08-03","txt","old-repo-clone-main-branch","bell24h-maingit/bell24h-main"
3361,"QUICK_DEPLOY_COMMANDS.txt","bell24h-maingit/bell24h-main/QUICK_DEPLOY_COMMANDS.txt","old-digitex-erp-bell24h","2004","2026-08-03","txt","old-repo-clone-main-branch","bell24h-maingit/bell24h-main"
3362,"QUICK_DEPLOY_GUIDE.md","bell24h-maingit/bell24h-main/QUICK_DEPLOY_GUIDE.md","old-digitex-erp-bell24h","3646","2026-08-03","md","old-repo-clone-main-branch","bell24h-maingit/bell24h-main"
3363,"QUICK_START_PRODUCTION.md","bell24h-maingit/bell24h-main/QUICK_START_PRODUCTION.md","old-digitex-erp-bell24h","1583","2026-08-03","md","old-repo-clone-main-branch","bell24h-maingit/bell24h-main"
3364,"railway.env.example","bell24h-maingit/bell24h-main/railway.env.example","old-digitex-erp-bell24h","451","2026-08-03","example","old-repo-clone-main-branch","bell24h-maingit/bell24h-main"
3365,"railway.json","bell24h-maingit/bell24h-main/railway.json","old-digitex-erp-bell24h","193","2026-08-03","json","old-repo-clone-main-branch","bell24h-maingit/bell24h-main"
3366,"railway.toml","bell24h-maingit/bell24h-main/railway.toml","old-digitex-erp-bell24h","130","2026-08-03","toml","old-repo-clone-main-branch","bell24h-maingit/bell24h-main"
3367,"RE-RUN-DEPLOYMENT.md","bell24h-maingit/bell24h-main/RE-RUN-DEPLOYMENT.md","old-digitex-erp-bell24h","3250","2026-08-03","md","old-repo-clone-main-branch","bell24h-maingit/bell24h-main"
3368,"README.md","bell24h-maingit/bell24h-main/README.md","old-digitex-erp-bell24h","901","2026-08-03","md","old-repo-clone-main-branch","bell24h-maingit/bell24h-main"
3369,"README_DATABASE_ALTERNATIVES.md","bell24h-maingit/bell24h-main/README_DATABASE_ALTERNATIVES.md","old-digitex-erp-bell24h","2145","2026-08-03","md","old-repo-clone-main-branch","bell24h-maingit/bell24h-main"
3370,"REMOVE-FROM-HISTORY.ps1","bell24h-maingit/bell24h-main/REMOVE-FROM-HISTORY.ps1","old-digitex-erp-bell24h","3878","2026-08-03","ps1","old-repo-clone-main-branch","bell24h-maingit/bell24h-main"
3371,"REMOVE-LARGE-FILES.ps1","bell24h-maingit/bell24h-main/REMOVE-LARGE-FILES.ps1","old-digitex-erp-bell24h","4522","2026-08-03","ps1","old-repo-clone-main-branch","bell24h-maingit/bell24h-main"
3372,"REMOVE-NETLIFY-SIMPLE.ps1","bell24h-maingit/bell24h-main/REMOVE-NETLIFY-SIMPLE.ps1","old-digitex-erp-bell24h","3877","2026-08-03","ps1","old-repo-clone-main-branch","bell24h-maingit/bell24h-main"
3373,"request_body.json","bell24h-maingit/bell24h-main/request_body.json","old-digitex-erp-bell24h","80","2026-08-03","json","old-repo-clone-main-branch","bell24h-maingit/bell24h-main"
3374,"RUN-EMERGENCY-FIX-NOW.sh","bell24h-maingit/bell24h-main/RUN-EMERGENCY-FIX-NOW.sh","old-digitex-erp-bell24h","2906","2026-08-03","sh","old-repo-clone-main-branch","bell24h-maingit/bell24h-main"
3375,"audit-pages.cjs","bell24h-maingit/bell24h-main/scripts/audit-pages.cjs","old-digitex-erp-bell24h","17292","2026-08-03","cjs","old-repo-clone-main-branch","bell24h-maingit/bell24h-main/scripts"
3376,"backup-vercel-production.cjs","bell24h-maingit/bell24h-main/scripts/backup-vercel-production.cjs","old-digitex-erp-bell24h","6117","2026-08-03","cjs","old-repo-clone-main-branch","bell24h-maingit/bell24h-main/scripts"
3377,"backup.cjs","bell24h-maingit/bell24h-main/scripts/backup.cjs","old-digitex-erp-bell24h","1723","2026-08-03","cjs","old-repo-clone-main-branch","bell24h-maingit/bell24h-main/scripts"
3378,"create-staging-environment.cjs","bell24h-maingit/bell24h-main/scripts/create-staging-environment.cjs","old-digitex-erp-bell24h","12478","2026-08-03","cjs","old-repo-clone-main-branch","bell24h-maingit/bell24h-main/scripts"
3379,"deploy-escrow.cjs","bell24h-maingit/bell24h-main/scripts/deploy-escrow.cjs","old-digitex-erp-bell24h","4120","2026-08-03","cjs","old-repo-clone-main-branch","bell24h-maingit/bell24h-main/scripts"
3380,"deploy-production.sh","bell24h-maingit/bell24h-main/scripts/deploy-production.sh","old-digitex-erp-bell24h","4878","2026-08-03","sh","old-repo-clone-main-branch","bell24h-maingit/bell24h-main/scripts"
3381,"deploy-safe.cjs","bell24h-maingit/bell24h-main/scripts/deploy-safe.cjs","old-digitex-erp-bell24h","4331","2026-08-03","cjs","old-repo-clone-main-branch","bell24h-maingit/bell24h-main/scripts"
3382,"dev-workflow.cjs","bell24h-maingit/bell24h-main/scripts/dev-workflow.cjs","old-digitex-erp-bell24h","9938","2026-08-03","cjs","old-repo-clone-main-branch","bell24h-maingit/bell24h-main/scripts"
3383,"migrate-missing-pages.cjs","bell24h-maingit/bell24h-main/scripts/migrate-missing-pages.cjs","old-digitex-erp-bell24h","12207","2026-08-03","cjs","old-repo-clone-main-branch","bell24h-maingit/bell24h-main/scripts"
3384,"migration-test.cjs","bell24h-maingit/bell24h-main/scripts/migration-test.cjs","old-digitex-erp-bell24h","10406","2026-08-03","cjs","old-repo-clone-main-branch","bell24h-maingit/bell24h-main/scripts"
3385,"protect-files.cjs","bell24h-maingit/bell24h-main/scripts/protect-files.cjs","old-digitex-erp-bell24h","2955","2026-08-03","cjs","old-repo-clone-main-branch","bell24h-maingit/bell24h-main/scripts"
3386,"pull-vercel-source.cjs","bell24h-maingit/bell24h-main/scripts/pull-vercel-source.cjs","old-digitex-erp-bell24h","11735","2026-08-03","cjs","old-repo-clone-main-branch","bell24h-maingit/bell24h-main/scripts"
3387,"run-fixed-page-validation.cjs","bell24h-maingit/bell24h-main/scripts/run-fixed-page-validation.cjs","old-digitex-erp-bell24h","10166","2026-08-03","cjs","old-repo-clone-main-branch","bell24h-maingit/bell24h-main/scripts"
3388,"safe-merge.cjs","bell24h-maingit/bell24h-main/scripts/safe-merge.cjs","old-digitex-erp-bell24h","13829","2026-08-03","cjs","old-repo-clone-main-branch","bell24h-maingit/bell24h-main/scripts"
3389,"setup-api-integrations.cjs","bell24h-maingit/bell24h-main/scripts/setup-api-integrations.cjs","old-digitex-erp-bell24h","20592","2026-08-03","cjs","old-repo-clone-main-branch","bell24h-maingit/bell24h-main/scripts"
3390,"setup-database.cjs","bell24h-maingit/bell24h-main/scripts/setup-database.cjs","old-digitex-erp-bell24h","9053","2026-08-03","cjs","old-repo-clone-main-branch","bell24h-maingit/bell24h-main/scripts"
3391,"setup-env.cjs","bell24h-maingit/bell24h-main/scripts/setup-env.cjs","old-digitex-erp-bell24h","6153","2026-08-03","cjs","old-repo-clone-main-branch","bell24h-maingit/bell24h-main/scripts"
3392,"setup-production-db.sh","bell24h-maingit/bell24h-main/scripts/setup-production-db.sh","old-digitex-erp-bell24h","3466","2026-08-03","sh","old-repo-clone-main-branch","bell24h-maingit/bell24h-main/scripts"
3393,"setup-vercel-env.sh","bell24h-maingit/bell24h-main/scripts/setup-vercel-env.sh","old-digitex-erp-bell24h","3900","2026-08-03","sh","old-repo-clone-main-branch","bell24h-maingit/bell24h-main/scripts"
3394,"test-all-pages.cjs","bell24h-maingit/bell24h-main/scripts/test-all-pages.cjs","old-digitex-erp-bell24h","7319","2026-08-03","cjs","old-repo-clone-main-branch","bell24h-maingit/bell24h-main/scripts"
3395,"vercel-import.cjs","bell24h-maingit/bell24h-main/scripts/vercel-import.cjs","old-digitex-erp-bell24h","10127","2026-08-03","cjs","old-repo-clone-main-branch","bell24h-maingit/bell24h-main/scripts"
3396,"verify-pages.cjs","bell24h-maingit/bell24h-main/scripts/verify-pages.cjs","old-digitex-erp-bell24h","8386","2026-08-03","cjs","old-repo-clone-main-branch","bell24h-maingit/bell24h-main/scripts"
3397,"scripts.json","bell24h-maingit/bell24h-main/scripts.json","old-digitex-erp-bell24h","98","2026-08-03","json","old-repo-clone-main-branch","bell24h-maingit/bell24h-main"
3398,"SEO-HERO-SECTION-UPDATE.md","bell24h-maingit/bell24h-main/SEO-HERO-SECTION-UPDATE.md","old-digitex-erp-bell24h","5936","2026-08-03","md","old-repo-clone-main-branch","bell24h-maingit/bell24h-main"
3399,".env.example","bell24h-maingit/bell24h-main/server/.env.example","old-digitex-erp-bell24h","705","2026-08-03","example","old-repo-clone-main-branch","bell24h-maingit/bell24h-main/server"
3400,".env.test","bell24h-maingit/bell24h-main/server/.env.test","old-digitex-erp-bell24h","245","2026-08-03","test","old-repo-clone-main-branch","bell24h-maingit/bell24h-main/server"
3401,"test.spec.cjs","bell24h-maingit/bell24h-main/server/e2e/test.spec.cjs","old-digitex-erp-bell24h","200","2026-08-03","cjs","old-repo-clone-main-branch","bell24h-maingit/bell24h-main/server/e2e"
3402,"tsconfig.json","bell24h-maingit/bell24h-main/server/e2e/tsconfig.json","old-digitex-erp-bell24h","801","2026-08-03","json","old-repo-clone-main-branch","bell24h-maingit/bell24h-main/server/e2e"
3403,"package-lock.json","bell24h-maingit/bell24h-main/server/package-lock.json","old-digitex-erp-bell24h","440643","2026-08-03","json","old-repo-clone-main-branch","bell24h-maingit/bell24h-main/server"
3404,"package.json","bell24h-maingit/bell24h-main/server/package.json","old-digitex-erp-bell24h","4058","2026-08-03","json","old-repo-clone-main-branch","bell24h-maingit/bell24h-main/server"
3405,"tsconfig.json","bell24h-maingit/bell24h-main/server/tsconfig.json","old-digitex-erp-bell24h","390","2026-08-03","json","old-repo-clone-main-branch","bell24h-maingit/bell24h-main/server"
3406,"tsconfig.test.json","bell24h-maingit/bell24h-main/server/tsconfig.test.json","old-digitex-erp-bell24h","366","2026-08-03","json","old-repo-clone-main-branch","bell24h-maingit/bell24h-main/server"
3407,"server-tsconfig.json","bell24h-maingit/bell24h-main/server-tsconfig.json","old-digitex-erp-bell24h","277","2026-08-03","json","old-repo-clone-main-branch","bell24h-maingit/bell24h-main"
3408,"setup-github-deploy.ps1","bell24h-maingit/bell24h-main/setup-github-deploy.ps1","old-digitex-erp-bell24h","2084","2026-08-03","ps1","old-repo-clone-main-branch","bell24h-maingit/bell24h-main"
3409,"SETUP-GITHUB-SECRET.md","bell24h-maingit/bell24h-main/SETUP-GITHUB-SECRET.md","old-digitex-erp-bell24h","4354","2026-08-03","md","old-repo-clone-main-branch","bell24h-maingit/bell24h-main"
3410,"setup-ssl-automated.sh","bell24h-maingit/bell24h-main/setup-ssl-automated.sh","old-digitex-erp-bell24h","7451","2026-08-03","sh","old-repo-clone-main-branch","bell24h-maingit/bell24h-main"
3411,"setup-ssl-direct.ps1","bell24h-maingit/bell24h-main/setup-ssl-direct.ps1","old-digitex-erp-bell24h","9295","2026-08-03","ps1","old-repo-clone-main-branch","bell24h-maingit/bell24h-main"
3412,"setup-ssl-upload-execute.ps1","bell24h-maingit/bell24h-main/setup-ssl-upload-execute.ps1","old-digitex-erp-bell24h","3111","2026-08-03","ps1","old-repo-clone-main-branch","bell24h-maingit/bell24h-main"
3413,"setup-ssl-via-ssh.ps1","bell24h-maingit/bell24h-main/setup-ssl-via-ssh.ps1","old-digitex-erp-bell24h","2665","2026-08-03","ps1","old-repo-clone-main-branch","bell24h-maingit/bell24h-main"
3414,"SETUP_COMPLETE.md","bell24h-maingit/bell24h-main/SETUP_COMPLETE.md","old-digitex-erp-bell24h","5840","2026-08-03","md","old-repo-clone-main-branch","bell24h-maingit/bell24h-main"
3415,"SIMPLE-DEPLOY-STEPS.md","bell24h-maingit/bell24h-main/SIMPLE-DEPLOY-STEPS.md","old-digitex-erp-bell24h","7408","2026-08-03","md","old-repo-clone-main-branch","bell24h-maingit/bell24h-main"
3416,"SIMPLE_DEPLOY_COMMANDS.txt","bell24h-maingit/bell24h-main/SIMPLE_DEPLOY_COMMANDS.txt","old-digitex-erp-bell24h","927","2026-08-03","txt","old-repo-clone-main-branch","bell24h-maingit/bell24h-main"
3417,"SITE-IS-LIVE-NEXT-STEPS.md","bell24h-maingit/bell24h-main/SITE-IS-LIVE-NEXT-STEPS.md","old-digitex-erp-bell24h","6438","2026-08-03","md","old-repo-clone-main-branch","bell24h-maingit/bell24h-main"
3418,"package.json","bell24h-maingit/bell24h-main/src/generated/prisma/package.json","old-digitex-erp-bell24h","4365","2026-08-03","json","old-repo-clone-main-branch","bell24h-maingit/bell24h-main/src/generated/prisma"
3419,"SSL-ACTIVE-CONFIGURE-N8N-ROUTING.md","bell24h-maingit/bell24h-main/SSL-ACTIVE-CONFIGURE-N8N-ROUTING.md","old-digitex-erp-bell24h","6024","2026-08-03","md","old-repo-clone-main-branch","bell24h-maingit/bell24h-main"
3420,"SSL-CERTIFICATES-ALREADY-ACTIVE.md","bell24h-maingit/bell24h-main/SSL-CERTIFICATES-ALREADY-ACTIVE.md","old-digitex-erp-bell24h","3924","2026-08-03","md","old-repo-clone-main-branch","bell24h-maingit/bell24h-main"
3421,"SSL-CONFIGURED-FIX-CONNECTION.md","bell24h-maingit/bell24h-main/SSL-CONFIGURED-FIX-CONNECTION.md","old-digitex-erp-bell24h","5151","2026-08-03","md","old-repo-clone-main-branch","bell24h-maingit/bell24h-main"
3422,"SSL-SETUP-COMMAND.txt","bell24h-maingit/bell24h-main/SSL-SETUP-COMMAND.txt","old-digitex-erp-bell24h","6926","2026-08-03","txt","old-repo-clone-main-branch","bell24h-maingit/bell24h-main"
3423,"START-NGINX-VERIFY-CONFIG.md","bell24h-maingit/bell24h-main/START-NGINX-VERIFY-CONFIG.md","old-digitex-erp-bell24h","5421","2026-08-03","md","old-repo-clone-main-branch","bell24h-maingit/bell24h-main"
3424,"start_clean_dev.ps1","bell24h-maingit/bell24h-main/start_clean_dev.ps1","old-digitex-erp-bell24h","2897","2026-08-03","ps1","old-repo-clone-main-branch","bell24h-maingit/bell24h-main"
3425,"SUPPLIER_PROFILE_FILES_INVENTORY.md","bell24h-maingit/bell24h-main/SUPPLIER_PROFILE_FILES_INVENTORY.md","old-digitex-erp-bell24h","8879","2026-08-03","md","old-repo-clone-main-branch","bell24h-maingit/bell24h-main"
3426,"SUPPLIER_PROFILE_IMPLEMENTATION_PLAN.md","bell24h-maingit/bell24h-main/SUPPLIER_PROFILE_IMPLEMENTATION_PLAN.md","old-digitex-erp-bell24h","14386","2026-08-03","md","old-repo-clone-main-branch","bell24h-maingit/bell24h-main"
3427,"task-definition.json","bell24h-maingit/bell24h-main/task-definition.json","old-digitex-erp-bell24h","4390","2026-08-03","json","old-repo-clone-main-branch","bell24h-maingit/bell24h-main"
3428,"test-bell24h-complete.cjs","bell24h-maingit/bell24h-main/test-bell24h-complete.cjs","old-digitex-erp-bell24h","13465","2026-08-03","cjs","old-repo-clone-main-branch","bell24h-maingit/bell24h-main"
3429,"test-final-fixes.cjs","bell24h-maingit/bell24h-main/test-final-fixes.cjs","old-digitex-erp-bell24h","5962","2026-08-03","cjs","old-repo-clone-main-branch","bell24h-maingit/bell24h-main"
3430,"test-system-complete.cjs","bell24h-maingit/bell24h-main/test-system-complete.cjs","old-digitex-erp-bell24h","6367","2026-08-03","cjs","old-repo-clone-main-branch","bell24h-maingit/bell24h-main"
3431,"TODO-21-25-IMPLEMENTATION-COMPLETE.md","bell24h-maingit/bell24h-main/TODO-21-25-IMPLEMENTATION-COMPLETE.md","old-digitex-erp-bell24h","5931","2026-08-03","md","old-repo-clone-main-branch","bell24h-maingit/bell24h-main"
3432,"TODO-21-25-IMPLEMENTATION-PLAN.md","bell24h-maingit/bell24h-main/TODO-21-25-IMPLEMENTATION-PLAN.md","old-digitex-erp-bell24h","1667","2026-08-03","md","old-repo-clone-main-branch","bell24h-maingit/bell24h-main"
3433,"TODO-ITEMS-21-25-EXTRACTED.md","bell24h-maingit/bell24h-main/TODO-ITEMS-21-25-EXTRACTED.md","old-digitex-erp-bell24h","4721","2026-08-03","md","old-repo-clone-main-branch","bell24h-maingit/bell24h-main"
3434,"train_supplier_model.py","bell24h-maingit/bell24h-main/train_supplier_model.py","old-digitex-erp-bell24h","1082","2026-08-03","py","old-repo-clone-main-branch","bell24h-maingit/bell24h-main"
3435,"tsconfig.e2e.json","bell24h-maingit/bell24h-main/tsconfig.e2e.json","old-digitex-erp-bell24h","195","2026-08-03","json","old-repo-clone-main-branch","bell24h-maingit/bell24h-main"
3436,"tsconfig.json","bell24h-maingit/bell24h-main/tsconfig.json","old-digitex-erp-bell24h","888","2026-08-03","json","old-repo-clone-main-branch","bell24h-maingit/bell24h-main"
3437,"tsconfig.server.json","bell24h-maingit/bell24h-main/tsconfig.server.json","old-digitex-erp-bell24h","165","2026-08-03","json","old-repo-clone-main-branch","bell24h-maingit/bell24h-main"
3438,"ULTRA-FAST-MCP-WORKING-REPORT.md","bell24h-maingit/bell24h-main/ULTRA-FAST-MCP-WORKING-REPORT.md","old-digitex-erp-bell24h","10362","2026-08-03","md","old-repo-clone-main-branch","bell24h-maingit/bell24h-main"
3439,"update-env.sh","bell24h-maingit/bell24h-main/update-env.sh","old-digitex-erp-bell24h","1116","2026-08-03","sh","old-repo-clone-main-branch","bell24h-maingit/bell24h-main"
3440,"USER-DASHBOARD-FEATURES-LIST.md","bell24h-maingit/bell24h-main/USER-DASHBOARD-FEATURES-LIST.md","old-digitex-erp-bell24h","8411","2026-08-03","md","old-repo-clone-main-branch","bell24h-maingit/bell24h-main"
3441,"package-lock.json","bell24h-maingit/bell24h-main/vercel-clean-deploy/package-lock.json","old-digitex-erp-bell24h","848984","2026-08-03","json","old-repo-clone-main-branch","bell24h-maingit/bell24h-main/vercel-clean-deploy"
3442,"package.json","bell24h-maingit/bell24h-main/vercel-clean-deploy/package.json","old-digitex-erp-bell24h","6664","2026-08-03","json","old-repo-clone-main-branch","bell24h-maingit/bell24h-main/vercel-clean-deploy"
3443,"common.json","bell24h-maingit/bell24h-main/vercel-clean-deploy/public/locales/en/common.json","old-digitex-erp-bell24h","7432","2026-08-03","json","old-repo-clone-main-branch","bell24h-maingit/bell24h-main/vercel-clean-deploy/public/locales/en"
3444,"temple-bell.mp3.txt","bell24h-maingit/bell24h-main/vercel-clean-deploy/public/sounds/temple-bell.mp3.txt","old-digitex-erp-bell24h","721","2026-08-03","txt","old-repo-clone-main-branch","bell24h-maingit/bell24h-main/vercel-clean-deploy/public/sounds"
3445,"tsconfig.json","bell24h-maingit/bell24h-main/vercel-clean-deploy/tsconfig.json","old-digitex-erp-bell24h","772","2026-08-03","json","old-repo-clone-main-branch","bell24h-maingit/bell24h-main/vercel-clean-deploy"
3446,"vercel.json","bell24h-maingit/bell24h-main/vercel-clean-deploy/vercel.json","old-digitex-erp-bell24h","133","2026-08-03","json","old-repo-clone-main-branch","bell24h-maingit/bell24h-main/vercel-clean-deploy"
3447,"vercel.json","bell24h-maingit/bell24h-main/vercel.json","old-digitex-erp-bell24h","1733","2026-08-03","json","old-repo-clone-main-branch","bell24h-maingit/bell24h-main"
3448,"vercel.local.json","bell24h-maingit/bell24h-main/vercel.local.json","old-digitex-erp-bell24h","4","2026-08-03","json","old-repo-clone-main-branch","bell24h-maingit/bell24h-main"
3449,"vercel.production.json","bell24h-maingit/bell24h-main/vercel.production.json","old-digitex-erp-bell24h","1798","2026-08-03","json","old-repo-clone-main-branch","bell24h-maingit/bell24h-main"
3450,"VERIFY-SITE-STATUS.md","bell24h-maingit/bell24h-main/VERIFY-SITE-STATUS.md","old-digitex-erp-bell24h","4131","2026-08-03","md","old-repo-clone-main-branch","bell24h-maingit/bell24h-main"
3451,"WHAT-IS-NEXT.md","bell24h-maingit/bell24h-main/WHAT-IS-NEXT.md","old-digitex-erp-bell24h","4244","2026-08-03","md","old-repo-clone-main-branch","bell24h-maingit/bell24h-main"
3452,"wrangler.toml","bell24h-maingit/bell24h-main/wrangler.toml","old-digitex-erp-bell24h","346","2026-08-03","toml","old-repo-clone-main-branch","bell24h-maingit/bell24h-main"
3453,"🔥 BELL24h_ One-Page Brutal Truth.pdf","bell24h-maingit/bell24h-main/🔥 BELL24h_ One-Page Brutal Truth.pdf","old-digitex-erp-bell24h","168986","2026-08-03","pdf","old-repo-clone-main-branch","bell24h-maingit/bell24h-main"
3454,"🔥 BRUTAL TRUTH_ BELL24h Revenue Reality Check.pdf","bell24h-maingit/bell24h-main/🔥 BRUTAL TRUTH_ BELL24h Revenue Reality Check.pdf","old-digitex-erp-bell24h","258494","2026-08-03","pdf","old-repo-clone-main-branch","bell24h-maingit/bell24h-main"
3455,"bell24h_audit_20250726_123214.txt","bell24h_audit_20250726_123214.txt","old-digitex-erp-bell24h","180","2026-08-03","txt","old-repo-clone-main-branch","."
3456,"BELL24H_BLOCKCHAIN_DEPLOYMENT_GUIDE.md","BELL24H_BLOCKCHAIN_DEPLOYMENT_GUIDE.md","old-digitex-erp-bell24h","6494","2026-08-03","md","old-repo-clone-main-branch","."
3457,"BELL24H_BLOCKCHAIN_IMPLEMENTATION_COMPLETE.md","BELL24H_BLOCKCHAIN_IMPLEMENTATION_COMPLETE.md","old-digitex-erp-bell24h","7892","2026-08-03","md","old-repo-clone-main-branch","."
3458,"BELL24H_BLOCKCHAIN_IMPLEMENTATION_PLAN.md","BELL24H_BLOCKCHAIN_IMPLEMENTATION_PLAN.md","old-digitex-erp-bell24h","11841","2026-08-03","md","old-repo-clone-main-branch","."
3459,"BELL24H_COMPLETE_EVOLUTION_ROADMAP.md.pdf","BELL24H_COMPLETE_EVOLUTION_ROADMAP.md.pdf","old-digitex-erp-bell24h","1062357","2026-08-03","pdf","old-repo-clone-main-branch","."
3460,"BELL24H_COMPREHENSIVE_AUDIT.md","BELL24H_COMPREHENSIVE_AUDIT.md","old-digitex-erp-bell24h","12841","2026-08-03","md","old-repo-clone-main-branch","."
3461,"BELL24H_COMPREHENSIVE_AUDIT_REPORT.md","BELL24H_COMPREHENSIVE_AUDIT_REPORT.md","old-digitex-erp-bell24h","11389","2026-08-03","md","old-repo-clone-main-branch","."
3462,"BELL24H_CURRENT_STATUS.md","BELL24H_CURRENT_STATUS.md","old-digitex-erp-bell24h","6517","2026-08-03","md","old-repo-clone-main-branch","."
3463,"BELL24H_DEPLOYMENT_SUCCESS_SUMMARY.md","BELL24H_DEPLOYMENT_SUCCESS_SUMMARY.md","old-digitex-erp-bell24h","8663","2026-08-03","md","old-repo-clone-main-branch","."
3464,"BELL24H_EMPIRE_100_PERCENT_COMPLETE.md","BELL24H_EMPIRE_100_PERCENT_COMPLETE.md","old-digitex-erp-bell24h","10011","2026-08-03","md","old-repo-clone-main-branch","."
3465,"BELL24H_FEATURES_COMPLETION_TABLE.md","BELL24H_FEATURES_COMPLETION_TABLE.md","old-digitex-erp-bell24h","32038","2026-08-03","md","old-repo-clone-main-branch","."
3466,"BELL24H_LAUNCH_READY_COMPLETE.md","BELL24H_LAUNCH_READY_COMPLETE.md","old-digitex-erp-bell24h","7133","2026-08-03","md","old-repo-clone-main-branch","."
3467,"BELL24H_MARKETING_CAMPAIGN_LAUNCH.md","BELL24H_MARKETING_CAMPAIGN_LAUNCH.md","old-digitex-erp-bell24h","5350","2026-08-03","md","old-repo-clone-main-branch","."
3468,"BELL24H_PLANNED_VS_IMPLEMENTED_FEATURES.md","BELL24H_PLANNED_VS_IMPLEMENTED_FEATURES.md","old-digitex-erp-bell24h","12211","2026-08-03","md","old-repo-clone-main-branch","."
3469,"BELL24H_PLATFORM_RECOMMENDATION_REVISED.md.pdf","BELL24H_PLATFORM_RECOMMENDATION_REVISED.md.pdf","old-digitex-erp-bell24h","1259112","2026-08-03","pdf","old-repo-clone-main-branch","."
3470,"BRANDING-NAVIGATION-AUDIT-REPORT.md","BRANDING-NAVIGATION-AUDIT-REPORT.md","old-digitex-erp-bell24h","11933","2026-08-03","md","old-repo-clone-main-branch","."
3471,"BRUTAL_FIX_SETUP.md","BRUTAL_FIX_SETUP.md","old-digitex-erp-bell24h","3211","2026-08-03","md","old-repo-clone-main-branch","."
3472,"build_spec.yaml","build_spec.yaml","old-digitex-erp-bell24h","685","2026-08-03","yaml","old-repo-clone-main-branch","."
3473,"BUILD_STABILIZATION_TODO.md","BUILD_STABILIZATION_TODO.md","old-digitex-erp-bell24h","350","2026-08-03","md","old-repo-clone-main-branch","."
3474,"CATEGORIES_SOLUTION.md","CATEGORIES_SOLUTION.md","old-digitex-erp-bell24h","3200","2026-08-03","md","old-repo-clone-main-branch","."
3475,"CHECK-BUILD-ON-VM.md","CHECK-BUILD-ON-VM.md","old-digitex-erp-bell24h","1326","2026-08-03","md","old-repo-clone-main-branch","."
3476,"check-build-via-ssh.ps1","check-build-via-ssh.ps1","old-digitex-erp-bell24h","1831","2026-08-03","ps1","old-repo-clone-main-branch","."
3477,"CHECK-DOCKER-BUILD-PROGRESS.sh","CHECK-DOCKER-BUILD-PROGRESS.sh","old-digitex-erp-bell24h","1826","2026-08-03","sh","old-repo-clone-main-branch","."
3478,".env","client/.env","old-digitex-erp-bell24h","142","2026-08-03","env","old-repo-clone-main-branch","client"
3479,".env.local.txt","client/.env.local.txt","old-digitex-erp-bell24h","520","2026-08-03","txt","old-repo-clone-main-branch","client"
3480,".env.production","client/.env.production","old-digitex-erp-bell24h","1653","2026-08-03","production","old-repo-clone-main-branch","client"
3481,".eslintrc.json","client/.eslintrc.json","old-digitex-erp-bell24h","475","2026-08-03","json","old-repo-clone-main-branch","client"
3482,"auto-categories.yml","client/.github/workflows/auto-categories.yml","old-digitex-erp-bell24h","4738","2026-08-03","yml","old-repo-clone-main-branch","client/.github/workflows"
3483,"auto-deploy.yml","client/.github/workflows/auto-deploy.yml","old-digitex-erp-bell24h","7198","2026-08-03","yml","old-repo-clone-main-branch","client/.github/workflows"
3484,"ci.yml","client/.github/workflows/ci.yml","old-digitex-erp-bell24h","3235","2026-08-03","yml","old-repo-clone-main-branch","client/.github/workflows"
3485,"deploy-bell24h.yml","client/.github/workflows/deploy-bell24h.yml","old-digitex-erp-bell24h","7638","2026-08-03","yml","old-repo-clone-main-branch","client/.github/workflows"
3486,"AI_FEATURES_ANALYSIS.md","client/AI_FEATURES_ANALYSIS.md","old-digitex-erp-bell24h","4764","2026-08-03","md","old-repo-clone-main-branch","client"
3487,"API_TESTING_GUIDE.md","client/API_TESTING_GUIDE.md","old-digitex-erp-bell24h","3895","2026-08-03","md","old-repo-clone-main-branch","client"
3488,"ARCHITECTURE_ANALYSIS.md","client/ARCHITECTURE_ANALYSIS.md","old-digitex-erp-bell24h","6751","2026-08-03","md","old-repo-clone-main-branch","client"
3489,"AUTOMATED_DEPLOYMENT_GUIDE.md","client/AUTOMATED_DEPLOYMENT_GUIDE.md","old-digitex-erp-bell24h","9119","2026-08-03","md","old-repo-clone-main-branch","client"
3490,"package-lock.json","client/blockchain/package-lock.json","old-digitex-erp-bell24h","257609","2026-08-03","json","old-repo-clone-main-branch","client/blockchain"
3491,"package.json","client/blockchain/package.json","old-digitex-erp-bell24h","997","2026-08-03","json","old-repo-clone-main-branch","client/blockchain"
3492,"check-tables.sql","client/check-tables.sql","old-digitex-erp-bell24h","77","2026-08-03","sql","old-repo-clone-main-branch","client"
3493,"CLOUDFLARE_NAMESERVERS.txt","client/CLOUDFLARE_NAMESERVERS.txt","old-digitex-erp-bell24h","727","2026-08-03","txt","old-repo-clone-main-branch","client"
3494,"COMPREHENSIVE_AUDIT.md","client/COMPREHENSIVE_AUDIT.md","old-digitex-erp-bell24h","11685","2026-08-03","md","old-repo-clone-main-branch","client"
3495,"COMPREHENSIVE_SETUP_README.md","client/COMPREHENSIVE_SETUP_README.md","old-digitex-erp-bell24h","10340","2026-08-03","md","old-repo-clone-main-branch","client"
3496,"README.md","client/cypress/README.md","old-digitex-erp-bell24h","4806","2026-08-03","md","old-repo-clone-main-branch","client/cypress"
3497,"deploy-fly.ps1","client/deploy-fly.ps1","old-digitex-erp-bell24h","6414","2026-08-03","ps1","old-repo-clone-main-branch","client"
3498,"deploy-to-vercel.ps1","client/deploy-to-vercel.ps1","old-digitex-erp-bell24h","993","2026-08-03","ps1","old-repo-clone-main-branch","client"
3499,"deploy.ps1","client/deploy.ps1","old-digitex-erp-bell24h","662","2026-08-03","ps1","old-repo-clone-main-branch","client"
3500,"deploy.sh","client/deploy.sh","old-digitex-erp-bell24h","467","2026-08-03","sh","old-repo-clone-main-branch","client"
3501,"docker-compose.production.yml","client/deployment/docker-compose.production.yml","old-digitex-erp-bell24h","4328","2026-08-03","yml","old-repo-clone-main-branch","client/deployment"
3502,"deployment-sepolia-1750821000242.json","client/deployments/deployment-sepolia-1750821000242.json","old-digitex-erp-bell24h","1838","2026-08-03","json","old-repo-clone-main-branch","client/deployments"
3503,"deployment-sepolia-1750821000382.json","client/deployments/deployment-sepolia-1750821000382.json","old-digitex-erp-bell24h","1838","2026-08-03","json","old-repo-clone-main-branch","client/deployments"
3504,"deployment-sepolia-1750821063711.json","client/deployments/deployment-sepolia-1750821063711.json","old-digitex-erp-bell24h","550","2026-08-03","json","old-repo-clone-main-branch","client/deployments"
3505,"deployment-sepolia-1750821063886.json","client/deployments/deployment-sepolia-1750821063886.json","old-digitex-erp-bell24h","550","2026-08-03","json","old-repo-clone-main-branch","client/deployments"
3506,"deployment-sepolia-1750873878414.json","client/deployments/deployment-sepolia-1750873878414.json","old-digitex-erp-bell24h","550","2026-08-03","json","old-repo-clone-main-branch","client/deployments"
3507,"deployment-sepolia-1750873878506.json","client/deployments/deployment-sepolia-1750873878506.json","old-digitex-erp-bell24h","550","2026-08-03","json","old-repo-clone-main-branch","client/deployments"
3508,"deployment-sepolia-1750874902251.json","client/deployments/deployment-sepolia-1750874902251.json","old-digitex-erp-bell24h","550","2026-08-03","json","old-repo-clone-main-branch","client/deployments"
3509,"deployment-sepolia-1750874902415.json","client/deployments/deployment-sepolia-1750874902415.json","old-digitex-erp-bell24h","550","2026-08-03","json","old-repo-clone-main-branch","client/deployments"
3510,"deployment-sepolia-1751339466284.json","client/deployments/deployment-sepolia-1751339466284.json","old-digitex-erp-bell24h","550","2026-08-03","json","old-repo-clone-main-branch","client/deployments"
3511,"deployment-sepolia-1751339466399.json","client/deployments/deployment-sepolia-1751339466399.json","old-digitex-erp-bell24h","550","2026-08-03","json","old-repo-clone-main-branch","client/deployments"
3512,"deployment-sepolia-1754075911920.json","client/deployments/deployment-sepolia-1754075911920.json","old-digitex-erp-bell24h","548","2026-08-03","json","old-repo-clone-main-branch","client/deployments"
3513,"deployment-sepolia-1754075912202.json","client/deployments/deployment-sepolia-1754075912202.json","old-digitex-erp-bell24h","548","2026-08-03","json","old-repo-clone-main-branch","client/deployments"
3514,"deployment-sepolia-1754076005060.json","client/deployments/deployment-sepolia-1754076005060.json","old-digitex-erp-bell24h","548","2026-08-03","json","old-repo-clone-main-branch","client/deployments"
3515,"deployment-sepolia-1754076005378.json","client/deployments/deployment-sepolia-1754076005378.json","old-digitex-erp-bell24h","548","2026-08-03","json","old-repo-clone-main-branch","client/deployments"
3516,"DEPLOYMENT_GUIDE.md","client/DEPLOYMENT_GUIDE.md","old-digitex-erp-bell24h","8562","2026-08-03","md","old-repo-clone-main-branch","client"
3517,"DEPLOYMENT_STATUS_UPDATE.md","client/DEPLOYMENT_STATUS_UPDATE.md","old-digitex-erp-bell24h","3827","2026-08-03","md","old-repo-clone-main-branch","client"
3518,"DEPLOYMENT_VERIFICATION_REPORT.md","client/DEPLOYMENT_VERIFICATION_REPORT.md","old-digitex-erp-bell24h","3828","2026-08-03","md","old-repo-clone-main-branch","client"
3519,"DNS_SETUP_GUIDE.txt","client/DNS_SETUP_GUIDE.txt","old-digitex-erp-bell24h","768","2026-08-03","txt","old-repo-clone-main-branch","client"
3520,"docker-compose.n8n.yml","client/docker-compose.n8n.yml","old-digitex-erp-bell24h","3114","2026-08-03","yml","old-repo-clone-main-branch","client"
3521,"docker-compose.yml","client/docker-compose.yml","old-digitex-erp-bell24h","4410","2026-08-03","yml","old-repo-clone-main-branch","client"
3522,"Dockerfile","client/Dockerfile","old-digitex-erp-bell24h","1889","2026-08-03","Dockerfile","old-repo-clone-main-branch","client"
3523,"Dockerfile.n8n","client/Dockerfile.n8n","old-digitex-erp-bell24h","831","2026-08-03","n8n","old-repo-clone-main-branch","client"
3524,"EMERGENCY_VERCEL_FIX.md","client/EMERGENCY_VERCEL_FIX.md","old-digitex-erp-bell24h","2122","2026-08-03","md","old-repo-clone-main-branch","client"
3525,"env-example.txt","client/env-example.txt","old-digitex-erp-bell24h","473","2026-08-03","txt","old-repo-clone-main-branch","client"
3526,"FINAL_DOMAIN_SETUP.txt","client/FINAL_DOMAIN_SETUP.txt","old-digitex-erp-bell24h","1014","2026-08-03","txt","old-repo-clone-main-branch","client"
3527,"FINAL_LAUNCH_SQL.sql","client/FINAL_LAUNCH_SQL.sql","old-digitex-erp-bell24h","1526","2026-08-03","sql","old-repo-clone-main-branch","client"
3528,"FINAL_STATUS_REPORT.md","client/FINAL_STATUS_REPORT.md","old-digitex-erp-bell24h","4316","2026-08-03","md","old-repo-clone-main-branch","client"
3529,"FIXES_COMPLETE.md","client/FIXES_COMPLETE.md","old-digitex-erp-bell24h","3962","2026-08-03","md","old-repo-clone-main-branch","client"
3530,"FLY-DEPLOYMENT-GUIDE.md","client/FLY-DEPLOYMENT-GUIDE.md","old-digitex-erp-bell24h","4551","2026-08-03","md","old-repo-clone-main-branch","client"
3531,"fly.toml","client/fly.toml","old-digitex-erp-bell24h","513","2026-08-03","toml","old-repo-clone-main-branch","client"
3532,"HOMEPAGE_COMPLETE_STATUS.md","client/HOMEPAGE_COMPLETE_STATUS.md","old-digitex-erp-bell24h","5622","2026-08-03","md","old-repo-clone-main-branch","client"
3533,"HOW_TO_RUN.txt","client/HOW_TO_RUN.txt","old-digitex-erp-bell24h","2167","2026-08-03","txt","old-repo-clone-main-branch","client"
3534,"lighthouse-mobile-baseline.json","client/lighthouse-mobile-baseline.json","old-digitex-erp-bell24h","771787","2026-08-03","json","old-repo-clone-main-branch","client"
3535,"lighthouse-report.json","client/lighthouse-report.json","old-digitex-erp-bell24h","810196","2026-08-03","json","old-repo-clone-main-branch","client"
3536,"LIVE_WEBSITE_VERIFICATION.md","client/LIVE_WEBSITE_VERIFICATION.md","old-digitex-erp-bell24h","3602","2026-08-03","md","old-repo-clone-main-branch","client"
3537,"MIGRATION_PLAN.md","client/MIGRATION_PLAN.md","old-digitex-erp-bell24h","7720","2026-08-03","md","old-repo-clone-main-branch","client"
3538,"neon-config.json","client/neon-config.json","old-digitex-erp-bell24h","4393","2026-08-03","json","old-repo-clone-main-branch","client"
3539,"ONBOARDING_FIX_GUIDE.md","client/ONBOARDING_FIX_GUIDE.md","old-digitex-erp-bell24h","1576","2026-08-03","md","old-repo-clone-main-branch","client"
3540,"openai_key.txt","client/openai_key.txt","old-digitex-erp-bell24h","364","2026-08-03","txt","old-repo-clone-main-branch","client"
3541,"deploy.sh","client/oracle-deployment/core-api/deploy.sh","old-digitex-erp-bell24h","1881","2026-08-03","sh","old-repo-clone-main-branch","client/oracle-deployment/core-api"
3542,"package.json","client/oracle-deployment/core-api/package.json","old-digitex-erp-bell24h","708","2026-08-03","json","old-repo-clone-main-branch","client/oracle-deployment/core-api"
3543,"deploy-all.sh","client/oracle-deployment/deploy-all.sh","old-digitex-erp-bell24h","5471","2026-08-03","sh","old-repo-clone-main-branch","client/oracle-deployment"
3544,"deploy.sh","client/oracle-deployment/ml-service/deploy.sh","old-digitex-erp-bell24h","1859","2026-08-03","sh","old-repo-clone-main-branch","client/oracle-deployment/ml-service"
3545,"main.py","client/oracle-deployment/ml-service/main.py","old-digitex-erp-bell24h","11971","2026-08-03","py","old-repo-clone-main-branch","client/oracle-deployment/ml-service"
3546,"requirements.txt","client/oracle-deployment/ml-service/requirements.txt","old-digitex-erp-bell24h","162","2026-08-03","txt","old-repo-clone-main-branch","client/oracle-deployment/ml-service"
3547,"README.md","client/oracle-deployment/README.md","old-digitex-erp-bell24h","9033","2026-08-03","md","old-repo-clone-main-branch","client/oracle-deployment"
3548,"package-lock.json","client/package-lock.json","old-digitex-erp-bell24h","487222","2026-08-03","json","old-repo-clone-main-branch","client"
3549,"package.json","client/package.json","old-digitex-erp-bell24h","4876","2026-08-03","json","old-repo-clone-main-branch","client"
3550,"PERFORMANCE_OPTIMIZATION.md","client/PERFORMANCE_OPTIMIZATION.md","old-digitex-erp-bell24h","5878","2026-08-03","md","old-repo-clone-main-branch","client"
3551,"PERFORMANCE_ROUTE_FIX_SUMMARY.md","client/PERFORMANCE_ROUTE_FIX_SUMMARY.md","old-digitex-erp-bell24h","4787","2026-08-03","md","old-repo-clone-main-branch","client"
3552,"PRISMA_CASING_FIX_SUMMARY.md","client/PRISMA_CASING_FIX_SUMMARY.md","old-digitex-erp-bell24h","5553","2026-08-03","md","old-repo-clone-main-branch","client"
3553,"production.env.template","client/production.env.template","old-digitex-erp-bell24h","2276","2026-08-03","template","old-repo-clone-main-branch","client"
3554,"common.json","client/public/locales/hi/common.json","old-digitex-erp-bell24h","788","2026-08-03","json","old-repo-clone-main-branch","client/public/locales/hi"
3555,"dashboard.json","client/public/locales/hi/dashboard.json","old-digitex-erp-bell24h","502","2026-08-03","json","old-repo-clone-main-branch","client/public/locales/hi"
3556,"manifest.json","client/public/manifest.json","old-digitex-erp-bell24h","4511","2026-08-03","json","old-repo-clone-main-branch","client/public"
3557,"robots.txt","client/public/robots.txt","old-digitex-erp-bell24h","1429","2026-08-03","txt","old-repo-clone-main-branch","client/public"
3558,"QUICK_FIX_SUMMARY.md","client/QUICK_FIX_SUMMARY.md","old-digitex-erp-bell24h","1981","2026-08-03","md","old-repo-clone-main-branch","client"
3559,"railway.env.example","client/railway.env.example","old-digitex-erp-bell24h","385","2026-08-03","example","old-repo-clone-main-branch","client"
3560,"railway.json","client/railway.json","old-digitex-erp-bell24h","344","2026-08-03","json","old-repo-clone-main-branch","client"
3561,"RETURNS_ARRAY_FIX_SUMMARY.md","client/RETURNS_ARRAY_FIX_SUMMARY.md","old-digitex-erp-bell24h","9253","2026-08-03","md","old-repo-clone-main-branch","client"
3562,"RISKMETRICS_FIX_SUMMARY.md","client/RISKMETRICS_FIX_SUMMARY.md","old-digitex-erp-bell24h","8299","2026-08-03","md","old-repo-clone-main-branch","client"
3563,"run-comprehensive-setup.ps1","client/run-comprehensive-setup.ps1","old-digitex-erp-bell24h","1004","2026-08-03","ps1","old-repo-clone-main-branch","client"
3564,"bulk-directory-submit.py","client/scripts/bulk-directory-submit.py","old-digitex-erp-bell24h","17084","2026-08-03","py","old-repo-clone-main-branch","client/scripts"
3565,"deploy-n8n-cloud.sh","client/scripts/deploy-n8n-cloud.sh","old-digitex-erp-bell24h","8956","2026-08-03","sh","old-repo-clone-main-branch","client/scripts"
3566,"deploy-n8n-production.sh","client/scripts/deploy-n8n-production.sh","old-digitex-erp-bell24h","6373","2026-08-03","sh","old-repo-clone-main-branch","client/scripts"
3567,"generate_categories.py","client/scripts/generate_categories.py","old-digitex-erp-bell24h","15731","2026-08-03","py","old-repo-clone-main-branch","client/scripts"
3568,"security-audit.json","client/security-audit.json","old-digitex-erp-bell24h","15816","2026-08-03","json","old-repo-clone-main-branch","client"
3569,"SENTIMENT_FIX_SUMMARY.md","client/SENTIMENT_FIX_SUMMARY.md","old-digitex-erp-bell24h","8210","2026-08-03","md","old-repo-clone-main-branch","client"
3570,"STATUS_REPORT.md","client/STATUS_REPORT.md","old-digitex-erp-bell24h","5417","2026-08-03","md","old-repo-clone-main-branch","client"
3571,"STOCK_DATA_FIX_SUMMARY.md","client/STOCK_DATA_FIX_SUMMARY.md","old-digitex-erp-bell24h","6695","2026-08-03","md","old-repo-clone-main-branch","client"
3572,"supabase-schema.sql","client/supabase-schema.sql","old-digitex-erp-bell24h","1613","2026-08-03","sql","old-repo-clone-main-branch","client"
3573,"test-apis.ps1","client/test-apis.ps1","old-digitex-erp-bell24h","2699","2026-08-03","ps1","old-repo-clone-main-branch","client"
3574,"test-build.ps1","client/test-build.ps1","old-digitex-erp-bell24h","465","2026-08-03","ps1","old-repo-clone-main-branch","client"
3575,"test-website.ps1","client/test-website.ps1","old-digitex-erp-bell24h","2212","2026-08-03","ps1","old-repo-clone-main-branch","client"
3576,"THEME_UPDATE_COMPLETE.md","client/THEME_UPDATE_COMPLETE.md","old-digitex-erp-bell24h","3474","2026-08-03","md","old-repo-clone-main-branch","client"
3577,"tsconfig.json","client/tsconfig.json","old-digitex-erp-bell24h","1164","2026-08-03","json","old-repo-clone-main-branch","client"
3578,"TYPESCRIPT_FIXES_SUMMARY.md","client/TYPESCRIPT_FIXES_SUMMARY.md","old-digitex-erp-bell24h","2803","2026-08-03","md","old-repo-clone-main-branch","client"
3579,"TYPE_MISMATCH_FIX_SUMMARY.md","client/TYPE_MISMATCH_FIX_SUMMARY.md","old-digitex-erp-bell24h","7677","2026-08-03","md","old-repo-clone-main-branch","client"
3580,"UPDATE_NAMESERVERS.txt","client/UPDATE_NAMESERVERS.txt","old-digitex-erp-bell24h","884","2026-08-03","txt","old-repo-clone-main-branch","client"
3581,"user_profiles_schema.sql","client/user_profiles_schema.sql","old-digitex-erp-bell24h","2388","2026-08-03","sql","old-repo-clone-main-branch","client"
3582,"VERCEL-ENVIRONMENT-SETUP.md","client/VERCEL-ENVIRONMENT-SETUP.md","old-digitex-erp-bell24h","3824","2026-08-03","md","old-repo-clone-main-branch","client"
3583,"vercel.json","client/vercel.json","old-digitex-erp-bell24h","156","2026-08-03","json","old-repo-clone-main-branch","client"
3584,"VERCEL_BUILD_FIX_SUMMARY.md","client/VERCEL_BUILD_FIX_SUMMARY.md","old-digitex-erp-bell24h","1730","2026-08-03","md","old-repo-clone-main-branch","client"
3585,"VIDEO_RFQ_FIXED.txt","client/VIDEO_RFQ_FIXED.txt","old-digitex-erp-bell24h","3348","2026-08-03","txt","old-repo-clone-main-branch","client"
3586,"VOICE_RFQ_FIXED.txt","client/VOICE_RFQ_FIXED.txt","old-digitex-erp-bell24h","3002","2026-08-03","txt","old-repo-clone-main-branch","client"
3587,"client-tsconfig.json","client-tsconfig.json","old-digitex-erp-bell24h","426","2026-08-03","json","old-repo-clone-main-branch","."
3588,"client_secret_2_1044360968417-avn6r7navbtelcvocsauv7j6ck6egvnl.apps.googleusercontent.com.json","client_secret_2_1044360968417-avn6r7navbtelcvocsauv7j6ck6egvnl.apps.googleusercontent.com.json","old-digitex-erp-bell24h","577","2026-08-03","json","old-repo-clone-main-branch","."
3589,"CLOUDFLARE-BUILD-COMMAND-CLARIFICATION.md","CLOUDFLARE-BUILD-COMMAND-CLARIFICATION.md","old-digitex-erp-bell24h","3464","2026-08-03","md","old-repo-clone-main-branch","."
3590,"CLOUDFLARE-DNS-QUICK-FIX.md","CLOUDFLARE-DNS-QUICK-FIX.md","old-digitex-erp-bell24h","1475","2026-08-03","md","old-repo-clone-main-branch","."
3591,"CLOUDFLARE-PAGES-BUILD-FIX.md","CLOUDFLARE-PAGES-BUILD-FIX.md","old-digitex-erp-bell24h","3638","2026-08-03","md","old-repo-clone-main-branch","."
3592,"cloudflare-pages-config.json","cloudflare-pages-config.json","old-digitex-erp-bell24h","871","2026-08-03","json","old-repo-clone-main-branch","."
3593,"CLOUDFLARE-PAGES-FINAL-FIX.md","CLOUDFLARE-PAGES-FINAL-FIX.md","old-digitex-erp-bell24h","3190","2026-08-03","md","old-repo-clone-main-branch","."
3594,"CLOUDFLARE-PAGES-NEXT-STEPS.md","CLOUDFLARE-PAGES-NEXT-STEPS.md","old-digitex-erp-bell24h","5192","2026-08-03","md","old-repo-clone-main-branch","."
3595,"CLOUDFLARE-PAGES-SETTINGS-FIX.md","CLOUDFLARE-PAGES-SETTINGS-FIX.md","old-digitex-erp-bell24h","3899","2026-08-03","md","old-repo-clone-main-branch","."
3596,"CLOUDFLARE-PAGES-SETUP.md","CLOUDFLARE-PAGES-SETUP.md","old-digitex-erp-bell24h","5297","2026-08-03","md","old-repo-clone-main-branch","."
3597,"CLOUDFLARE-PAGES-TEST.md","CLOUDFLARE-PAGES-TEST.md","old-digitex-erp-bell24h","3905","2026-08-03","md","old-repo-clone-main-branch","."
3598,"CLOUDFLARE-SETUP-STEP-BY-STEP.md","CLOUDFLARE-SETUP-STEP-BY-STEP.md","old-digitex-erp-bell24h","8911","2026-08-03","md","old-repo-clone-main-branch","."
3599,"commit-and-push-fix.ps1","commit-and-push-fix.ps1","old-digitex-erp-bell24h","318","2026-08-03","ps1","old-repo-clone-main-branch","."
3600,"COMPANY_PROFILE_CLAIMING_IMPLEMENTATION_COMPLETE.md","COMPANY_PROFILE_CLAIMING_IMPLEMENTATION_COMPLETE.md","old-digitex-erp-bell24h","9199","2026-08-03","md","old-repo-clone-main-branch","."
3601,"COMPANY_PROFILE_CLAIMING_SUMMARY.md","COMPANY_PROFILE_CLAIMING_SUMMARY.md","old-digitex-erp-bell24h","7842","2026-08-03","md","old-repo-clone-main-branch","."
3602,"COMPLETE-AUTOMATIC-DEPLOY.ps1","COMPLETE-AUTOMATIC-DEPLOY.ps1","old-digitex-erp-bell24h","2034","2026-08-03","ps1","old-repo-clone-main-branch","."
3603,"complete-database-setup-400-categories.sql","complete-database-setup-400-categories.sql","old-digitex-erp-bell24h","30126","2026-08-03","sql","old-repo-clone-main-branch","."
3604,"complete-database-setup.sql","complete-database-setup.sql","old-digitex-erp-bell24h","14897","2026-08-03","sql","old-repo-clone-main-branch","."
3605,"COMPLETE-DEPLOYMENT.ps1","COMPLETE-DEPLOYMENT.ps1","old-digitex-erp-bell24h","1255","2026-08-03","ps1","old-repo-clone-main-branch","."
3606,"COMPLETE-FEATURE-INVENTORY.md","COMPLETE-FEATURE-INVENTORY.md","old-digitex-erp-bell24h","8840","2026-08-03","md","old-repo-clone-main-branch","."
3607,"COMPLETE_AUTOMATED_FIX_SUMMARY.md","COMPLETE_AUTOMATED_FIX_SUMMARY.md","old-digitex-erp-bell24h","7308","2026-08-03","md","old-repo-clone-main-branch","."
3608,"COMPLETE_DEPLOYMENT_ANALYSIS.md","COMPLETE_DEPLOYMENT_ANALYSIS.md","old-digitex-erp-bell24h","9123","2026-08-03","md","old-repo-clone-main-branch","."
3609,"COMPLETE_PROJECT_REBUILD.cjs","COMPLETE_PROJECT_REBUILD.cjs","old-digitex-erp-bell24h","6715","2026-08-03","cjs","old-repo-clone-main-branch","."
3610,"COMPLETE_SETUP_SUMMARY.md","COMPLETE_SETUP_SUMMARY.md","old-digitex-erp-bell24h","6553","2026-08-03","md","old-repo-clone-main-branch","."
3611,"composer.json","composer.json","old-digitex-erp-bell24h","2970","2026-08-03","json","old-repo-clone-main-branch","."
3612,"COMPREHENSIVE-AUDIT-REPORT.md","COMPREHENSIVE-AUDIT-REPORT.md","old-digitex-erp-bell24h","12593","2026-08-03","md","old-repo-clone-main-branch","."
3613,"COMPREHENSIVE-FIX.ps1","COMPREHENSIVE-FIX.ps1","old-digitex-erp-bell24h","759","2026-08-03","ps1","old-repo-clone-main-branch","."
3614,"COMPREHENSIVE-PROJECT-AUDIT-2025.md","COMPREHENSIVE-PROJECT-AUDIT-2025.md","old-digitex-erp-bell24h","21385","2026-08-03","md","old-repo-clone-main-branch","."
3615,"COMPREHENSIVE-PROJECT-AUDIT-AND-ASSESSMENT.md","COMPREHENSIVE-PROJECT-AUDIT-AND-ASSESSMENT.md","old-digitex-erp-bell24h","25068","2026-08-03","md","old-repo-clone-main-branch","."
3616,"COMPREHENSIVE_AUDIT_REPORT.md","COMPREHENSIVE_AUDIT_REPORT.md","old-digitex-erp-bell24h","11164","2026-08-03","md","old-repo-clone-main-branch","."
3617,"COMPREHENSIVE_MCP_AUDIT_REPORT.md","COMPREHENSIVE_MCP_AUDIT_REPORT.md","old-digitex-erp-bell24h","5722","2026-08-03","md","old-repo-clone-main-branch","."
3618,"COMPREHENSIVE_MCP_AUDIT_REPORT_FINAL.md","COMPREHENSIVE_MCP_AUDIT_REPORT_FINAL.md","old-digitex-erp-bell24h","5588","2026-08-03","md","old-repo-clone-main-branch","."
3619,"COPY-PASTE-COMMANDS.txt","COPY-PASTE-COMMANDS.txt","old-digitex-erp-bell24h","2087","2026-08-03","txt","old-repo-clone-main-branch","."
3620,"COPY_PASTE_DEPLOYMENT.txt","COPY_PASTE_DEPLOYMENT.txt","old-digitex-erp-bell24h","2850","2026-08-03","txt","old-repo-clone-main-branch","."
3621,"CURRENT-STATUS-AND-NEXT-STEPS.md","CURRENT-STATUS-AND-NEXT-STEPS.md","old-digitex-erp-bell24h","7608","2026-08-03","md","old-repo-clone-main-branch","."
3622,"cursor-mcp-config.json","cursor-mcp-config.json","old-digitex-erp-bell24h","2317","2026-08-03","json","old-repo-clone-main-branch","."
3623,"CURSOR-MCP-HYBRID-INTEGRATION.md","CURSOR-MCP-HYBRID-INTEGRATION.md","old-digitex-erp-bell24h","11921","2026-08-03","md","old-repo-clone-main-branch","."
3624,"CURSOR-MCP-INTEGRATION-COMPLETE-REPORT.md","CURSOR-MCP-INTEGRATION-COMPLETE-REPORT.md","old-digitex-erp-bell24h","8396","2026-08-03","md","old-repo-clone-main-branch","."
3625,"CURSOR-MCP-INTEGRATION-GUIDE.md","CURSOR-MCP-INTEGRATION-GUIDE.md","old-digitex-erp-bell24h","8776","2026-08-03","md","old-repo-clone-main-branch","."
3626,"CURSOR-MCP-USAGE.md","CURSOR-MCP-USAGE.md","old-digitex-erp-bell24h","1592","2026-08-03","md","old-repo-clone-main-branch","."
3627,"cursor_settings.json","cursor_settings.json","old-digitex-erp-bell24h","430","2026-08-03","json","old-repo-clone-main-branch","."
3628,"CYPRESS_FIX_SUMMARY.md","CYPRESS_FIX_SUMMARY.md","old-digitex-erp-bell24h","3302","2026-08-03","md","old-repo-clone-main-branch","."
3629,"DASHBOARD-AUDIT-COMPLETE.md","DASHBOARD-AUDIT-COMPLETE.md","old-digitex-erp-bell24h","8703","2026-08-03","md","old-repo-clone-main-branch","."
3630,"DASHBOARD-FIX-COMPLETE.md","DASHBOARD-FIX-COMPLETE.md","old-digitex-erp-bell24h","6949","2026-08-03","md","old-repo-clone-main-branch","."
3631,"DASHBOARD-QUICK-ACCESS-GUIDE.md","DASHBOARD-QUICK-ACCESS-GUIDE.md","old-digitex-erp-bell24h","9984","2026-08-03","md","old-repo-clone-main-branch","."
3632,"DAY2_COMPLETION_SUMMARY.md","DAY2_COMPLETION_SUMMARY.md","old-digitex-erp-bell24h","4688","2026-08-03","md","old-repo-clone-main-branch","."
3633,"DAY2_SETUP_INSTRUCTIONS.md","DAY2_SETUP_INSTRUCTIONS.md","old-digitex-erp-bell24h","3527","2026-08-03","md","old-repo-clone-main-branch","."
3634,"DELETE-CNAME-ADD-A-RECORD.md","DELETE-CNAME-ADD-A-RECORD.md","old-digitex-erp-bell24h","3809","2026-08-03","md","old-repo-clone-main-branch","."
3635,"DEMO-LOGIN-GUIDE.md","DEMO-LOGIN-GUIDE.md","old-digitex-erp-bell24h","5316","2026-08-03","md","old-repo-clone-main-branch","."
3636,"deploy-2step-verification.ps1","deploy-2step-verification.ps1","old-digitex-erp-bell24h","6902","2026-08-03","ps1","old-repo-clone-main-branch","."
3637,"DEPLOY-CLOUDFLARE-PAGES.md","DEPLOY-CLOUDFLARE-PAGES.md","old-digitex-erp-bell24h","7647","2026-08-03","md","old-repo-clone-main-branch","."
3638,"deploy-fast-html-site.ps1","deploy-fast-html-site.ps1","old-digitex-erp-bell24h","14198","2026-08-03","ps1","old-repo-clone-main-branch","."
3639,"deploy-html-clean.ps1","deploy-html-clean.ps1","old-digitex-erp-bell24h","4521","2026-08-03","ps1","old-repo-clone-main-branch","."
3640,"deploy-html-fast-site-fixed.ps1","deploy-html-fast-site-fixed.ps1","old-digitex-erp-bell24h","20232","2026-08-03","ps1","old-repo-clone-main-branch","."
3641,"deploy-html-fast-site.ps1","deploy-html-fast-site.ps1","old-digitex-erp-bell24h","25940","2026-08-03","ps1","old-repo-clone-main-branch","."
3642,"deploy-mobile-otp-registration-flow.ps1","deploy-mobile-otp-registration-flow.ps1","old-digitex-erp-bell24h","13257","2026-08-03","ps1","old-repo-clone-main-branch","."
3643,"deploy-now.ps1","deploy-now.ps1","old-digitex-erp-bell24h","530","2026-08-03","ps1","old-repo-clone-main-branch","."
3644,"DEPLOY-NOW.txt","DEPLOY-NOW.txt","old-digitex-erp-bell24h","1073","2026-08-03","txt","old-repo-clone-main-branch","."
3645,"deploy-oracle-vm.sh","deploy-oracle-vm.sh","old-digitex-erp-bell24h","4226","2026-08-03","sh","old-repo-clone-main-branch","."
3646,"deploy-script.sh","deploy-script.sh","old-digitex-erp-bell24h","1042","2026-08-03","sh","old-repo-clone-main-branch","."
3647,"deployment-config.json","deployment-config.json","old-digitex-erp-bell24h","797","2026-08-03","json","old-repo-clone-main-branch","."
3648,"DEPLOYMENT-CRASH-AUDIT-AND-FIX.md","DEPLOYMENT-CRASH-AUDIT-AND-FIX.md","old-digitex-erp-bell24h","8404","2026-08-03","md","old-repo-clone-main-branch","."
3649,"deployment-protection.cjs","deployment-protection.cjs","old-digitex-erp-bell24h","5587","2026-08-03","cjs","old-repo-clone-main-branch","."
3650,"DEPLOYMENT-STATUS-AND-FIX.md","DEPLOYMENT-STATUS-AND-FIX.md","old-digitex-erp-bell24h","6394","2026-08-03","md","old-repo-clone-main-branch","."
3651,"DEPLOYMENT-STATUS.md","DEPLOYMENT-STATUS.md","old-digitex-erp-bell24h","5362","2026-08-03","md","old-repo-clone-main-branch","."
3652,"DEPLOYMENT.md","DEPLOYMENT.md","old-digitex-erp-bell24h","7049","2026-08-03","md","old-repo-clone-main-branch","."
3653,"DEPLOYMENT_ACTION_PLAN.txt","DEPLOYMENT_ACTION_PLAN.txt","old-digitex-erp-bell24h","1207","2026-08-03","txt","old-repo-clone-main-branch","."
3654,"DEPLOYMENT_CHECKLIST.md","DEPLOYMENT_CHECKLIST.md","old-digitex-erp-bell24h","4026","2026-08-03","md","old-repo-clone-main-branch","."
3655,"DEPLOYMENT_FIX_COMPLETE.md","DEPLOYMENT_FIX_COMPLETE.md","old-digitex-erp-bell24h","5567","2026-08-03","md","old-repo-clone-main-branch","."
3656,"DEPLOYMENT_VERIFICATION_GUIDE.md","DEPLOYMENT_VERIFICATION_GUIDE.md","old-digitex-erp-bell24h","9492","2026-08-03","md","old-repo-clone-main-branch","."
3657,"deploy_existing_500_pages.ps1","deploy_existing_500_pages.ps1","old-digitex-erp-bell24h","7776","2026-08-03","ps1","old-repo-clone-main-branch","."
3658,"deploy_hero_fix.ps1","deploy_hero_fix.ps1","old-digitex-erp-bell24h","1258","2026-08-03","ps1","old-repo-clone-main-branch","."
3659,"deploy_homepage_fix.ps1","deploy_homepage_fix.ps1","old-digitex-erp-bell24h","1540","2026-08-03","ps1","old-repo-clone-main-branch","."
3660,"DETAILED-FILE-INVENTORY-2025.md","DETAILED-FILE-INVENTORY-2025.md","old-digitex-erp-bell24h","16530","2026-08-03","md","old-repo-clone-main-branch","."
3661,"DIAGNOSE-502-ERROR.sh","DIAGNOSE-502-ERROR.sh","old-digitex-erp-bell24h","2515","2026-08-03","sh","old-repo-clone-main-branch","."
3662,"disable-all-failing-workflows.ps1","disable-all-failing-workflows.ps1","old-digitex-erp-bell24h","1111","2026-08-03","ps1","old-repo-clone-main-branch","."
3663,"disable-webthinker.ps1","disable-webthinker.ps1","old-digitex-erp-bell24h","504","2026-08-03","ps1","old-repo-clone-main-branch","."
3664,"DNS-COMPLETE-NEXT-STEPS.md","DNS-COMPLETE-NEXT-STEPS.md","old-digitex-erp-bell24h","5717","2026-08-03","md","old-repo-clone-main-branch","."
3665,"DOCKER-BUILD-NOT-FROZEN-GUIDE.md","DOCKER-BUILD-NOT-FROZEN-GUIDE.md","old-digitex-erp-bell24h","5824","2026-08-03","md","old-repo-clone-main-branch","."
3666,"docker-compose.debug.yml","docker-compose.debug.yml","old-digitex-erp-bell24h","335","2026-08-03","yml","old-repo-clone-main-branch","."
3667,"docker-compose.perplexity.yml","docker-compose.perplexity.yml","old-digitex-erp-bell24h","336","2026-08-03","yml","old-repo-clone-main-branch","."
3668,"docker-compose.yml","docker-compose.yml","old-digitex-erp-bell24h","1370","2026-08-03","yml","old-repo-clone-main-branch","."
3669,"Dockerfile","Dockerfile","old-digitex-erp-bell24h","1401","2026-08-03","Dockerfile","old-repo-clone-main-branch","."
3670,"Dockerfile.client","Dockerfile.client","old-digitex-erp-bell24h","1793","2026-08-03","client","old-repo-clone-main-branch","."
3671,"Dockerfile.final","Dockerfile.final","old-digitex-erp-bell24h","1445","2026-08-03","final","old-repo-clone-main-branch","."
3672,"Dockerfile.fixed","Dockerfile.fixed","old-digitex-erp-bell24h","1405","2026-08-03","fixed","old-repo-clone-main-branch","."
3673,"Dockerfile.oracle","Dockerfile.oracle","old-digitex-erp-bell24h","1544","2026-08-03","oracle","old-repo-clone-main-branch","."
3674,"Dockerfile.oracle-fixed","Dockerfile.oracle-fixed","old-digitex-erp-bell24h","1682","2026-08-03","oracle-fixed","old-repo-clone-main-branch","."
3675,"swagger.json","docs/api/swagger.json","old-digitex-erp-bell24h","5666","2026-08-03","json","old-repo-clone-main-branch","docs/api"
3676,"BELL24H_SUPPLIER_ACQUISITION_ENGINE_V2.md","docs/BELL24H_SUPPLIER_ACQUISITION_ENGINE_V2.md","old-digitex-erp-bell24h","14059","2026-08-03","md","old-repo-clone-main-branch","docs"
3677,"openapi.yaml","docs/openapi.yaml","old-digitex-erp-bell24h","4326","2026-08-03","yaml","old-repo-clone-main-branch","docs"
3678,"PRODUCTION_SETUP.md","docs/PRODUCTION_SETUP.md","old-digitex-erp-bell24h","6648","2026-08-03","md","old-repo-clone-main-branch","docs"
3679,"README_EXPORT_SUMMARY.txt","docs/README_EXPORT_SUMMARY.txt","old-digitex-erp-bell24h","594","2026-08-03","txt","old-repo-clone-main-branch","docs"
3680,"package.json","Downloads/Pro/Bell24h/package.json","old-digitex-erp-bell24h","1711","2026-08-03","json","old-repo-clone-main-branch","Downloads/Pro/Bell24h"
3681,"e2e-test-mobile-otp.ps1","e2e-test-mobile-otp.ps1","old-digitex-erp-bell24h","7305","2026-08-03","ps1","old-repo-clone-main-branch","."
3682,"E2E_TESTING_CHECKLIST.md","E2E_TESTING_CHECKLIST.md","old-digitex-erp-bell24h","14300","2026-08-03","md","old-repo-clone-main-branch","."
3683,"ECG-MARKETING-IMPLEMENTATION-PLAN.md","ECG-MARKETING-IMPLEMENTATION-PLAN.md","old-digitex-erp-bell24h","8857","2026-08-03","md","old-repo-clone-main-branch","."
3684,"EMERGENCY-502-FIX-SCRIPT.sh","EMERGENCY-502-FIX-SCRIPT.sh","old-digitex-erp-bell24h","3933","2026-08-03","sh","old-repo-clone-main-branch","."
3685,"ENABLE-HTTPS-CLOUDFLARE.md","ENABLE-HTTPS-CLOUDFLARE.md","old-digitex-erp-bell24h","4391","2026-08-03","md","old-repo-clone-main-branch","."
3686,"env-list.txt","env-list.txt","old-digitex-erp-bell24h","800","2026-08-03","txt","old-repo-clone-main-branch","."
3687,"EVERYTHING-WORKING-WAIT-FOR-SSL.md","EVERYTHING-WORKING-WAIT-FOR-SSL.md","old-digitex-erp-bell24h","3751","2026-08-03","md","old-repo-clone-main-branch","."
3688,"explain_api.py","explain_api.py","old-digitex-erp-bell24h","1497","2026-08-03","py","old-repo-clone-main-branch","."
3689,"FEATURE-COMPARISON-TABLE.md","FEATURE-COMPARISON-TABLE.md","old-digitex-erp-bell24h","11669","2026-08-03","md","old-repo-clone-main-branch","."
3690,"FEATURE-COMPLETENESS-ANALYSIS.md","FEATURE-COMPLETENESS-ANALYSIS.md","old-digitex-erp-bell24h","7205","2026-08-03","md","old-repo-clone-main-branch","."
3691,"features_list.txt","features_list.txt","old-digitex-erp-bell24h","0","2026-08-03","txt","old-repo-clone-main-branch","."
3692,"FINAL-521-FIX.md","FINAL-521-FIX.md","old-digitex-erp-bell24h","6319","2026-08-03","md","old-repo-clone-main-branch","."
3693,"FINAL-AUDIT-SUMMARY-2025.md","FINAL-AUDIT-SUMMARY-2025.md","old-digitex-erp-bell24h","12527","2026-08-03","md","old-repo-clone-main-branch","."
3694,"FINAL-FEATURE-COMPARISON.md","FINAL-FEATURE-COMPARISON.md","old-digitex-erp-bell24h","12087","2026-08-03","md","old-repo-clone-main-branch","."
3695,"FINAL-STATUS-REPORT.md","FINAL-STATUS-REPORT.md","old-digitex-erp-bell24h","5090","2026-08-03","md","old-repo-clone-main-branch","."
3696,"FINAL_DEPLOYMENT_ORDER.md","FINAL_DEPLOYMENT_ORDER.md","old-digitex-erp-bell24h","6115","2026-08-03","md","old-repo-clone-main-branch","."
3697,"FINAL_DEPLOYMENT_STATUS_REPORT.md","FINAL_DEPLOYMENT_STATUS_REPORT.md","old-digitex-erp-bell24h","8372","2026-08-03","md","old-repo-clone-main-branch","."
3698,"find-server-port.cjs","find-server-port.cjs","old-digitex-erp-bell24h","3070","2026-08-03","cjs","old-repo-clone-main-branch","."
3699,"FIX-404-DNS-GUIDE.md","FIX-404-DNS-GUIDE.md","old-digitex-erp-bell24h","6158","2026-08-03","md","old-repo-clone-main-branch","."
3700,"FIX-502-ERROR.sh","FIX-502-ERROR.sh","old-digitex-erp-bell24h","2847","2026-08-03","sh","old-repo-clone-main-branch","."
3701,"FIX-521-ERROR.sh","FIX-521-ERROR.sh","old-digitex-erp-bell24h","4821","2026-08-03","sh","old-repo-clone-main-branch","."
3702,"FIX-521-QUICK-FIX.md","FIX-521-QUICK-FIX.md","old-digitex-erp-bell24h","4722","2026-08-03","md","old-repo-clone-main-branch","."
3703,"fix-build-error.sh","fix-build-error.sh","old-digitex-erp-bell24h","790","2026-08-03","sh","old-repo-clone-main-branch","."
3704,"FIX-BUILD-NOW.md","FIX-BUILD-NOW.md","old-digitex-erp-bell24h","2125","2026-08-03","md","old-repo-clone-main-branch","."
3705,"FIX-CLOUDFLARE-521-ERROR.md","FIX-CLOUDFLARE-521-ERROR.md","old-digitex-erp-bell24h","8914","2026-08-03","md","old-repo-clone-main-branch","."
3706,"FIX-CLOUDFLARE-AUTO.ps1","FIX-CLOUDFLARE-AUTO.ps1","old-digitex-erp-bell24h","3866","2026-08-03","ps1","old-repo-clone-main-branch","."
3707,"FIX-CLOUDFLARE-BUILD-FAILURE.md","FIX-CLOUDFLARE-BUILD-FAILURE.md","old-digitex-erp-bell24h","5539","2026-08-03","md","old-repo-clone-main-branch","."
3708,"FIX-CLOUDFLARE-DNS-CONFLICT.md","FIX-CLOUDFLARE-DNS-CONFLICT.md","old-digitex-erp-bell24h","4728","2026-08-03","md","old-repo-clone-main-branch","."
3709,"FIX-CLOUDFLARE-FINAL.ps1","FIX-CLOUDFLARE-FINAL.ps1","old-digitex-erp-bell24h","4390","2026-08-03","ps1","old-repo-clone-main-branch","."
3710,"FIX-CLOUDFLARE-MANUAL.txt","FIX-CLOUDFLARE-MANUAL.txt","old-digitex-erp-bell24h","1034","2026-08-03","txt","old-repo-clone-main-branch","."
3711,"FIX-CLOUDFLARE-PAGES-404.md","FIX-CLOUDFLARE-PAGES-404.md","old-digitex-erp-bell24h","2223","2026-08-03","md","old-repo-clone-main-branch","."
3712,"FIX-CLOUDFLARE-SUBMODULES.ps1","FIX-CLOUDFLARE-SUBMODULES.ps1","old-digitex-erp-bell24h","3315","2026-08-03","ps1","old-repo-clone-main-branch","."
3713,"fix-cloudflare.ps1","fix-cloudflare.ps1","old-digitex-erp-bell24h","1232","2026-08-03","ps1","old-repo-clone-main-branch","."
3714,"FIX-CONNECTION-TIMEOUT.md","FIX-CONNECTION-TIMEOUT.md","old-digitex-erp-bell24h","5749","2026-08-03","md","old-repo-clone-main-branch","."
3715,"FIX-DASHBOARD-COMPLETE-GUIDE.md","FIX-DASHBOARD-COMPLETE-GUIDE.md","old-digitex-erp-bell24h","4029","2026-08-03","md","old-repo-clone-main-branch","."
3716,"FIX-DISK-SPACE-AND-NGINX.sh","FIX-DISK-SPACE-AND-NGINX.sh","old-digitex-erp-bell24h","2615","2026-08-03","sh","old-repo-clone-main-branch","."
3717,"FIX-DNS-APP-N8N.md","FIX-DNS-APP-N8N.md","old-digitex-erp-bell24h","3625","2026-08-03","md","old-repo-clone-main-branch","."
3718,"FIX-DOCKER-BUILD-STANDALONE-ERROR.md","FIX-DOCKER-BUILD-STANDALONE-ERROR.md","old-digitex-erp-bell24h","1838","2026-08-03","md","old-repo-clone-main-branch","."
3719,"fix-docker-build.sh","fix-docker-build.sh","old-digitex-erp-bell24h","478","2026-08-03","sh","old-repo-clone-main-branch","."
3720,"fix-github-actions.ps1","fix-github-actions.ps1","old-digitex-erp-bell24h","6643","2026-08-03","ps1","old-repo-clone-main-branch","."
3721,"FIX-GITHUB-PUSH-FINAL.ps1","FIX-GITHUB-PUSH-FINAL.ps1","old-digitex-erp-bell24h","5827","2026-08-03","ps1","old-repo-clone-main-branch","."
3722,"FIX-GITHUB-SECRET.md","FIX-GITHUB-SECRET.md","old-digitex-erp-bell24h","3799","2026-08-03","md","old-repo-clone-main-branch","."
3723,"FIX-LOGIN-COOKIE.md","FIX-LOGIN-COOKIE.md","old-digitex-erp-bell24h","1975","2026-08-03","md","old-repo-clone-main-branch","."
3724,"fix-lucide-imports.ps1","fix-lucide-imports.ps1","old-digitex-erp-bell24h","1941","2026-08-03","ps1","old-repo-clone-main-branch","."
3725,"FIX-MERGE-CONFLICTS.ps1","FIX-MERGE-CONFLICTS.ps1","old-digitex-erp-bell24h","4729","2026-08-03","ps1","old-repo-clone-main-branch","."
3726,"FIX-MISSING-PAGES.md","FIX-MISSING-PAGES.md","old-digitex-erp-bell24h","1422","2026-08-03","md","old-repo-clone-main-branch","."
3727,"FIX-N8N-502.sh","FIX-N8N-502.sh","old-digitex-erp-bell24h","2607","2026-08-03","sh","old-repo-clone-main-branch","."
3728,"FIX-NODE-MODULES-SUBMODULE.ps1","FIX-NODE-MODULES-SUBMODULE.ps1","old-digitex-erp-bell24h","5040","2026-08-03","ps1","old-repo-clone-main-branch","."
3729,"FIX-PORT-80-CONFLICT.sh","FIX-PORT-80-CONFLICT.sh","old-digitex-erp-bell24h","4240","2026-08-03","sh","old-repo-clone-main-branch","."
3730,"FIX-PORT-80-QUICK.txt","FIX-PORT-80-QUICK.txt","old-digitex-erp-bell24h","2328","2026-08-03","txt","old-repo-clone-main-branch","."
3731,"FIX-PUSH-ERROR.ps1","FIX-PUSH-ERROR.ps1","old-digitex-erp-bell24h","5380","2026-08-03","ps1","old-repo-clone-main-branch","."
3732,"FIX-RECURSIVE-BUILD-ERROR.md","FIX-RECURSIVE-BUILD-ERROR.md","old-digitex-erp-bell24h","4138","2026-08-03","md","old-repo-clone-main-branch","."
3733,"fix-secret.sh","fix-secret.sh","old-digitex-erp-bell24h","240","2026-08-03","sh","old-repo-clone-main-branch","."
3734,"FIX-SSH-KEY-ISSUE.md","FIX-SSH-KEY-ISSUE.md","old-digitex-erp-bell24h","5299","2026-08-03","md","old-repo-clone-main-branch","."
3735,"FIX-SSL-AND-N8N.md","FIX-SSL-AND-N8N.md","old-digitex-erp-bell24h","6570","2026-08-03","md","old-repo-clone-main-branch","."
3736,"FIX-SUBMODULE-CLOUDFLARE.md","FIX-SUBMODULE-CLOUDFLARE.md","old-digitex-erp-bell24h","2728","2026-08-03","md","old-repo-clone-main-branch","."
3737,"FIX-SUBMODULE-ERROR-FINAL.ps1","FIX-SUBMODULE-ERROR-FINAL.ps1","old-digitex-erp-bell24h","4558","2026-08-03","ps1","old-repo-clone-main-branch","."
3738,"FIX-SUBMODULES-COMPLETE.ps1","FIX-SUBMODULES-COMPLETE.ps1","old-digitex-erp-bell24h","5234","2026-08-03","ps1","old-repo-clone-main-branch","."
3739,"FIX-SUPPLIERS-PAGE-ERROR.md","FIX-SUPPLIERS-PAGE-ERROR.md","old-digitex-erp-bell24h","463","2026-08-03","md","old-repo-clone-main-branch","."
3740,"fix-unescaped-entities.ps1","fix-unescaped-entities.ps1","old-digitex-erp-bell24h","962","2026-08-03","ps1","old-repo-clone-main-branch","."
3741,"FIXES_APPLIED.md","FIXES_APPLIED.md","old-digitex-erp-bell24h","3734","2026-08-03","md","old-repo-clone-main-branch","."
3742,"fix_build_error.ps1","fix_build_error.ps1","old-digitex-erp-bell24h","1031","2026-08-03","ps1","old-repo-clone-main-branch","."
3743,"fix_build_errors.ps1","fix_build_errors.ps1","old-digitex-erp-bell24h","3740","2026-08-03","ps1","old-repo-clone-main-branch","."
3744,"fix_build_error_final.ps1","fix_build_error_final.ps1","old-digitex-erp-bell24h","17068","2026-08-03","ps1","old-repo-clone-main-branch","."
3745,"fix_icons.ps1","fix_icons.ps1","old-digitex-erp-bell24h","1024","2026-08-03","ps1","old-repo-clone-main-branch","."
3746,"force-push-all.ps1","force-push-all.ps1","old-digitex-erp-bell24h","971","2026-08-03","ps1","old-repo-clone-main-branch","."
3747,"GITHUB-ACTIONS-SETUP.md","GITHUB-ACTIONS-SETUP.md","old-digitex-erp-bell24h","5462","2026-08-03","md","old-repo-clone-main-branch","."
3748,"GITHUB-ORACLE-AUTO-DEPLOY-GUIDE.md","GITHUB-ORACLE-AUTO-DEPLOY-GUIDE.md","old-digitex-erp-bell24h","10025","2026-08-03","md","old-repo-clone-main-branch","."
3749,"github-setup-commands.txt","github-setup-commands.txt","old-digitex-erp-bell24h","1185","2026-08-03","txt","old-repo-clone-main-branch","."
3750,"gitkraken.env","gitkraken.env","old-digitex-erp-bell24h","199","2026-08-03","env","old-repo-clone-main-branch","."
3751,"GIT_REPOSITORY_FIX_COMPLETE.md","GIT_REPOSITORY_FIX_COMPLETE.md","old-digitex-erp-bell24h","4078","2026-08-03","md","old-repo-clone-main-branch","."
3752,"hardhat.config.cjs","hardhat.config.cjs","old-digitex-erp-bell24h","1637","2026-08-03","cjs","old-repo-clone-main-branch","."
3753,"hell -ExecutionPolicy Bypass -File commit-and-push-fix.ps1","hell -ExecutionPolicy Bypass -File commit-and-push-fix.ps1","old-digitex-erp-bell24h","640","2026-08-03","ps1","old-repo-clone-main-branch","."
3754,"HOMEPAGE_BUILD_COMPLETE.md","HOMEPAGE_BUILD_COMPLETE.md","old-digitex-erp-bell24h","10211","2026-08-03","md","old-repo-clone-main-branch","."
3755,"HYBRID-APPROACH-COMPLETE-GUIDE.md","HYBRID-APPROACH-COMPLETE-GUIDE.md","old-digitex-erp-bell24h","11166","2026-08-03","md","old-repo-clone-main-branch","."
3756,"IMMEDIATE-502-FIX.sh","IMMEDIATE-502-FIX.sh","old-digitex-erp-bell24h","3471","2026-08-03","sh","old-repo-clone-main-branch","."
3757,"IMMEDIATE-FIX-COMMANDS.txt","IMMEDIATE-FIX-COMMANDS.txt","old-digitex-erp-bell24h","1864","2026-08-03","txt","old-repo-clone-main-branch","."
3758,"jest.config.cjs","jest.config.cjs","old-digitex-erp-bell24h","897","2026-08-03","cjs","old-repo-clone-main-branch","."
3759,"jest.integration.config.cjs","jest.integration.config.cjs","old-digitex-erp-bell24h","1353","2026-08-03","cjs","old-repo-clone-main-branch","."
3760,"JSON-SYNTAX-ERROR-FIX-REPORT.md","JSON-SYNTAX-ERROR-FIX-REPORT.md","old-digitex-erp-bell24h","4176","2026-08-03","md","old-repo-clone-main-branch","."
3761,"LAUNCH_DAY_SCHEDULE.md","LAUNCH_DAY_SCHEDULE.md","old-digitex-erp-bell24h","6880","2026-08-03","md","old-repo-clone-main-branch","."
3762,"LAUNCH_PREPARATION_NOV_22.md","LAUNCH_PREPARATION_NOV_22.md","old-digitex-erp-bell24h","4294","2026-08-03","md","old-repo-clone-main-branch","."
3763,"LAUNCH_READY_SUMMARY.md","LAUNCH_READY_SUMMARY.md","old-digitex-erp-bell24h","6776","2026-08-03","md","old-repo-clone-main-branch","."
3764,"LAUNCH_SOCIAL_MEDIA_POSTS.md","LAUNCH_SOCIAL_MEDIA_POSTS.md","old-digitex-erp-bell24h","4862","2026-08-03","md","old-repo-clone-main-branch","."
3765,"package-lock.json","load-testing/package-lock.json","old-digitex-erp-bell24h","332717","2026-08-03","json","old-repo-clone-main-branch","load-testing"
3766,"package.json","load-testing/package.json","old-digitex-erp-bell24h","3110","2026-08-03","json","old-repo-clone-main-branch","load-testing"
3767,"tsconfig.json","load-testing/tsconfig.json","old-digitex-erp-bell24h","1384","2026-08-03","json","old-repo-clone-main-branch","load-testing"
3768,"LOCAL_SETUP_GUIDE.md","LOCAL_SETUP_GUIDE.md","old-digitex-erp-bell24h","4109","2026-08-03","md","old-repo-clone-main-branch","."
3769,"MANUAL-FIX-COMMANDS.txt","MANUAL-FIX-COMMANDS.txt","old-digitex-erp-bell24h","1540","2026-08-03","txt","old-repo-clone-main-branch","."
3770,"MANUAL-SSL-SETUP-STEPS.md","MANUAL-SSL-SETUP-STEPS.md","old-digitex-erp-bell24h","7813","2026-08-03","md","old-repo-clone-main-branch","."
3771,"MANUAL_GITKRAKEN_SETUP.txt","MANUAL_GITKRAKEN_SETUP.txt","old-digitex-erp-bell24h","2789","2026-08-03","txt","old-repo-clone-main-branch","."
3772,"whatsapp-messages.txt","marketing/whatsapp-messages.txt","old-digitex-erp-bell24h","1326","2026-08-03","txt","old-repo-clone-main-branch","marketing"
3773,"MARKETING_PLAN_COMPANY_PROFILE_CLAIMING.md","MARKETING_PLAN_COMPANY_PROFILE_CLAIMING.md","old-digitex-erp-bell24h","12619","2026-08-03","md","old-repo-clone-main-branch","."
3774,"mcp-gitkraken.json","mcp-gitkraken.json","old-digitex-erp-bell24h","363","2026-08-03","json","old-repo-clone-main-branch","."
3775,"mcp_config.json","mcp_config.json","old-digitex-erp-bell24h","1802","2026-08-03","json","old-repo-clone-main-branch","."
3776,"MIGRATION-CLOUDFLARE-PAGES.md","MIGRATION-CLOUDFLARE-PAGES.md","old-digitex-erp-bell24h","610","2026-08-03","md","old-repo-clone-main-branch","."
3777,"MIGRATION_ACTION_PLAN.txt","MIGRATION_ACTION_PLAN.txt","old-digitex-erp-bell24h","1640","2026-08-03","txt","old-repo-clone-main-branch","."
3778,"MINIMAX_SETUP.md","MINIMAX_SETUP.md","old-digitex-erp-bell24h","7009","2026-08-03","md","old-repo-clone-main-branch","."
3779,"mobile-otp-only-deploy.ps1","mobile-otp-only-deploy.ps1","old-digitex-erp-bell24h","6323","2026-08-03","ps1","old-repo-clone-main-branch","."
3780,"MOBILE_OTP_ERROR_HANDLING.md","MOBILE_OTP_ERROR_HANDLING.md","old-digitex-erp-bell24h","5088","2026-08-03","md","old-repo-clone-main-branch","."
3781,"MOVE-TO-PORT-80.md","MOVE-TO-PORT-80.md","old-digitex-erp-bell24h","2863","2026-08-03","md","old-repo-clone-main-branch","."
3782,"MSG91_INTEGRATION_COMPLETE.md","MSG91_INTEGRATION_COMPLETE.md","old-digitex-erp-bell24h","13055","2026-08-03","md","old-repo-clone-main-branch","."
3783,"MSG91_QUICK_SETUP.md","MSG91_QUICK_SETUP.md","old-digitex-erp-bell24h","3876","2026-08-03","md","old-repo-clone-main-branch","."
3784,"MSG91_SETUP_COMPLETE.md","MSG91_SETUP_COMPLETE.md","old-digitex-erp-bell24h","4901","2026-08-03","md","old-repo-clone-main-branch","."
3785,"MSG91_VIDEO_IMPLEMENTATION_COMPLETE.md","MSG91_VIDEO_IMPLEMENTATION_COMPLETE.md","old-digitex-erp-bell24h","13109","2026-08-03","md","old-repo-clone-main-branch","."
3786,"bell24h-integration.workflow.json","n8n/workflows/bell24h-integration.workflow.json","old-digitex-erp-bell24h","5429","2026-08-03","json","old-repo-clone-main-branch","n8n/workflows"
3787,"category-analytics.workflow.json","n8n/workflows/category-analytics.workflow.json","old-digitex-erp-bell24h","7433","2026-08-03","json","old-repo-clone-main-branch","n8n/workflows"
3788,"category-seo-automation.workflow.json","n8n/workflows/category-seo-automation.workflow.json","old-digitex-erp-bell24h","13282","2026-08-03","json","old-repo-clone-main-branch","n8n/workflows"
3789,"escrow.workflow.json","n8n/workflows/escrow.workflow.json","old-digitex-erp-bell24h","1388","2026-08-03","json","old-repo-clone-main-branch","n8n/workflows"
3790,"mock-order-generation.workflow.json","n8n/workflows/mock-order-generation.workflow.json","old-digitex-erp-bell24h","10348","2026-08-03","json","old-repo-clone-main-branch","n8n/workflows"
3791,"rfq.workflow.json","n8n/workflows/rfq.workflow.json","old-digitex-erp-bell24h","1168","2026-08-03","json","old-repo-clone-main-branch","n8n/workflows"
3792,"user.onboarding.workflow.json","n8n/workflows/user.onboarding.workflow.json","old-digitex-erp-bell24h","1139","2026-08-03","json","old-repo-clone-main-branch","n8n/workflows"
3793,"N8N-RUNNING-FIX-SSL.md","N8N-RUNNING-FIX-SSL.md","old-digitex-erp-bell24h","4657","2026-08-03","md","old-repo-clone-main-branch","."
3794,"N8N-WORKFLOW-A-E-MICRO-LEVEL-GUIDE.md","N8N-WORKFLOW-A-E-MICRO-LEVEL-GUIDE.md","old-digitex-erp-bell24h","17507","2026-08-03","md","old-repo-clone-main-branch","."
3795,"supplier-onboarding-welcome-email.json","n8n-workflows/supplier-onboarding-welcome-email.json","old-digitex-erp-bell24h","1926","2026-08-03","json","old-repo-clone-main-branch","n8n-workflows"
3796,"supplier-onboarding-welcome-sms.json","n8n-workflows/supplier-onboarding-welcome-sms.json","old-digitex-erp-bell24h","2227","2026-08-03","json","old-repo-clone-main-branch","n8n-workflows"
3797,"N8N_IMPORT_CONFIGURATION_GUIDE.md","N8N_IMPORT_CONFIGURATION_GUIDE.md","old-digitex-erp-bell24h","10973","2026-08-03","md","old-repo-clone-main-branch","."
3798,"N8N_SETUP_QUICK_REFERENCE.md","N8N_SETUP_QUICK_REFERENCE.md","old-digitex-erp-bell24h","5374","2026-08-03","md","old-repo-clone-main-branch","."
3799,"N8N_WORKFLOWS_COMPLETE.md","N8N_WORKFLOWS_COMPLETE.md","old-digitex-erp-bell24h","2989","2026-08-03","md","old-repo-clone-main-branch","."
3800,"N8N_WORKFLOW_AUDIT_GUIDE.md","N8N_WORKFLOW_AUDIT_GUIDE.md","old-digitex-erp-bell24h","6563","2026-08-03","md","old-repo-clone-main-branch","."
3801,"netlify.toml","netlify.toml","old-digitex-erp-bell24h","681","2026-08-03","toml","old-repo-clone-main-branch","."
3802,"NEXT-STEPS-TODO-LIST.md","NEXT-STEPS-TODO-LIST.md","old-digitex-erp-bell24h","5890","2026-08-03","md","old-repo-clone-main-branch","."
3803,"next.config.cjs","next.config.cjs","old-digitex-erp-bell24h","860","2026-08-03","cjs","old-repo-clone-main-branch","."
3804,"nixpacks.toml","nixpacks.toml","old-digitex-erp-bell24h","195","2026-08-03","toml","old-repo-clone-main-branch","."
3805,"NO-Q-PREFIX-AUTOMATION.ps1","NO-Q-PREFIX-AUTOMATION.ps1","old-digitex-erp-bell24h","6021","2026-08-03","ps1","old-repo-clone-main-branch","."
3806,"NON-CODER-DEPLOYMENT-PRIORITY-GUIDE.md","NON-CODER-DEPLOYMENT-PRIORITY-GUIDE.md","old-digitex-erp-bell24h","14976","2026-08-03","md","old-repo-clone-main-branch","."
3807,"NOV-20-LAUNCH-CHECKLIST.md","NOV-20-LAUNCH-CHECKLIST.md","old-digitex-erp-bell24h","11602","2026-08-03","md","old-repo-clone-main-branch","."
3808,"nuclear_fix.ps1","nuclear_fix.ps1","old-digitex-erp-bell24h","1165","2026-08-03","ps1","old-repo-clone-main-branch","."
3809,"nuclear_fix_all.ps1","nuclear_fix_all.ps1","old-digitex-erp-bell24h","1499","2026-08-03","ps1","old-repo-clone-main-branch","."
3810,"ONE-PAGE-BRUTAL-TRUTH-REVENUE-SUMMARY.md","ONE-PAGE-BRUTAL-TRUTH-REVENUE-SUMMARY.md","old-digitex-erp-bell24h","2536","2026-08-03","md","old-repo-clone-main-branch","."
3811,"openapitools.json","openapitools.json","old-digitex-erp-bell24h","161","2026-08-03","json","old-repo-clone-main-branch","."
3812,".env.example","oracle/.env.example","old-digitex-erp-bell24h","809","2026-08-03","example","old-repo-clone-main-branch","oracle"
3813,"default.json","oracle/config/default.json","old-digitex-erp-bell24h","465","2026-08-03","json","old-repo-clone-main-branch","oracle/config"
3814,"package.json","oracle/package.json","old-digitex-erp-bell24h","617","2026-08-03","json","old-repo-clone-main-branch","oracle"
3815,"ORACLE-CLOUD-DEPLOYMENT-GUIDE.md","ORACLE-CLOUD-DEPLOYMENT-GUIDE.md","old-digitex-erp-bell24h","8069","2026-08-03","md","old-repo-clone-main-branch","."
3816,"complete-categories.sql","oracle-cloud-n8n/database/complete-categories.sql","old-digitex-erp-bell24h","17716","2026-08-03","sql","old-repo-clone-main-branch","oracle-cloud-n8n/database"
3817,"missing-tables.sql","oracle-cloud-n8n/database/missing-tables.sql","old-digitex-erp-bell24h","6814","2026-08-03","sql","old-repo-clone-main-branch","oracle-cloud-n8n/database"
3818,"docker-compose.yml","oracle-cloud-n8n/docker-compose.yml","old-digitex-erp-bell24h","2384","2026-08-03","yml","old-repo-clone-main-branch","oracle-cloud-n8n"
3819,"README.md","oracle-cloud-n8n/README.md","old-digitex-erp-bell24h","5394","2026-08-03","md","old-repo-clone-main-branch","oracle-cloud-n8n"
3820,"setup-oracle-cloud.sh","oracle-cloud-n8n/setup-oracle-cloud.sh","old-digitex-erp-bell24h","4013","2026-08-03","sh","old-repo-clone-main-branch","oracle-cloud-n8n"
3821,"lead-test-data.json","oracle-cloud-n8n/test-data/lead-test-data.json","old-digitex-erp-bell24h","1524","2026-08-03","json","old-repo-clone-main-branch","oracle-cloud-n8n/test-data"
3822,"rfq-test-data.json","oracle-cloud-n8n/test-data/rfq-test-data.json","old-digitex-erp-bell24h","941","2026-08-03","json","old-repo-clone-main-branch","oracle-cloud-n8n/test-data"
3823,"bell24h-ai-category-worker-complete.json","oracle-cloud-n8n/workflows/bell24h-ai-category-worker-complete.json","old-digitex-erp-bell24h","28815","2026-08-03","json","old-repo-clone-main-branch","oracle-cloud-n8n/workflows"
3824,"bell24h-ai-category-worker-with-db.json","oracle-cloud-n8n/workflows/bell24h-ai-category-worker-with-db.json","old-digitex-erp-bell24h","21223","2026-08-03","json","old-repo-clone-main-branch","oracle-cloud-n8n/workflows"
3825,"bell24h-ai-category-worker.json","oracle-cloud-n8n/workflows/bell24h-ai-category-worker.json","old-digitex-erp-bell24h","14458","2026-08-03","json","old-repo-clone-main-branch","oracle-cloud-n8n/workflows"
3826,"bell24h-ai-scraper-master-with-db.json","oracle-cloud-n8n/workflows/bell24h-ai-scraper-master-with-db.json","old-digitex-erp-bell24h","15710","2026-08-03","json","old-repo-clone-main-branch","oracle-cloud-n8n/workflows"
3827,"bell24h-ai-scraper-master.json","oracle-cloud-n8n/workflows/bell24h-ai-scraper-master.json","old-digitex-erp-bell24h","16305","2026-08-03","json","old-repo-clone-main-branch","oracle-cloud-n8n/workflows"
3828,"bell24h-lead-scoring-complete.json","oracle-cloud-n8n/workflows/bell24h-lead-scoring-complete.json","old-digitex-erp-bell24h","16684","2026-08-03","json","old-repo-clone-main-branch","oracle-cloud-n8n/workflows"
3829,"bell24h-lead-scoring-with-db.json","oracle-cloud-n8n/workflows/bell24h-lead-scoring-with-db.json","old-digitex-erp-bell24h","19148","2026-08-03","json","old-repo-clone-main-branch","oracle-cloud-n8n/workflows"
3830,"bell24h-lead-scoring.json","oracle-cloud-n8n/workflows/bell24h-lead-scoring.json","old-digitex-erp-bell24h","4594","2026-08-03","json","old-repo-clone-main-branch","oracle-cloud-n8n/workflows"
3831,"bell24h-rfq-notification-complete.json","oracle-cloud-n8n/workflows/bell24h-rfq-notification-complete.json","old-digitex-erp-bell24h","9992","2026-08-03","json","old-repo-clone-main-branch","oracle-cloud-n8n/workflows"
3832,"bell24h-rfq-notification-fixed.json","oracle-cloud-n8n/workflows/bell24h-rfq-notification-fixed.json","old-digitex-erp-bell24h","8510","2026-08-03","json","old-repo-clone-main-branch","oracle-cloud-n8n/workflows"
3833,"bell24h-rfq-notification-with-db.json","oracle-cloud-n8n/workflows/bell24h-rfq-notification-with-db.json","old-digitex-erp-bell24h","14708","2026-08-03","json","old-repo-clone-main-branch","oracle-cloud-n8n/workflows"
3834,"bell24h-rfq-notification.json","oracle-cloud-n8n/workflows/bell24h-rfq-notification.json","old-digitex-erp-bell24h","3364","2026-08-03","json","old-repo-clone-main-branch","oracle-cloud-n8n/workflows"
3835,"nano-banana-enrichment.json","oracle-cloud-n8n/workflows/nano-banana-enrichment.json","old-digitex-erp-bell24h","14750","2026-08-03","json","old-repo-clone-main-branch","oracle-cloud-n8n/workflows"
3836,"ORACLE-VM-DEPLOYMENT-GUIDE.md","ORACLE-VM-DEPLOYMENT-GUIDE.md","old-digitex-erp-bell24h","7080","2026-08-03","md","old-repo-clone-main-branch","."
3837,"package-lock.json","package-lock.json","old-digitex-erp-bell24h","622833","2026-08-03","json","old-repo-clone-main-branch","."
3838,"package.json","package.json","old-digitex-erp-bell24h","5577","2026-08-03","json","old-repo-clone-main-branch","."
3839,"page-test-report.json","page-test-report.json","old-digitex-erp-bell24h","5384","2026-08-03","json","old-repo-clone-main-branch","."
3840,"page-verification-report.json","page-verification-report.json","old-digitex-erp-bell24h","41085","2026-08-03","json","old-repo-clone-main-branch","."
3841,"PAYMENT_DEPLOYMENT_CHECKLIST.md","PAYMENT_DEPLOYMENT_CHECKLIST.md","old-digitex-erp-bell24h","5765","2026-08-03","md","old-repo-clone-main-branch","."
3842,"PAYMENT_FLOW_TEST_RESULTS.md","PAYMENT_FLOW_TEST_RESULTS.md","old-digitex-erp-bell24h","4336","2026-08-03","md","old-repo-clone-main-branch","."
3843,"PAYMENT_INTEGRATION_GUIDE.md","PAYMENT_INTEGRATION_GUIDE.md","old-digitex-erp-bell24h","7849","2026-08-03","md","old-repo-clone-main-branch","."
3844,"PAYMENT_INTEGRATION_REPORT.md","PAYMENT_INTEGRATION_REPORT.md","old-digitex-erp-bell24h","6491","2026-08-03","md","old-repo-clone-main-branch","."
3845,"PERMANENT-Q-PREFIX-FIX.sh","PERMANENT-Q-PREFIX-FIX.sh","old-digitex-erp-bell24h","6672","2026-08-03","sh","old-repo-clone-main-branch","."
3846,"postcss.config.cjs","postcss.config.cjs","old-digitex-erp-bell24h","101","2026-08-03","cjs","old-repo-clone-main-branch","."
3847,"POST_AUDIT_PROTOCOL_COMPLETE.md","POST_AUDIT_PROTOCOL_COMPLETE.md","old-digitex-erp-bell24h","3546","2026-08-03","md","old-repo-clone-main-branch","."
3848,"POST_AUDIT_PROTOCOL_IMPLEMENTATION_SUMMARY.md","POST_AUDIT_PROTOCOL_IMPLEMENTATION_SUMMARY.md","old-digitex-erp-bell24h","5984","2026-08-03","md","old-repo-clone-main-branch","."
3849,"migration.sql","prisma/migrations/20260212184226_init/migration.sql","old-digitex-erp-bell24h","5527","2026-08-03","sql","old-repo-clone-main-branch","prisma/migrations/20260212184226_init"
3850,"migration_lock.toml","prisma/migrations/migration_lock.toml","old-digitex-erp-bell24h","124","2026-08-03","toml","old-repo-clone-main-branch","prisma/migrations"
3851,"PRISMA_FIX_COMPLETE.md","PRISMA_FIX_COMPLETE.md","old-digitex-erp-bell24h","4556","2026-08-03","md","old-repo-clone-main-branch","."
3852,"production.env.template","production.env.template","old-digitex-erp-bell24h","1751","2026-08-03","template","old-repo-clone-main-branch","."
3853,"PRODUCTION_DEPLOYMENT_SUMMARY.md","PRODUCTION_DEPLOYMENT_SUMMARY.md","old-digitex-erp-bell24h","5829","2026-08-03","md","old-repo-clone-main-branch","."
3854,"PROJECT-ENHANCEMENT-SUMMARY.md","PROJECT-ENHANCEMENT-SUMMARY.md","old-digitex-erp-bell24h","6915","2026-08-03","md","old-repo-clone-main-branch","."
3855,"PROJECT-STATUS-CHECK.md","PROJECT-STATUS-CHECK.md","old-digitex-erp-bell24h","3880","2026-08-03","md","old-repo-clone-main-branch","."
3856,"project_structure.txt","project_structure.txt","old-digitex-erp-bell24h","14336948","2026-08-03","txt","old-repo-clone-main-branch","."
3857,"common.json","public/locales/en/common.json","old-digitex-erp-bell24h","7432","2026-08-03","json","old-repo-clone-main-branch","public/locales/en"
3858,"common.json","public/locales/hi/common.json","old-digitex-erp-bell24h","788","2026-08-03","json","old-repo-clone-main-branch","public/locales/hi"
3859,"dashboard.json","public/locales/hi/dashboard.json","old-digitex-erp-bell24h","502","2026-08-03","json","old-repo-clone-main-branch","public/locales/hi"
3860,"manifest.json","public/manifest.json","old-digitex-erp-bell24h","4511","2026-08-03","json","old-repo-clone-main-branch","public"
3861,"robots.txt","public/robots.txt","old-digitex-erp-bell24h","1429","2026-08-03","txt","old-repo-clone-main-branch","public"
3862,"temple-bell.mp3.txt","public/sounds/temple-bell.mp3.txt","old-digitex-erp-bell24h","721","2026-08-03","txt","old-repo-clone-main-branch","public/sounds"
3863,"QUICK-502-DIAGNOSIS.md","QUICK-502-DIAGNOSIS.md","old-digitex-erp-bell24h","7021","2026-08-03","md","old-repo-clone-main-branch","."
3864,"QUICK-DEPLOY-ORACLE.md","QUICK-DEPLOY-ORACLE.md","old-digitex-erp-bell24h","3128","2026-08-03","md","old-repo-clone-main-branch","."
3865,"quick-deploy.cjs","quick-deploy.cjs","old-digitex-erp-bell24h","6144","2026-08-03","cjs","old-repo-clone-main-branch","."
3866,"QUICK-DIAGNOSTIC-COMMANDS.sh","QUICK-DIAGNOSTIC-COMMANDS.sh","old-digitex-erp-bell24h","1322","2026-08-03","sh","old-repo-clone-main-branch","."
3867,"QUICK-FIX-N8N.sh","QUICK-FIX-N8N.sh","old-digitex-erp-bell24h","1798","2026-08-03","sh","old-repo-clone-main-branch","."
3868,"QUICK-FIX-TIMEOUT.md","QUICK-FIX-TIMEOUT.md","old-digitex-erp-bell24h","1828","2026-08-03","md","old-repo-clone-main-branch","."
3869,"quick-platform-test.cjs","quick-platform-test.cjs","old-digitex-erp-bell24h","7850","2026-08-03","cjs","old-repo-clone-main-branch","."
3870,"QUICK-ROLLBACK.sh","QUICK-ROLLBACK.sh","old-digitex-erp-bell24h","1959","2026-08-03","sh","old-repo-clone-main-branch","."
3871,"QUICK-START-AUTO-DEPLOY.md","QUICK-START-AUTO-DEPLOY.md","old-digitex-erp-bell24h","2125","2026-08-03","md","old-repo-clone-main-branch","."
3872,"quick-status-check.cjs","quick-status-check.cjs","old-digitex-erp-bell24h","914","2026-08-03","cjs","old-repo-clone-main-branch","."
3873,"QUICK_DEPLOYMENT_STEPS.txt","QUICK_DEPLOYMENT_STEPS.txt","old-digitex-erp-bell24h","1363","2026-08-03","txt","old-repo-clone-main-branch","."
3874,"QUICK_DEPLOYMENT_TEST.txt","QUICK_DEPLOYMENT_TEST.txt","old-digitex-erp-bell24h","10478","2026-08-03","txt","old-repo-clone-main-branch","."
3875,"QUICK_DEPLOY_COMMANDS.txt","QUICK_DEPLOY_COMMANDS.txt","old-digitex-erp-bell24h","2004","2026-08-03","txt","old-repo-clone-main-branch","."
3876,"QUICK_DEPLOY_GUIDE.md","QUICK_DEPLOY_GUIDE.md","old-digitex-erp-bell24h","3646","2026-08-03","md","old-repo-clone-main-branch","."
3877,"QUICK_START_PRODUCTION.md","QUICK_START_PRODUCTION.md","old-digitex-erp-bell24h","1583","2026-08-03","md","old-repo-clone-main-branch","."
3878,"railway.env.example","railway.env.example","old-digitex-erp-bell24h","451","2026-08-03","example","old-repo-clone-main-branch","."
3879,"railway.json","railway.json","old-digitex-erp-bell24h","193","2026-08-03","json","old-repo-clone-main-branch","."
3880,"railway.toml","railway.toml","old-digitex-erp-bell24h","130","2026-08-03","toml","old-repo-clone-main-branch","."
3881,"RE-RUN-DEPLOYMENT.md","RE-RUN-DEPLOYMENT.md","old-digitex-erp-bell24h","3250","2026-08-03","md","old-repo-clone-main-branch","."
3882,"README.md","README.md","old-digitex-erp-bell24h","901","2026-08-03","md","old-repo-clone-main-branch","."
3883,"README_DATABASE_ALTERNATIVES.md","README_DATABASE_ALTERNATIVES.md","old-digitex-erp-bell24h","2145","2026-08-03","md","old-repo-clone-main-branch","."
3884,"REMOVE-FROM-HISTORY.ps1","REMOVE-FROM-HISTORY.ps1","old-digitex-erp-bell24h","3878","2026-08-03","ps1","old-repo-clone-main-branch","."
3885,"REMOVE-LARGE-FILES.ps1","REMOVE-LARGE-FILES.ps1","old-digitex-erp-bell24h","4522","2026-08-03","ps1","old-repo-clone-main-branch","."
3886,"REMOVE-NETLIFY-SIMPLE.ps1","REMOVE-NETLIFY-SIMPLE.ps1","old-digitex-erp-bell24h","3877","2026-08-03","ps1","old-repo-clone-main-branch","."
3887,"request_body.json","request_body.json","old-digitex-erp-bell24h","80","2026-08-03","json","old-repo-clone-main-branch","."
3888,"REVENUECAT_INTEGRATION_TEST_RESULTS.md","REVENUECAT_INTEGRATION_TEST_RESULTS.md","old-digitex-erp-bell24h","3392","2026-08-03","md","old-repo-clone-main-branch","."
3889,"RUN-EMERGENCY-FIX-NOW.sh","RUN-EMERGENCY-FIX-NOW.sh","old-digitex-erp-bell24h","2906","2026-08-03","sh","old-repo-clone-main-branch","."
3890,"run-seed.sh","run-seed.sh","old-digitex-erp-bell24h","5139","2026-08-03","sh","old-repo-clone-main-branch","."
3891,"audit-pages.cjs","scripts/audit-pages.cjs","old-digitex-erp-bell24h","17292","2026-08-03","cjs","old-repo-clone-main-branch","scripts"
3892,"backup-vercel-production.cjs","scripts/backup-vercel-production.cjs","old-digitex-erp-bell24h","6117","2026-08-03","cjs","old-repo-clone-main-branch","scripts"
3893,"backup.cjs","scripts/backup.cjs","old-digitex-erp-bell24h","1723","2026-08-03","cjs","old-repo-clone-main-branch","scripts"
3894,"create-staging-environment.cjs","scripts/create-staging-environment.cjs","old-digitex-erp-bell24h","12478","2026-08-03","cjs","old-repo-clone-main-branch","scripts"
3895,"deploy-escrow.cjs","scripts/deploy-escrow.cjs","old-digitex-erp-bell24h","4120","2026-08-03","cjs","old-repo-clone-main-branch","scripts"
3896,"deploy-production.sh","scripts/deploy-production.sh","old-digitex-erp-bell24h","4878","2026-08-03","sh","old-repo-clone-main-branch","scripts"
3897,"deploy-safe.cjs","scripts/deploy-safe.cjs","old-digitex-erp-bell24h","4331","2026-08-03","cjs","old-repo-clone-main-branch","scripts"
3898,"dev-workflow.cjs","scripts/dev-workflow.cjs","old-digitex-erp-bell24h","9938","2026-08-03","cjs","old-repo-clone-main-branch","scripts"
3899,"migrate-missing-pages.cjs","scripts/migrate-missing-pages.cjs","old-digitex-erp-bell24h","12207","2026-08-03","cjs","old-repo-clone-main-branch","scripts"
3900,"migration-test.cjs","scripts/migration-test.cjs","old-digitex-erp-bell24h","10406","2026-08-03","cjs","old-repo-clone-main-branch","scripts"
3901,"protect-files.cjs","scripts/protect-files.cjs","old-digitex-erp-bell24h","2955","2026-08-03","cjs","old-repo-clone-main-branch","scripts"
3902,"pull-vercel-source.cjs","scripts/pull-vercel-source.cjs","old-digitex-erp-bell24h","11735","2026-08-03","cjs","old-repo-clone-main-branch","scripts"
3903,"run-fixed-page-validation.cjs","scripts/run-fixed-page-validation.cjs","old-digitex-erp-bell24h","10166","2026-08-03","cjs","old-repo-clone-main-branch","scripts"
3904,"safe-merge.cjs","scripts/safe-merge.cjs","old-digitex-erp-bell24h","13829","2026-08-03","cjs","old-repo-clone-main-branch","scripts"
3905,"setup-api-integrations.cjs","scripts/setup-api-integrations.cjs","old-digitex-erp-bell24h","20592","2026-08-03","cjs","old-repo-clone-main-branch","scripts"
3906,"setup-database.cjs","scripts/setup-database.cjs","old-digitex-erp-bell24h","9053","2026-08-03","cjs","old-repo-clone-main-branch","scripts"
3907,"setup-env.cjs","scripts/setup-env.cjs","old-digitex-erp-bell24h","6153","2026-08-03","cjs","old-repo-clone-main-branch","scripts"
3908,"setup-production-db.sh","scripts/setup-production-db.sh","old-digitex-erp-bell24h","3466","2026-08-03","sh","old-repo-clone-main-branch","scripts"
3909,"setup-vercel-env.sh","scripts/setup-vercel-env.sh","old-digitex-erp-bell24h","3900","2026-08-03","sh","old-repo-clone-main-branch","scripts"
3910,"test-all-pages.cjs","scripts/test-all-pages.cjs","old-digitex-erp-bell24h","7319","2026-08-03","cjs","old-repo-clone-main-branch","scripts"
3911,"vercel-import.cjs","scripts/vercel-import.cjs","old-digitex-erp-bell24h","10127","2026-08-03","cjs","old-repo-clone-main-branch","scripts"
3912,"verify-pages.cjs","scripts/verify-pages.cjs","old-digitex-erp-bell24h","8386","2026-08-03","cjs","old-repo-clone-main-branch","scripts"
3913,"scripts.json","scripts.json","old-digitex-erp-bell24h","98","2026-08-03","json","old-repo-clone-main-branch","."
3914,"seed-database.ps1","seed-database.ps1","old-digitex-erp-bell24h","16867","2026-08-03","ps1","old-repo-clone-main-branch","."
3915,"SEEDING_GUIDE.md","SEEDING_GUIDE.md","old-digitex-erp-bell24h","4560","2026-08-03","md","old-repo-clone-main-branch","."
3916,"SEEDING_SUCCESS.md","SEEDING_SUCCESS.md","old-digitex-erp-bell24h","5770","2026-08-03","md","old-repo-clone-main-branch","."
3917,"SEO-HERO-SECTION-UPDATE.md","SEO-HERO-SECTION-UPDATE.md","old-digitex-erp-bell24h","5936","2026-08-03","md","old-repo-clone-main-branch","."
3918,"SEPARATION_OF_CONCERNS.md","SEPARATION_OF_CONCERNS.md","old-digitex-erp-bell24h","8712","2026-08-03","md","old-repo-clone-main-branch","."
3919,".env","server/.env","old-digitex-erp-bell24h","471","2026-08-03","env","old-repo-clone-main-branch","server"
3920,".env.example","server/.env.example","old-digitex-erp-bell24h","705","2026-08-03","example","old-repo-clone-main-branch","server"
3921,".env.test","server/.env.test","old-digitex-erp-bell24h","245","2026-08-03","test","old-repo-clone-main-branch","server"
3922,"test.spec.cjs","server/e2e/test.spec.cjs","old-digitex-erp-bell24h","200","2026-08-03","cjs","old-repo-clone-main-branch","server/e2e"
3923,"tsconfig.json","server/e2e/tsconfig.json","old-digitex-erp-bell24h","801","2026-08-03","json","old-repo-clone-main-branch","server/e2e"
3924,"package-lock.json","server/package-lock.json","old-digitex-erp-bell24h","440643","2026-08-03","json","old-repo-clone-main-branch","server"
3925,"package.json","server/package.json","old-digitex-erp-bell24h","4058","2026-08-03","json","old-repo-clone-main-branch","server"
3926,"tsconfig.json","server/tsconfig.json","old-digitex-erp-bell24h","390","2026-08-03","json","old-repo-clone-main-branch","server"
3927,"tsconfig.test.json","server/tsconfig.test.json","old-digitex-erp-bell24h","366","2026-08-03","json","old-repo-clone-main-branch","server"
3928,"server-tsconfig.json","server-tsconfig.json","old-digitex-erp-bell24h","277","2026-08-03","json","old-repo-clone-main-branch","."
3929,"setup-github-deploy.ps1","setup-github-deploy.ps1","old-digitex-erp-bell24h","2084","2026-08-03","ps1","old-repo-clone-main-branch","."
3930,"SETUP-GITHUB-SECRET.md","SETUP-GITHUB-SECRET.md","old-digitex-erp-bell24h","4354","2026-08-03","md","old-repo-clone-main-branch","."
3931,"setup-ssl-automated.sh","setup-ssl-automated.sh","old-digitex-erp-bell24h","7451","2026-08-03","sh","old-repo-clone-main-branch","."
3932,"setup-ssl-direct.ps1","setup-ssl-direct.ps1","old-digitex-erp-bell24h","9295","2026-08-03","ps1","old-repo-clone-main-branch","."
3933,"setup-ssl-upload-execute.ps1","setup-ssl-upload-execute.ps1","old-digitex-erp-bell24h","3111","2026-08-03","ps1","old-repo-clone-main-branch","."
3934,"setup-ssl-via-ssh.ps1","setup-ssl-via-ssh.ps1","old-digitex-erp-bell24h","2665","2026-08-03","ps1","old-repo-clone-main-branch","."
3935,"SETUP_COMPLETE.md","SETUP_COMPLETE.md","old-digitex-erp-bell24h","5840","2026-08-03","md","old-repo-clone-main-branch","."
3936,"SIMPLE-DEPLOY-STEPS.md","SIMPLE-DEPLOY-STEPS.md","old-digitex-erp-bell24h","7408","2026-08-03","md","old-repo-clone-main-branch","."
3937,"SIMPLE_DEPLOY_COMMANDS.txt","SIMPLE_DEPLOY_COMMANDS.txt","old-digitex-erp-bell24h","927","2026-08-03","txt","old-repo-clone-main-branch","."
3938,"SITE-IS-LIVE-NEXT-STEPS.md","SITE-IS-LIVE-NEXT-STEPS.md","old-digitex-erp-bell24h","6438","2026-08-03","md","old-repo-clone-main-branch","."
3939,"package.json","src/generated/prisma/package.json","old-digitex-erp-bell24h","4365","2026-08-03","json","old-repo-clone-main-branch","src/generated/prisma"
3940,"verify-seed.sql","src/scripts/verify-seed.sql","old-digitex-erp-bell24h","6319","2026-08-03","sql","old-repo-clone-main-branch","src/scripts"
3941,"001_create_supplier_schema.sql","src.backup/backend/database/migrations/001_create_supplier_schema.sql","old-digitex-erp-bell24h","5773","2026-08-03","sql","old-repo-clone-main-branch","src.backup/backend/database/migrations"
3942,"SSL-ACTIVE-CONFIGURE-N8N-ROUTING.md","SSL-ACTIVE-CONFIGURE-N8N-ROUTING.md","old-digitex-erp-bell24h","6024","2026-08-03","md","old-repo-clone-main-branch","."
3943,"SSL-CERTIFICATES-ALREADY-ACTIVE.md","SSL-CERTIFICATES-ALREADY-ACTIVE.md","old-digitex-erp-bell24h","3924","2026-08-03","md","old-repo-clone-main-branch","."
3944,"SSL-CONFIGURED-FIX-CONNECTION.md","SSL-CONFIGURED-FIX-CONNECTION.md","old-digitex-erp-bell24h","5151","2026-08-03","md","old-repo-clone-main-branch","."
3945,"SSL-SETUP-COMMAND.txt","SSL-SETUP-COMMAND.txt","old-digitex-erp-bell24h","6926","2026-08-03","txt","old-repo-clone-main-branch","."
3946,"START-NGINX-VERIFY-CONFIG.md","START-NGINX-VERIFY-CONFIG.md","old-digitex-erp-bell24h","5421","2026-08-03","md","old-repo-clone-main-branch","."
3947,"start_clean_dev.ps1","start_clean_dev.ps1","old-digitex-erp-bell24h","2897","2026-08-03","ps1","old-repo-clone-main-branch","."
3948,"20251109_leaderboard.sql","supabase/migrations/20251109_leaderboard.sql","old-digitex-erp-bell24h","115","2026-08-03","sql","old-repo-clone-main-branch","supabase/migrations"
3949,"SUPPLIER_PROFILE_FILES_INVENTORY.md","SUPPLIER_PROFILE_FILES_INVENTORY.md","old-digitex-erp-bell24h","8879","2026-08-03","md","old-repo-clone-main-branch","."
3950,"SUPPLIER_PROFILE_IMPLEMENTATION_PLAN.md","SUPPLIER_PROFILE_IMPLEMENTATION_PLAN.md","old-digitex-erp-bell24h","14386","2026-08-03","md","old-repo-clone-main-branch","."
3951,"switch-schema.sh","switch-schema.sh","old-digitex-erp-bell24h","1368","2026-08-03","sh","old-repo-clone-main-branch","."
3952,"task-definition.json","task-definition.json","old-digitex-erp-bell24h","4390","2026-08-03","json","old-repo-clone-main-branch","."
3953,"test-bell24h-complete.cjs","test-bell24h-complete.cjs","old-digitex-erp-bell24h","13465","2026-08-03","cjs","old-repo-clone-main-branch","."
3954,"test-final-fixes.cjs","test-final-fixes.cjs","old-digitex-erp-bell24h","5962","2026-08-03","cjs","old-repo-clone-main-branch","."
3955,"test-system-complete.cjs","test-system-complete.cjs","old-digitex-erp-bell24h","6367","2026-08-03","cjs","old-repo-clone-main-branch","."
3956,"TODO-21-25-IMPLEMENTATION-COMPLETE.md","TODO-21-25-IMPLEMENTATION-COMPLETE.md","old-digitex-erp-bell24h","5931","2026-08-03","md","old-repo-clone-main-branch","."
3957,"TODO-21-25-IMPLEMENTATION-PLAN.md","TODO-21-25-IMPLEMENTATION-PLAN.md","old-digitex-erp-bell24h","1667","2026-08-03","md","old-repo-clone-main-branch","."
3958,"TODO-ITEMS-21-25-EXTRACTED.md","TODO-ITEMS-21-25-EXTRACTED.md","old-digitex-erp-bell24h","4721","2026-08-03","md","old-repo-clone-main-branch","."
3959,"train_supplier_model.py","train_supplier_model.py","old-digitex-erp-bell24h","1082","2026-08-03","py","old-repo-clone-main-branch","."
3960,"tsconfig.e2e.json","tsconfig.e2e.json","old-digitex-erp-bell24h","195","2026-08-03","json","old-repo-clone-main-branch","."
3961,"tsconfig.json","tsconfig.json","old-digitex-erp-bell24h","888","2026-08-03","json","old-repo-clone-main-branch","."
3962,"tsconfig.server.json","tsconfig.server.json","old-digitex-erp-bell24h","165","2026-08-03","json","old-repo-clone-main-branch","."
3963,"ULTRA-FAST-MCP-WORKING-REPORT.md","ULTRA-FAST-MCP-WORKING-REPORT.md","old-digitex-erp-bell24h","10362","2026-08-03","md","old-repo-clone-main-branch","."
3964,"update-env.sh","update-env.sh","old-digitex-erp-bell24h","1116","2026-08-03","sh","old-repo-clone-main-branch","."
3965,"USER-DASHBOARD-FEATURES-LIST.md","USER-DASHBOARD-FEATURES-LIST.md","old-digitex-erp-bell24h","8411","2026-08-03","md","old-repo-clone-main-branch","."
3966,"package-lock.json","vercel-clean-deploy/package-lock.json","old-digitex-erp-bell24h","848984","2026-08-03","json","old-repo-clone-main-branch","vercel-clean-deploy"
3967,"package.json","vercel-clean-deploy/package.json","old-digitex-erp-bell24h","6664","2026-08-03","json","old-repo-clone-main-branch","vercel-clean-deploy"
3968,"common.json","vercel-clean-deploy/public/locales/en/common.json","old-digitex-erp-bell24h","7432","2026-08-03","json","old-repo-clone-main-branch","vercel-clean-deploy/public/locales/en"
3969,"temple-bell.mp3.txt","vercel-clean-deploy/public/sounds/temple-bell.mp3.txt","old-digitex-erp-bell24h","721","2026-08-03","txt","old-repo-clone-main-branch","vercel-clean-deploy/public/sounds"
3970,"tsconfig.json","vercel-clean-deploy/tsconfig.json","old-digitex-erp-bell24h","772","2026-08-03","json","old-repo-clone-main-branch","vercel-clean-deploy"
3971,"vercel.json","vercel-clean-deploy/vercel.json","old-digitex-erp-bell24h","133","2026-08-03","json","old-repo-clone-main-branch","vercel-clean-deploy"
3972,"vercel.json","vercel.json","old-digitex-erp-bell24h","1733","2026-08-03","json","old-repo-clone-main-branch","."
3973,"vercel.local.json","vercel.local.json","old-digitex-erp-bell24h","4","2026-08-03","json","old-repo-clone-main-branch","."
3974,"vercel.production.json","vercel.production.json","old-digitex-erp-bell24h","1798","2026-08-03","json","old-repo-clone-main-branch","."
3975,"VERIFY-SITE-STATUS.md","VERIFY-SITE-STATUS.md","old-digitex-erp-bell24h","4131","2026-08-03","md","old-repo-clone-main-branch","."
3976,"VIDEO_RFQ_COMPLETE.md","VIDEO_RFQ_COMPLETE.md","old-digitex-erp-bell24h","19548","2026-08-03","md","old-repo-clone-main-branch","."
3977,"VOICE_RFQ_COMPLETE.md","VOICE_RFQ_COMPLETE.md","old-digitex-erp-bell24h","16602","2026-08-03","md","old-repo-clone-main-branch","."
3978,"VOICE_VIDEO_RFQ_DEPLOYMENT_COMPLETE.md","VOICE_VIDEO_RFQ_DEPLOYMENT_COMPLETE.md","old-digitex-erp-bell24h","14433","2026-08-03","md","old-repo-clone-main-branch","."
3979,"Webhook.json","Webhook.json","old-digitex-erp-bell24h","260","2026-08-03","json","old-repo-clone-main-branch","."
3980,"WHAT-IS-NEXT.md","WHAT-IS-NEXT.md","old-digitex-erp-bell24h","4244","2026-08-03","md","old-repo-clone-main-branch","."
3981,"wrangler.toml","wrangler.toml","old-digitex-erp-bell24h","346","2026-08-03","toml","old-repo-clone-main-branch","."
3982,"🔥 BELL24h_ One-Page Brutal Truth.pdf","🔥 BELL24h_ One-Page Brutal Truth.pdf","old-digitex-erp-bell24h","168986","2026-08-03","pdf","old-repo-clone-main-branch","."
3983,"🔥 BRUTAL TRUTH_ BELL24h Revenue Reality Check.pdf","🔥 BRUTAL TRUTH_ BELL24h Revenue Reality Check.pdf","old-digitex-erp-bell24h","258494","2026-08-03","pdf","old-repo-clone-main-branch","."
3984,"package-lock.json","package-lock.json","sibling-bell24h-clean","826620","2025-09-14","json","local-sibling-folder","."
3985,"package.json","package.json","sibling-bell24h-clean","6556","2025-09-14","json","local-sibling-folder","."
3986,"migration.sql","prisma/migrations/20240315000000_add_security_tables/migration.sql","sibling-bell24h-clean","2680","2025-06-10","sql","local-sibling-folder","prisma/migrations/20240315000000_add_security_tables"
3987,"migration.sql","prisma/migrations/20240910_otp_verification/migration.sql","sibling-bell24h-clean","572","2025-09-11","sql","local-sibling-folder","prisma/migrations/20240910_otp_verification"
3988,"migration.sql","prisma/migrations/20250101000000_clean_schema/migration.sql","sibling-bell24h-clean","18612","2025-09-04","sql","local-sibling-folder","prisma/migrations/20250101000000_clean_schema"
3989,"20250125_add_supplier_categories.sql","prisma/migrations/20250125_add_supplier_categories.sql","sibling-bell24h-clean","1","2025-06-29","sql","local-sibling-folder","prisma/migrations"
3990,"migration.sql","prisma/migrations/20250518124136_init/migration.sql","sibling-bell24h-clean","12714","2025-05-18","sql","local-sibling-folder","prisma/migrations/20250518124136_init"
3991,"migration.sql","prisma/migrations/20250518143218_add_community_models/migration.sql","sibling-bell24h-clean","4014","2025-05-18","sql","local-sibling-folder","prisma/migrations/20250518143218_add_community_models"
3992,"migration.sql","prisma/migrations/20250722051054_init/migration.sql","sibling-bell24h-clean","4659","2025-07-22","sql","local-sibling-folder","prisma/migrations/20250722051054_init"
3993,"migration_lock.toml","prisma/migrations/migration_lock.toml","sibling-bell24h-clean","128","2025-05-18","toml","local-sibling-folder","prisma/migrations"
3994,"common.json","public/locales/en/common.json","sibling-bell24h-clean","7432","2025-06-27","json","local-sibling-folder","public/locales/en"
3995,"common.json","public/locales/hi/common.json","sibling-bell24h-clean","788","2025-07-26","json","local-sibling-folder","public/locales/hi"
3996,"dashboard.json","public/locales/hi/dashboard.json","sibling-bell24h-clean","502","2025-07-26","json","local-sibling-folder","public/locales/hi"
3997,"manifest.json","public/manifest.json","sibling-bell24h-clean","4323","2025-07-26","json","local-sibling-folder","public"
3998,"robots.txt","public/robots.txt","sibling-bell24h-clean","1429","2025-07-06","txt","local-sibling-folder","public"
3999,"temple-bell.mp3.txt","public/sounds/temple-bell.mp3.txt","sibling-bell24h-clean","721","2025-07-07","txt","local-sibling-folder","public/sounds"
4000,"README.md","README.md","sibling-bell24h-clean","1450","2025-08-31","md","local-sibling-folder","."
4001,"HOMEPAGE_LOCKED.md","src/app/HOMEPAGE_LOCKED.md","sibling-bell24h-clean","1721","2025-07-18","md","local-sibling-folder","src/app"
4002,"README.md","src/components/onboarding/README.md","sibling-bell24h-clean","5977","2025-07-18","md","local-sibling-folder","src/components/onboarding"
4003,"rfq-system-demo.md","src/data/rfq-system-demo.md","sibling-bell24h-clean","9702","2025-07-18","md","local-sibling-folder","src/data"
4004,"package.json","src/generated/prisma/package.json","sibling-bell24h-clean","4219","2025-07-18","json","local-sibling-folder","src/generated/prisma"
4005,"README.md","src/lib/security/README.md","sibling-bell24h-clean","9737","2025-07-18","md","local-sibling-folder","src/lib/security"
4006,"tsconfig.json","tsconfig.json","sibling-bell24h-clean","731","2025-09-13","json","local-sibling-folder","."
4007,"vercel.json","vercel.json","sibling-bell24h-clean","133","2025-09-14","json","local-sibling-folder","."
4008,"package-lock.json","package-lock.json","sibling-bell24h-final","202523","2025-09-15","json","local-sibling-folder","."
4009,"package.json","package.json","sibling-bell24h-final","590","2025-09-15","json","local-sibling-folder","."
4010,"README.md","README.md","sibling-bell24h-final","1450","2025-09-15","md","local-sibling-folder","."
4011,"tsconfig.json","tsconfig.json","sibling-bell24h-final","598","2025-09-15","json","local-sibling-folder","."
4012,"project.json",".vercel/project.json","sibling-bell24h-live","117","2025-09-16","json","local-sibling-folder",".vercel"
4013,"README.txt",".vercel/README.txt","sibling-bell24h-live","520","2025-09-16","txt","local-sibling-folder",".vercel"
4014,"package-lock.json","package-lock.json","sibling-bell24h-live","202521","2025-09-16","json","local-sibling-folder","."
4015,"package.json","package.json","sibling-bell24h-live","589","2025-09-16","json","local-sibling-folder","."
4016,"README.md","README.md","sibling-bell24h-live","1450","2025-09-15","md","local-sibling-folder","."
4017,"tsconfig.json","tsconfig.json","sibling-bell24h-live","598","2025-09-16","json","local-sibling-folder","."
4018,".env",".env","sibling-bell24h-main","97","2025-05-31","env","local-sibling-folder","."
4019,"package-lock.json","client/package-lock.json","sibling-bell24h-main","202320","2025-05-31","json","local-sibling-folder","client"
4020,"package.json","client/package.json","sibling-bell24h-main","576","2025-05-31","json","local-sibling-folder","client"
4021,"README.md","client/README.md","sibling-bell24h-main","1450","2025-05-31","md","local-sibling-folder","client"
4022,"tsconfig.json","client/tsconfig.json","sibling-bell24h-main","602","2025-05-31","json","local-sibling-folder","client"
4023,"LAUNCH_PLAN.md","LAUNCH_PLAN.md","sibling-bell24h-main","11116","2026-02-24","md","local-sibling-folder","."
4024,"package-lock.json","package-lock.json","sibling-bell24h-main","651407","2025-06-04","json","local-sibling-folder","."
4025,"package.json","package.json","sibling-bell24h-main","1753","2025-06-04","json","local-sibling-folder","."
4026,"README.md","README.md","sibling-bell24h-main","4731","2025-05-31","md","local-sibling-folder","."
4027,"package-lock.json","server/package-lock.json","sibling-bell24h-main","40218","2025-05-31","json","local-sibling-folder","server"
4028,"package.json","server/package.json","sibling-bell24h-main","763","2025-05-31","json","local-sibling-folder","server"
4029,"tsconfig.json","server/tsconfig.json","sibling-bell24h-main","12926","2025-05-31","json","local-sibling-folder","server"
4030,"tsconfig.json","tsconfig.json","sibling-bell24h-main","682","2025-05-31","json","local-sibling-folder","."
4031,"tsconfig.node.json","tsconfig.node.json","sibling-bell24h-main","213","2025-05-31","json","local-sibling-folder","."
4032,"MIGRATION_COMPLETE_SUMMARY.md","MIGRATION_COMPLETE_SUMMARY.md","sibling-bell24h-migration-package","5978","2025-09-13","md","local-sibling-folder","."
4033,"schema.sql","MVP_CORE_COMPONENTS/database/schema.sql","sibling-bell24h-migration-package","3701","2025-09-13","sql","local-sibling-folder","MVP_CORE_COMPONENTS/database"
4034,"MVP_DEPLOYMENT_GUIDE.md","MVP_CORE_COMPONENTS/MVP_DEPLOYMENT_GUIDE.md","sibling-bell24h-migration-package","4842","2025-09-13","md","local-sibling-folder","MVP_CORE_COMPONENTS"
4035,"NEON_DATABASE_MIGRATION.md","NEON_DATABASE_MIGRATION.md","sibling-bell24h-migration-package","6280","2025-09-13","md","local-sibling-folder","."
4036,"ZERO_DOWNTIME_DEPLOYMENT.md","ZERO_DOWNTIME_DEPLOYMENT.md","sibling-bell24h-migration-package","7193","2025-09-13","md","local-sibling-folder","."
4037,"package-lock.json","package-lock.json","sibling-bell24h-working","202527","2025-09-15","json","local-sibling-folder","."
4038,"package.json","package.json","sibling-bell24h-working","592","2025-09-15","json","local-sibling-folder","."
4039,"README.md","README.md","sibling-bell24h-working","1450","2025-09-15","md","local-sibling-folder","."
4040,"tsconfig.json","tsconfig.json","sibling-bell24h-working","598","2025-09-15","json","local-sibling-folder","."
4041,"package-lock.json","package-lock.json","sibling-bell24x-clean","202523","2025-09-16","json","local-sibling-folder","."
4042,"package.json","package.json","sibling-bell24x-clean","590","2025-09-16","json","local-sibling-folder","."
4043,"README.md","README.md","sibling-bell24x-clean","1450","2025-09-15","md","local-sibling-folder","."
4044,"tsconfig.json","tsconfig.json","sibling-bell24x-clean","598","2025-09-16","json","local-sibling-folder","."
4045,"project.json",".vercel/project.json","sibling-bell24x-complete","121","2025-09-16","json","local-sibling-folder",".vercel"
4046,"README.txt",".vercel/README.txt","sibling-bell24x-complete","520","2025-09-16","txt","local-sibling-folder",".vercel"
4047,"package-lock.json","package-lock.json","sibling-bell24x-complete","259660","2025-09-16","json","local-sibling-folder","."
4048,"package.json","package.json","sibling-bell24x-complete","1166","2025-09-16","json","local-sibling-folder","."
4049,"README.md","README.md","sibling-bell24x-complete","1450","2025-09-15","md","local-sibling-folder","."
4050,"tsconfig.json","tsconfig.json","sibling-bell24x-complete","602","2025-09-16","json","local-sibling-folder","."
4051,"product-marketing.md","Multi-Agent-Web-Agency-main/.agents/product-marketing.md","sibling-web-agency","2678","2026-06-16","md","local-sibling-folder","Multi-Agent-Web-Agency-main/.agents"
4052,".env.example","Multi-Agent-Web-Agency-main/.env.example","sibling-web-agency","1438","2026-06-06","example","local-sibling-folder","Multi-Agent-Web-Agency-main"
4053,".env.example","Multi-Agent-Web-Agency-main/agents/.env.example","sibling-web-agency","254","2026-06-06","example","local-sibling-folder","Multi-Agent-Web-Agency-main/agents"
4054,"personas.py","Multi-Agent-Web-Agency-main/agents/personas.py","sibling-web-agency","2294","2026-06-14","py","local-sibling-folder","Multi-Agent-Web-Agency-main/agents"
4055,"README.md","Multi-Agent-Web-Agency-main/agents/README.md","sibling-web-agency","2388","2026-06-06","md","local-sibling-folder","Multi-Agent-Web-Agency-main/agents"
4056,"requirements.txt","Multi-Agent-Web-Agency-main/agents/requirements.txt","sibling-web-agency","153","2026-06-06","txt","local-sibling-folder","Multi-Agent-Web-Agency-main/agents"
4057,"server.py","Multi-Agent-Web-Agency-main/agents/server.py","sibling-web-agency","4202","2026-06-14","py","local-sibling-folder","Multi-Agent-Web-Agency-main/agents"
4058,"DEPLOYMENT.md","Multi-Agent-Web-Agency-main/DEPLOYMENT.md","sibling-web-agency","2609","2026-06-06","md","local-sibling-folder","Multi-Agent-Web-Agency-main"
4059,"INVOICING.md","Multi-Agent-Web-Agency-main/INVOICING.md","sibling-web-agency","2239","2026-06-06","md","local-sibling-folder","Multi-Agent-Web-Agency-main"
4060,"metadata.json","Multi-Agent-Web-Agency-main/metadata.json","sibling-web-agency","375","2026-06-02","json","local-sibling-folder","Multi-Agent-Web-Agency-main"
4061,"package-lock.json","Multi-Agent-Web-Agency-main/package-lock.json","sibling-web-agency","243716","2026-06-06","json","local-sibling-folder","Multi-Agent-Web-Agency-main"
4062,"package.json","Multi-Agent-Web-Agency-main/package.json","sibling-web-agency","1430","2026-06-16","json","local-sibling-folder","Multi-Agent-Web-Agency-main"
4063,"PLAN.md","Multi-Agent-Web-Agency-main/PLAN.md","sibling-web-agency","14637","2026-06-06","md","local-sibling-folder","Multi-Agent-Web-Agency-main"
4064,"PROJECT-CONCEPT.md","Multi-Agent-Web-Agency-main/PROJECT-CONCEPT.md","sibling-web-agency","18071","2026-06-06","md","local-sibling-folder","Multi-Agent-Web-Agency-main"
4065,"README.md","Multi-Agent-Web-Agency-main/README.md","sibling-web-agency","6405","2026-06-06","md","local-sibling-folder","Multi-Agent-Web-Agency-main"
4066,"001_leads.sql","Multi-Agent-Web-Agency-main/supabase/migrations/001_leads.sql","sibling-web-agency","1876","2026-06-06","sql","local-sibling-folder","Multi-Agent-Web-Agency-main/supabase/migrations"
4067,"002_audits.sql","Multi-Agent-Web-Agency-main/supabase/migrations/002_audits.sql","sibling-web-agency","5470","2026-06-14","sql","local-sibling-folder","Multi-Agent-Web-Agency-main/supabase/migrations"
4068,"README.md","Multi-Agent-Web-Agency-main/supabase/README.md","sibling-web-agency","1672","2026-06-15","md","local-sibling-folder","Multi-Agent-Web-Agency-main/supabase"
4069,"TODO.md","Multi-Agent-Web-Agency-main/TODO.md","sibling-web-agency","15249","2026-06-06","md","local-sibling-folder","Multi-Agent-Web-Agency-main"
4070,"tsconfig.json","Multi-Agent-Web-Agency-main/tsconfig.json","sibling-web-agency","534","2026-06-02","json","local-sibling-folder","Multi-Agent-Web-Agency-main"
4071,"Claude-4.1.txt","Multi-Agent-Web-Agency-main/vendor/CL4R1T4S/ANTHROPIC/Claude-4.1.txt","sibling-web-agency","58706","2026-06-14","txt","local-sibling-folder","Multi-Agent-Web-Agency-main/vendor/CL4R1T4S/ANTHROPIC"
4072,"Claude-4.5-Opus.txt","Multi-Agent-Web-Agency-main/vendor/CL4R1T4S/ANTHROPIC/Claude-4.5-Opus.txt","sibling-web-agency","93932","2026-06-14","txt","local-sibling-folder","Multi-Agent-Web-Agency-main/vendor/CL4R1T4S/ANTHROPIC"
4073,"Claude-Design-Sys-Prompt.txt","Multi-Agent-Web-Agency-main/vendor/CL4R1T4S/ANTHROPIC/Claude-Design-Sys-Prompt.txt","sibling-web-agency","73688","2026-06-14","txt","local-sibling-folder","Multi-Agent-Web-Agency-main/vendor/CL4R1T4S/ANTHROPIC"
4074,"CLAUDE-FABLE-5.md","Multi-Agent-Web-Agency-main/vendor/CL4R1T4S/ANTHROPIC/CLAUDE-FABLE-5.md","sibling-web-agency","121625","2026-06-14","md","local-sibling-folder","Multi-Agent-Web-Agency-main/vendor/CL4R1T4S/ANTHROPIC"
4075,"Claude-Opus-4.7.txt","Multi-Agent-Web-Agency-main/vendor/CL4R1T4S/ANTHROPIC/Claude-Opus-4.7.txt","sibling-web-agency","151132","2026-06-14","txt","local-sibling-folder","Multi-Agent-Web-Agency-main/vendor/CL4R1T4S/ANTHROPIC"
4076,"Claude_4.txt","Multi-Agent-Web-Agency-main/vendor/CL4R1T4S/ANTHROPIC/Claude_4.txt","sibling-web-agency","64855","2026-06-14","txt","local-sibling-folder","Multi-Agent-Web-Agency-main/vendor/CL4R1T4S/ANTHROPIC"
4077,"Claude_Code_03-04-24.md","Multi-Agent-Web-Agency-main/vendor/CL4R1T4S/ANTHROPIC/Claude_Code_03-04-24.md","sibling-web-agency","1692","2026-06-14","md","local-sibling-folder","Multi-Agent-Web-Agency-main/vendor/CL4R1T4S/ANTHROPIC"
4078,"Claude_Opus_4.6.txt","Multi-Agent-Web-Agency-main/vendor/CL4R1T4S/ANTHROPIC/Claude_Opus_4.6.txt","sibling-web-agency","103734","2026-06-14","txt","local-sibling-folder","Multi-Agent-Web-Agency-main/vendor/CL4R1T4S/ANTHROPIC"
4079,"Claude_Sonnet-4.5_Sep-29-2025.txt","Multi-Agent-Web-Agency-main/vendor/CL4R1T4S/ANTHROPIC/Claude_Sonnet-4.5_Sep-29-2025.txt","sibling-web-agency","85818","2026-06-14","txt","local-sibling-folder","Multi-Agent-Web-Agency-main/vendor/CL4R1T4S/ANTHROPIC"
4080,"Claude_Sonnet_3.5.md","Multi-Agent-Web-Agency-main/vendor/CL4R1T4S/ANTHROPIC/Claude_Sonnet_3.5.md","sibling-web-agency","23171","2026-06-14","md","local-sibling-folder","Multi-Agent-Web-Agency-main/vendor/CL4R1T4S/ANTHROPIC"
4081,"Claude_Sonnet_3.7_New.txt","Multi-Agent-Web-Agency-main/vendor/CL4R1T4S/ANTHROPIC/Claude_Sonnet_3.7_New.txt","sibling-web-agency","63810","2026-06-14","txt","local-sibling-folder","Multi-Agent-Web-Agency-main/vendor/CL4R1T4S/ANTHROPIC"
4082,"UserStyle_Modes.md","Multi-Agent-Web-Agency-main/vendor/CL4R1T4S/ANTHROPIC/UserStyle_Modes.md","sibling-web-agency","3763","2026-06-14","md","local-sibling-folder","Multi-Agent-Web-Agency-main/vendor/CL4R1T4S/ANTHROPIC"
4083,"Bolt.txt","Multi-Agent-Web-Agency-main/vendor/CL4R1T4S/BOLT/Bolt.txt","sibling-web-agency","16505","2026-06-14","txt","local-sibling-folder","Multi-Agent-Web-Agency-main/vendor/CL4R1T4S/BOLT"
4084,"Cline.md","Multi-Agent-Web-Agency-main/vendor/CL4R1T4S/CLINE/Cline.md","sibling-web-agency","47797","2026-06-14","md","local-sibling-folder","Multi-Agent-Web-Agency-main/vendor/CL4R1T4S/CLINE"
4085,"Cursor_2.0_Sys_Prompt.txt","Multi-Agent-Web-Agency-main/vendor/CL4R1T4S/CURSOR/Cursor_2.0_Sys_Prompt.txt","sibling-web-agency","23514","2026-06-14","txt","local-sibling-folder","Multi-Agent-Web-Agency-main/vendor/CL4R1T4S/CURSOR"
4086,"Cursor_Prompt.md","Multi-Agent-Web-Agency-main/vendor/CL4R1T4S/CURSOR/Cursor_Prompt.md","sibling-web-agency","5523","2026-06-14","md","local-sibling-folder","Multi-Agent-Web-Agency-main/vendor/CL4R1T4S/CURSOR"
4087,"Cursor_Tools.md","Multi-Agent-Web-Agency-main/vendor/CL4R1T4S/CURSOR/Cursor_Tools.md","sibling-web-agency","7269","2026-06-14","md","local-sibling-folder","Multi-Agent-Web-Agency-main/vendor/CL4R1T4S/CURSOR"
4088,"Devin2_09-08-2025.md","Multi-Agent-Web-Agency-main/vendor/CL4R1T4S/DEVIN/Devin2_09-08-2025.md","sibling-web-agency","51376","2026-06-14","md","local-sibling-folder","Multi-Agent-Web-Agency-main/vendor/CL4R1T4S/DEVIN"
4089,"Devin_2.0.md","Multi-Agent-Web-Agency-main/vendor/CL4R1T4S/DEVIN/Devin_2.0.md","sibling-web-agency","6119","2026-06-14","md","local-sibling-folder","Multi-Agent-Web-Agency-main/vendor/CL4R1T4S/DEVIN"
4090,"Devin_2.0_Commands.md","Multi-Agent-Web-Agency-main/vendor/CL4R1T4S/DEVIN/Devin_2.0_Commands.md","sibling-web-agency","29935","2026-06-14","md","local-sibling-folder","Multi-Agent-Web-Agency-main/vendor/CL4R1T4S/DEVIN"
4091,"Dia_CodingSkill.txt","Multi-Agent-Web-Agency-main/vendor/CL4R1T4S/DIA/Dia_CodingSkill.txt","sibling-web-agency","21764","2026-06-14","txt","local-sibling-folder","Multi-Agent-Web-Agency-main/vendor/CL4R1T4S/DIA"
4092,"Dia_DraftSkill.txt","Multi-Agent-Web-Agency-main/vendor/CL4R1T4S/DIA/Dia_DraftSkill.txt","sibling-web-agency","9183","2026-06-14","txt","local-sibling-folder","Multi-Agent-Web-Agency-main/vendor/CL4R1T4S/DIA"
4093,"DROID.txt","Multi-Agent-Web-Agency-main/vendor/CL4R1T4S/FACTORY/DROID.txt","sibling-web-agency","17149","2026-06-14","txt","local-sibling-folder","Multi-Agent-Web-Agency-main/vendor/CL4R1T4S/FACTORY"
4094,"Gemini-2.5-Pro-04-18-2025.md","Multi-Agent-Web-Agency-main/vendor/CL4R1T4S/GOOGLE/Gemini-2.5-Pro-04-18-2025.md","sibling-web-agency","12285","2026-06-14","md","local-sibling-folder","Multi-Agent-Web-Agency-main/vendor/CL4R1T4S/GOOGLE"
4095,"Gemini_Diffusion.md","Multi-Agent-Web-Agency-main/vendor/CL4R1T4S/GOOGLE/Gemini_Diffusion.md","sibling-web-agency","6601","2026-06-14","md","local-sibling-folder","Multi-Agent-Web-Agency-main/vendor/CL4R1T4S/GOOGLE"
4096,"Gemini_Gmail_Assistant.txt","Multi-Agent-Web-Agency-main/vendor/CL4R1T4S/GOOGLE/Gemini_Gmail_Assistant.txt","sibling-web-agency","4608","2026-06-14","txt","local-sibling-folder","Multi-Agent-Web-Agency-main/vendor/CL4R1T4S/GOOGLE"
4097,"Hume_Voice_AI.md","Multi-Agent-Web-Agency-main/vendor/CL4R1T4S/HUME/Hume_Voice_AI.md","sibling-web-agency","4495","2026-06-14","md","local-sibling-folder","Multi-Agent-Web-Agency-main/vendor/CL4R1T4S/HUME"
4098,"Lovable_2.0.txt","Multi-Agent-Web-Agency-main/vendor/CL4R1T4S/LOVABLE/Lovable_2.0.txt","sibling-web-agency","17057","2026-06-14","txt","local-sibling-folder","Multi-Agent-Web-Agency-main/vendor/CL4R1T4S/LOVABLE"
4099,"Manus_Functions.txt","Multi-Agent-Web-Agency-main/vendor/CL4R1T4S/MANUS/Manus_Functions.txt","sibling-web-agency","26199","2026-06-14","txt","local-sibling-folder","Multi-Agent-Web-Agency-main/vendor/CL4R1T4S/MANUS"
4100,"Manus_Prompt.txt","Multi-Agent-Web-Agency-main/vendor/CL4R1T4S/MANUS/Manus_Prompt.txt","sibling-web-agency","14254","2026-06-14","txt","local-sibling-folder","Multi-Agent-Web-Agency-main/vendor/CL4R1T4S/MANUS"
4101,"Llama4_WhatsApp.txt","Multi-Agent-Web-Agency-main/vendor/CL4R1T4S/META/Llama4_WhatsApp.txt","sibling-web-agency","3975","2026-06-14","txt","local-sibling-folder","Multi-Agent-Web-Agency-main/vendor/CL4R1T4S/META"
4102,"Muse_Spark_Apr-08-26.txt","Multi-Agent-Web-Agency-main/vendor/CL4R1T4S/META/Muse_Spark_Apr-08-26.txt","sibling-web-agency","49773","2026-06-14","txt","local-sibling-folder","Multi-Agent-Web-Agency-main/vendor/CL4R1T4S/META"
4103,"MiniMax.txt","Multi-Agent-Web-Agency-main/vendor/CL4R1T4S/MINIMAX/MiniMax.txt","sibling-web-agency","2513","2026-06-14","txt","local-sibling-folder","Multi-Agent-Web-Agency-main/vendor/CL4R1T4S/MINIMAX"
4104,"LeChat.md","Multi-Agent-Web-Agency-main/vendor/CL4R1T4S/MISTRAL/LeChat.md","sibling-web-agency","6685","2026-06-14","md","local-sibling-folder","Multi-Agent-Web-Agency-main/vendor/CL4R1T4S/MISTRAL"
4105,"Kimi_2_July-11-2025.txt","Multi-Agent-Web-Agency-main/vendor/CL4R1T4S/MOONSHOT/Kimi_2_July-11-2025.txt","sibling-web-agency","1442","2026-06-14","txt","local-sibling-folder","Multi-Agent-Web-Agency-main/vendor/CL4R1T4S/MOONSHOT"
4106,"Kimi_K2_Thinking.txt","Multi-Agent-Web-Agency-main/vendor/CL4R1T4S/MOONSHOT/Kimi_K2_Thinking.txt","sibling-web-agency","965","2026-06-14","txt","local-sibling-folder","Multi-Agent-Web-Agency-main/vendor/CL4R1T4S/MOONSHOT"
4107,"MultiOn.md","Multi-Agent-Web-Agency-main/vendor/CL4R1T4S/MULTION/MultiOn.md","sibling-web-agency","9404","2026-06-14","md","local-sibling-folder","Multi-Agent-Web-Agency-main/vendor/CL4R1T4S/MULTION"
4108,"Atlas_10-21-25.txt","Multi-Agent-Web-Agency-main/vendor/CL4R1T4S/OPENAI/Atlas_10-21-25.txt","sibling-web-agency","33938","2026-06-14","txt","local-sibling-folder","Multi-Agent-Web-Agency-main/vendor/CL4R1T4S/OPENAI"
4109,"ChatGPT-4o_Sep-27-25.txt","Multi-Agent-Web-Agency-main/vendor/CL4R1T4S/OPENAI/ChatGPT-4o_Sep-27-25.txt","sibling-web-agency","9032","2026-06-14","txt","local-sibling-folder","Multi-Agent-Web-Agency-main/vendor/CL4R1T4S/OPENAI"
4110,"ChatGPT_4.1_05-15-2025.txt","Multi-Agent-Web-Agency-main/vendor/CL4R1T4S/OPENAI/ChatGPT_4.1_05-15-2025.txt","sibling-web-agency","9352","2026-06-14","txt","local-sibling-folder","Multi-Agent-Web-Agency-main/vendor/CL4R1T4S/OPENAI"
4111,"ChatGPT_4o_04-25-2025.txt","Multi-Agent-Web-Agency-main/vendor/CL4R1T4S/OPENAI/ChatGPT_4o_04-25-2025.txt","sibling-web-agency","8759","2026-06-14","txt","local-sibling-folder","Multi-Agent-Web-Agency-main/vendor/CL4R1T4S/OPENAI"
4112,"ChatGPT_Personality_v2_Change.md","Multi-Agent-Web-Agency-main/vendor/CL4R1T4S/OPENAI/ChatGPT_Personality_v2_Change.md","sibling-web-agency","1206","2026-06-14","md","local-sibling-folder","Multi-Agent-Web-Agency-main/vendor/CL4R1T4S/OPENAI"
4113,"ChatKit_Docs__Oct-6-25.txt","Multi-Agent-Web-Agency-main/vendor/CL4R1T4S/OPENAI/ChatKit_Docs__Oct-6-25.txt","sibling-web-agency","74835","2026-06-14","txt","local-sibling-folder","Multi-Agent-Web-Agency-main/vendor/CL4R1T4S/OPENAI"
4114,"Codex.md","Multi-Agent-Web-Agency-main/vendor/CL4R1T4S/OPENAI/Codex.md","sibling-web-agency","6332","2026-06-14","md","local-sibling-folder","Multi-Agent-Web-Agency-main/vendor/CL4R1T4S/OPENAI"
4115,"Codex_Sep-15-2025.md","Multi-Agent-Web-Agency-main/vendor/CL4R1T4S/OPENAI/Codex_Sep-15-2025.md","sibling-web-agency","11936","2026-06-14","md","local-sibling-folder","Multi-Agent-Web-Agency-main/vendor/CL4R1T4S/OPENAI"
4116,"GPT-4.5_02-27-25.md","Multi-Agent-Web-Agency-main/vendor/CL4R1T4S/OPENAI/GPT-4.5_02-27-25.md","sibling-web-agency","8696","2026-06-14","md","local-sibling-folder","Multi-Agent-Web-Agency-main/vendor/CL4R1T4S/OPENAI"
4117,"GPT-4o_Image_Gen_Postfill.txt","Multi-Agent-Web-Agency-main/vendor/CL4R1T4S/OPENAI/GPT-4o_Image_Gen_Postfill.txt","sibling-web-agency","280","2026-06-14","txt","local-sibling-folder","Multi-Agent-Web-Agency-main/vendor/CL4R1T4S/OPENAI"
4118,"Perplexity_Deep_Research.txt","Multi-Agent-Web-Agency-main/vendor/CL4R1T4S/PERPLEXITY/Perplexity_Deep_Research.txt","sibling-web-agency","7742","2026-06-14","txt","local-sibling-folder","Multi-Agent-Web-Agency-main/vendor/CL4R1T4S/PERPLEXITY"
4119,"README.md","Multi-Agent-Web-Agency-main/vendor/CL4R1T4S/README.md","sibling-web-agency","1665","2026-06-14","md","local-sibling-folder","Multi-Agent-Web-Agency-main/vendor/CL4R1T4S"
4120,"Replit_Agent.md","Multi-Agent-Web-Agency-main/vendor/CL4R1T4S/REPLIT/Replit_Agent.md","sibling-web-agency","6818","2026-06-14","md","local-sibling-folder","Multi-Agent-Web-Agency-main/vendor/CL4R1T4S/REPLIT"
4121,"Replit_Functions.md","Multi-Agent-Web-Agency-main/vendor/CL4R1T4S/REPLIT/Replit_Functions.md","sibling-web-agency","20788","2026-06-14","md","local-sibling-folder","Multi-Agent-Web-Agency-main/vendor/CL4R1T4S/REPLIT"
4122,"Replit_Initial_Code_Generation_Prompt.md","Multi-Agent-Web-Agency-main/vendor/CL4R1T4S/REPLIT/Replit_Initial_Code_Generation_Prompt.md","sibling-web-agency","4606","2026-06-14","md","local-sibling-folder","Multi-Agent-Web-Agency-main/vendor/CL4R1T4S/REPLIT"
4123,"Same_Dev.txt","Multi-Agent-Web-Agency-main/vendor/CL4R1T4S/SAMEDEV/Same_Dev.txt","sibling-web-agency","22441","2026-06-14","txt","local-sibling-folder","Multi-Agent-Web-Agency-main/vendor/CL4R1T4S/SAMEDEV"
4124,"Vercel_v0.txt","Multi-Agent-Web-Agency-main/vendor/CL4R1T4S/VERCEL V0/Vercel_v0.txt","sibling-web-agency","20428","2026-06-14","txt","local-sibling-folder","Multi-Agent-Web-Agency-main/vendor/CL4R1T4S/VERCEL V0"
4125,"Windsurf_Prompt.md","Multi-Agent-Web-Agency-main/vendor/CL4R1T4S/WINDSURF/Windsurf_Prompt.md","sibling-web-agency","9053","2026-06-14","md","local-sibling-folder","Multi-Agent-Web-Agency-main/vendor/CL4R1T4S/WINDSURF"
4126,"Windsurf_Tools.md","Multi-Agent-Web-Agency-main/vendor/CL4R1T4S/WINDSURF/Windsurf_Tools.md","sibling-web-agency","25275","2026-06-14","md","local-sibling-folder","Multi-Agent-Web-Agency-main/vendor/CL4R1T4S/WINDSURF"
4127,"GROK-4.1_Nov-17-2025.txt","Multi-Agent-Web-Agency-main/vendor/CL4R1T4S/XAI/GROK-4.1_Nov-17-2025.txt","sibling-web-agency","13902","2026-06-14","txt","local-sibling-folder","Multi-Agent-Web-Agency-main/vendor/CL4R1T4S/XAI"
4128,"Grok-Code-Fast-1_Aug-26-2025.txt","Multi-Agent-Web-Agency-main/vendor/CL4R1T4S/XAI/Grok-Code-Fast-1_Aug-26-2025.txt","sibling-web-agency","3973","2026-06-14","txt","local-sibling-folder","Multi-Agent-Web-Agency-main/vendor/CL4R1T4S/XAI"
4129,"Grok3.md","Multi-Agent-Web-Agency-main/vendor/CL4R1T4S/XAI/Grok3.md","sibling-web-agency","2881","2026-06-14","md","local-sibling-folder","Multi-Agent-Web-Agency-main/vendor/CL4R1T4S/XAI"
4130,"Grok3_updated_07-08-2025.md","Multi-Agent-Web-Agency-main/vendor/CL4R1T4S/XAI/Grok3_updated_07-08-2025.md","sibling-web-agency","3689","2026-06-14","md","local-sibling-folder","Multi-Agent-Web-Agency-main/vendor/CL4R1T4S/XAI"
4131,"Grok4-July-10-2025.md","Multi-Agent-Web-Agency-main/vendor/CL4R1T4S/XAI/Grok4-July-10-2025.md","sibling-web-agency","10322","2026-06-14","md","local-sibling-folder","Multi-Agent-Web-Agency-main/vendor/CL4R1T4S/XAI"
4132,"marketplace.json","Multi-Agent-Web-Agency-main/vendor/marketingskills/.claude-plugin/marketplace.json","sibling-web-agency","871","2026-06-16","json","local-sibling-folder","Multi-Agent-Web-Agency-main/vendor/marketingskills/.claude-plugin"
4133,"plugin.json","Multi-Agent-Web-Agency-main/vendor/marketingskills/.claude-plugin/plugin.json","sibling-web-agency","423","2026-06-16","json","local-sibling-folder","Multi-Agent-Web-Agency-main/vendor/marketingskills/.claude-plugin"
4134,"FUNDING.yml","Multi-Agent-Web-Agency-main/vendor/marketingskills/.github/FUNDING.yml","sibling-web-agency","102","2026-06-16","yml","local-sibling-folder","Multi-Agent-Web-Agency-main/vendor/marketingskills/.github"
4135,"config.yml","Multi-Agent-Web-Agency-main/vendor/marketingskills/.github/ISSUE_TEMPLATE/config.yml","sibling-web-agency","382","2026-06-16","yml","local-sibling-folder","Multi-Agent-Web-Agency-main/vendor/marketingskills/.github/ISSUE_TEMPLATE"
4136,"skill-request.yml","Multi-Agent-Web-Agency-main/vendor/marketingskills/.github/ISSUE_TEMPLATE/skill-request.yml","sibling-web-agency","1994","2026-06-16","yml","local-sibling-folder","Multi-Agent-Web-Agency-main/vendor/marketingskills/.github/ISSUE_TEMPLATE"
4137,"documentation.md","Multi-Agent-Web-Agency-main/vendor/marketingskills/.github/PULL_REQUEST_TEMPLATE/documentation.md","sibling-web-agency","282","2026-06-16","md","local-sibling-folder","Multi-Agent-Web-Agency-main/vendor/marketingskills/.github/PULL_REQUEST_TEMPLATE"
4138,"new-skill.md","Multi-Agent-Web-Agency-main/vendor/marketingskills/.github/PULL_REQUEST_TEMPLATE/new-skill.md","sibling-web-agency","430","2026-06-16","md","local-sibling-folder","Multi-Agent-Web-Agency-main/vendor/marketingskills/.github/PULL_REQUEST_TEMPLATE"
4139,"skill-update.md","Multi-Agent-Web-Agency-main/vendor/marketingskills/.github/PULL_REQUEST_TEMPLATE/skill-update.md","sibling-web-agency","402","2026-06-16","md","local-sibling-folder","Multi-Agent-Web-Agency-main/vendor/marketingskills/.github/PULL_REQUEST_TEMPLATE"
4140,"sync-skills.yml","Multi-Agent-Web-Agency-main/vendor/marketingskills/.github/workflows/sync-skills.yml","sibling-web-agency","848","2026-06-16","yml","local-sibling-folder","Multi-Agent-Web-Agency-main/vendor/marketingskills/.github/workflows"
4141,"validate-skill.yml","Multi-Agent-Web-Agency-main/vendor/marketingskills/.github/workflows/validate-skill.yml","sibling-web-agency","1848","2026-06-16","yml","local-sibling-folder","Multi-Agent-Web-Agency-main/vendor/marketingskills/.github/workflows"
4142,"AGENTS.md","Multi-Agent-Web-Agency-main/vendor/marketingskills/AGENTS.md","sibling-web-agency","9761","2026-06-16","md","local-sibling-folder","Multi-Agent-Web-Agency-main/vendor/marketingskills"
4143,"CLAUDE.md","Multi-Agent-Web-Agency-main/vendor/marketingskills/CLAUDE.md","sibling-web-agency","9","2026-06-16","md","local-sibling-folder","Multi-Agent-Web-Agency-main/vendor/marketingskills"
4144,"CONTRIBUTING.md","Multi-Agent-Web-Agency-main/vendor/marketingskills/CONTRIBUTING.md","sibling-web-agency","2661","2026-06-16","md","local-sibling-folder","Multi-Agent-Web-Agency-main/vendor/marketingskills"
4145,"README.md","Multi-Agent-Web-Agency-main/vendor/marketingskills/README.md","sibling-web-agency","19649","2026-06-16","md","local-sibling-folder","Multi-Agent-Web-Agency-main/vendor/marketingskills"
4146,"evals.json","Multi-Agent-Web-Agency-main/vendor/marketingskills/skills/ab-testing/evals/evals.json","sibling-web-agency","8027","2026-06-16","json","local-sibling-folder","Multi-Agent-Web-Agency-main/vendor/marketingskills/skills/ab-testing/evals"
4147,"sample-size-guide.md","Multi-Agent-Web-Agency-main/vendor/marketingskills/skills/ab-testing/references/sample-size-guide.md","sibling-web-agency","7716","2026-06-16","md","local-sibling-folder","Multi-Agent-Web-Agency-main/vendor/marketingskills/skills/ab-testing/references"
4148,"test-templates.md","Multi-Agent-Web-Agency-main/vendor/marketingskills/skills/ab-testing/references/test-templates.md","sibling-web-agency","6750","2026-06-16","md","local-sibling-folder","Multi-Agent-Web-Agency-main/vendor/marketingskills/skills/ab-testing/references"
4149,"SKILL.md","Multi-Agent-Web-Agency-main/vendor/marketingskills/skills/ab-testing/SKILL.md","sibling-web-agency","11515","2026-06-16","md","local-sibling-folder","Multi-Agent-Web-Agency-main/vendor/marketingskills/skills/ab-testing"
4150,"evals.json","Multi-Agent-Web-Agency-main/vendor/marketingskills/skills/ad-creative/evals/evals.json","sibling-web-agency","6940","2026-06-16","json","local-sibling-folder","Multi-Agent-Web-Agency-main/vendor/marketingskills/skills/ad-creative/evals"
4151,"generative-tools.md","Multi-Agent-Web-Agency-main/vendor/marketingskills/skills/ad-creative/references/generative-tools.md","sibling-web-agency","24741","2026-06-16","md","local-sibling-folder","Multi-Agent-Web-Agency-main/vendor/marketingskills/skills/ad-creative/references"
4152,"platform-specs.md","Multi-Agent-Web-Agency-main/vendor/marketingskills/skills/ad-creative/references/platform-specs.md","sibling-web-agency","6738","2026-06-16","md","local-sibling-folder","Multi-Agent-Web-Agency-main/vendor/marketingskills/skills/ad-creative/references"
4153,"SKILL.md","Multi-Agent-Web-Agency-main/vendor/marketingskills/skills/ad-creative/SKILL.md","sibling-web-agency","13968","2026-06-16","md","local-sibling-folder","Multi-Agent-Web-Agency-main/vendor/marketingskills/skills/ad-creative"
4154,"evals.json","Multi-Agent-Web-Agency-main/vendor/marketingskills/skills/ads/evals/evals.json","sibling-web-agency","6554","2026-06-16","json","local-sibling-folder","Multi-Agent-Web-Agency-main/vendor/marketingskills/skills/ads/evals"
4155,"ad-copy-templates.md","Multi-Agent-Web-Agency-main/vendor/marketingskills/skills/ads/references/ad-copy-templates.md","sibling-web-agency","5028","2026-06-16","md","local-sibling-folder","Multi-Agent-Web-Agency-main/vendor/marketingskills/skills/ads/references"
4156,"audience-targeting.md","Multi-Agent-Web-Agency-main/vendor/marketingskills/skills/ads/references/audience-targeting.md","sibling-web-agency","6310","2026-06-16","md","local-sibling-folder","Multi-Agent-Web-Agency-main/vendor/marketingskills/skills/ads/references"
4157,"conversion-tracking.md","Multi-Agent-Web-Agency-main/vendor/marketingskills/skills/ads/references/conversion-tracking.md","sibling-web-agency","11494","2026-06-16","md","local-sibling-folder","Multi-Agent-Web-Agency-main/vendor/marketingskills/skills/ads/references"
4158,"platform-setup-checklists.md","Multi-Agent-Web-Agency-main/vendor/marketingskills/skills/ads/references/platform-setup-checklists.md","sibling-web-agency","7890","2026-06-16","md","local-sibling-folder","Multi-Agent-Web-Agency-main/vendor/marketingskills/skills/ads/references"
4159,"SKILL.md","Multi-Agent-Web-Agency-main/vendor/marketingskills/skills/ads/SKILL.md","sibling-web-agency","14581","2026-06-16","md","local-sibling-folder","Multi-Agent-Web-Agency-main/vendor/marketingskills/skills/ads"
4160,"evals.json","Multi-Agent-Web-Agency-main/vendor/marketingskills/skills/ai-seo/evals/evals.json","sibling-web-agency","6677","2026-06-16","json","local-sibling-folder","Multi-Agent-Web-Agency-main/vendor/marketingskills/skills/ai-seo/evals"
4161,"content-patterns.md","Multi-Agent-Web-Agency-main/vendor/marketingskills/skills/ai-seo/references/content-patterns.md","sibling-web-agency","10322","2026-06-16","md","local-sibling-folder","Multi-Agent-Web-Agency-main/vendor/marketingskills/skills/ai-seo/references"
4162,"content-types.md","Multi-Agent-Web-Agency-main/vendor/marketingskills/skills/ai-seo/references/content-types.md","sibling-web-agency","2609","2026-06-16","md","local-sibling-folder","Multi-Agent-Web-Agency-main/vendor/marketingskills/skills/ai-seo/references"
4163,"okf.md","Multi-Agent-Web-Agency-main/vendor/marketingskills/skills/ai-seo/references/okf.md","sibling-web-agency","6056","2026-06-16","md","local-sibling-folder","Multi-Agent-Web-Agency-main/vendor/marketingskills/skills/ai-seo/references"
4164,"platform-ranking-factors.md","Multi-Agent-Web-Agency-main/vendor/marketingskills/skills/ai-seo/references/platform-ranking-factors.md","sibling-web-agency","11336","2026-06-16","md","local-sibling-folder","Multi-Agent-Web-Agency-main/vendor/marketingskills/skills/ai-seo/references"
4165,"SKILL.md","Multi-Agent-Web-Agency-main/vendor/marketingskills/skills/ai-seo/SKILL.md","sibling-web-agency","26544","2026-06-16","md","local-sibling-folder","Multi-Agent-Web-Agency-main/vendor/marketingskills/skills/ai-seo"
4166,"evals.json","Multi-Agent-Web-Agency-main/vendor/marketingskills/skills/analytics/evals/evals.json","sibling-web-agency","6455","2026-06-16","json","local-sibling-folder","Multi-Agent-Web-Agency-main/vendor/marketingskills/skills/analytics/evals"
4167,"event-library.md","Multi-Agent-Web-Agency-main/vendor/marketingskills/skills/analytics/references/event-library.md","sibling-web-agency","8914","2026-06-16","md","local-sibling-folder","Multi-Agent-Web-Agency-main/vendor/marketingskills/skills/analytics/references"
4168,"ga4-implementation.md","Multi-Agent-Web-Agency-main/vendor/marketingskills/skills/analytics/references/ga4-implementation.md","sibling-web-agency","6643","2026-06-16","md","local-sibling-folder","Multi-Agent-Web-Agency-main/vendor/marketingskills/skills/analytics/references"
4169,"gtm-implementation.md","Multi-Agent-Web-Agency-main/vendor/marketingskills/skills/analytics/references/gtm-implementation.md","sibling-web-agency","7960","2026-06-16","md","local-sibling-folder","Multi-Agent-Web-Agency-main/vendor/marketingskills/skills/analytics/references"
4170,"SKILL.md","Multi-Agent-Web-Agency-main/vendor/marketingskills/skills/analytics/SKILL.md","sibling-web-agency","8670","2026-06-16","md","local-sibling-folder","Multi-Agent-Web-Agency-main/vendor/marketingskills/skills/analytics"
4171,"evals.json","Multi-Agent-Web-Agency-main/vendor/marketingskills/skills/aso/evals/evals.json","sibling-web-agency","7491","2026-06-16","json","local-sibling-folder","Multi-Agent-Web-Agency-main/vendor/marketingskills/skills/aso/evals"
4172,"apple-specs.md","Multi-Agent-Web-Agency-main/vendor/marketingskills/skills/aso/references/apple-specs.md","sibling-web-agency","6196","2026-06-16","md","local-sibling-folder","Multi-Agent-Web-Agency-main/vendor/marketingskills/skills/aso/references"
4173,"benchmarks.md","Multi-Agent-Web-Agency-main/vendor/marketingskills/skills/aso/references/benchmarks.md","sibling-web-agency","5162","2026-06-16","md","local-sibling-folder","Multi-Agent-Web-Agency-main/vendor/marketingskills/skills/aso/references"
4174,"google-play-specs.md","Multi-Agent-Web-Agency-main/vendor/marketingskills/skills/aso/references/google-play-specs.md","sibling-web-agency","6139","2026-06-16","md","local-sibling-folder","Multi-Agent-Web-Agency-main/vendor/marketingskills/skills/aso/references"
4175,"report-template.md","Multi-Agent-Web-Agency-main/vendor/marketingskills/skills/aso/references/report-template.md","sibling-web-agency","5337","2026-06-16","md","local-sibling-folder","Multi-Agent-Web-Agency-main/vendor/marketingskills/skills/aso/references"
4176,"scoring-criteria.md","Multi-Agent-Web-Agency-main/vendor/marketingskills/skills/aso/references/scoring-criteria.md","sibling-web-agency","13880","2026-06-16","md","local-sibling-folder","Multi-Agent-Web-Agency-main/vendor/marketingskills/skills/aso/references"
4177,"SKILL.md","Multi-Agent-Web-Agency-main/vendor/marketingskills/skills/aso/SKILL.md","sibling-web-agency","15908","2026-06-16","md","local-sibling-folder","Multi-Agent-Web-Agency-main/vendor/marketingskills/skills/aso"
4178,"evals.json","Multi-Agent-Web-Agency-main/vendor/marketingskills/skills/churn-prevention/evals/evals.json","sibling-web-agency","6755","2026-06-16","json","local-sibling-folder","Multi-Agent-Web-Agency-main/vendor/marketingskills/skills/churn-prevention/evals"
4179,"cancel-flow-patterns.md","Multi-Agent-Web-Agency-main/vendor/marketingskills/skills/churn-prevention/references/cancel-flow-patterns.md","sibling-web-agency","10966","2026-06-16","md","local-sibling-folder","Multi-Agent-Web-Agency-main/vendor/marketingskills/skills/churn-prevention/references"
4180,"dunning-playbook.md","Multi-Agent-Web-Agency-main/vendor/marketingskills/skills/churn-prevention/references/dunning-playbook.md","sibling-web-agency","13096","2026-06-16","md","local-sibling-folder","Multi-Agent-Web-Agency-main/vendor/marketingskills/skills/churn-prevention/references"
4181,"SKILL.md","Multi-Agent-Web-Agency-main/vendor/marketingskills/skills/churn-prevention/SKILL.md","sibling-web-agency","18844","2026-06-16","md","local-sibling-folder","Multi-Agent-Web-Agency-main/vendor/marketingskills/skills/churn-prevention"
4182,"evals.json","Multi-Agent-Web-Agency-main/vendor/marketingskills/skills/co-marketing/evals/evals.json","sibling-web-agency","6988","2026-06-16","json","local-sibling-folder","Multi-Agent-Web-Agency-main/vendor/marketingskills/skills/co-marketing/evals"
4183,"SKILL.md","Multi-Agent-Web-Agency-main/vendor/marketingskills/skills/co-marketing/SKILL.md","sibling-web-agency","10443","2026-06-16","md","local-sibling-folder","Multi-Agent-Web-Agency-main/vendor/marketingskills/skills/co-marketing"
4184,"evals.json","Multi-Agent-Web-Agency-main/vendor/marketingskills/skills/cold-email/evals/evals.json","sibling-web-agency","7119","2026-06-16","json","local-sibling-folder","Multi-Agent-Web-Agency-main/vendor/marketingskills/skills/cold-email/evals"
4185,"benchmarks.md","Multi-Agent-Web-Agency-main/vendor/marketingskills/skills/cold-email/references/benchmarks.md","sibling-web-agency","5900","2026-06-16","md","local-sibling-folder","Multi-Agent-Web-Agency-main/vendor/marketingskills/skills/cold-email/references"
4186,"follow-up-sequences.md","Multi-Agent-Web-Agency-main/vendor/marketingskills/skills/cold-email/references/follow-up-sequences.md","sibling-web-agency","3956","2026-06-16","md","local-sibling-folder","Multi-Agent-Web-Agency-main/vendor/marketingskills/skills/cold-email/references"
4187,"frameworks.md","Multi-Agent-Web-Agency-main/vendor/marketingskills/skills/cold-email/references/frameworks.md","sibling-web-agency","5493","2026-06-16","md","local-sibling-folder","Multi-Agent-Web-Agency-main/vendor/marketingskills/skills/cold-email/references"
4188,"personalization.md","Multi-Agent-Web-Agency-main/vendor/marketingskills/skills/cold-email/references/personalization.md","sibling-web-agency","4516","2026-06-16","md","local-sibling-folder","Multi-Agent-Web-Agency-main/vendor/marketingskills/skills/cold-email/references"
4189,"subject-lines.md","Multi-Agent-Web-Agency-main/vendor/marketingskills/skills/cold-email/references/subject-lines.md","sibling-web-agency","3068","2026-06-16","md","local-sibling-folder","Multi-Agent-Web-Agency-main/vendor/marketingskills/skills/cold-email/references"
4190,"SKILL.md","Multi-Agent-Web-Agency-main/vendor/marketingskills/skills/cold-email/SKILL.md","sibling-web-agency","7509","2026-06-16","md","local-sibling-folder","Multi-Agent-Web-Agency-main/vendor/marketingskills/skills/cold-email"
4191,"evals.json","Multi-Agent-Web-Agency-main/vendor/marketingskills/skills/community-marketing/evals/evals.json","sibling-web-agency","7803","2026-06-16","json","local-sibling-folder","Multi-Agent-Web-Agency-main/vendor/marketingskills/skills/community-marketing/evals"
4192,"SKILL.md","Multi-Agent-Web-Agency-main/vendor/marketingskills/skills/community-marketing/SKILL.md","sibling-web-agency","9122","2026-06-16","md","local-sibling-folder","Multi-Agent-Web-Agency-main/vendor/marketingskills/skills/community-marketing"
4193,"evals.json","Multi-Agent-Web-Agency-main/vendor/marketingskills/skills/competitor-profiling/evals/evals.json","sibling-web-agency","7581","2026-06-16","json","local-sibling-folder","Multi-Agent-Web-Agency-main/vendor/marketingskills/skills/competitor-profiling/evals"
4194,"templates.md","Multi-Agent-Web-Agency-main/vendor/marketingskills/skills/competitor-profiling/references/templates.md","sibling-web-agency","4835","2026-06-16","md","local-sibling-folder","Multi-Agent-Web-Agency-main/vendor/marketingskills/skills/competitor-profiling/references"
4195,"tool-reference.md","Multi-Agent-Web-Agency-main/vendor/marketingskills/skills/competitor-profiling/references/tool-reference.md","sibling-web-agency","7261","2026-06-16","md","local-sibling-folder","Multi-Agent-Web-Agency-main/vendor/marketingskills/skills/competitor-profiling/references"
4196,"SKILL.md","Multi-Agent-Web-Agency-main/vendor/marketingskills/skills/competitor-profiling/SKILL.md","sibling-web-agency","14657","2026-06-16","md","local-sibling-folder","Multi-Agent-Web-Agency-main/vendor/marketingskills/skills/competitor-profiling"
4197,"evals.json","Multi-Agent-Web-Agency-main/vendor/marketingskills/skills/competitors/evals/evals.json","sibling-web-agency","6777","2026-06-16","json","local-sibling-folder","Multi-Agent-Web-Agency-main/vendor/marketingskills/skills/competitors/evals"
4198,"content-architecture.md","Multi-Agent-Web-Agency-main/vendor/marketingskills/skills/competitors/references/content-architecture.md","sibling-web-agency","7862","2026-06-16","md","local-sibling-folder","Multi-Agent-Web-Agency-main/vendor/marketingskills/skills/competitors/references"
4199,"templates.md","Multi-Agent-Web-Agency-main/vendor/marketingskills/skills/competitors/references/templates.md","sibling-web-agency","5638","2026-06-16","md","local-sibling-folder","Multi-Agent-Web-Agency-main/vendor/marketingskills/skills/competitors/references"
4200,"SKILL.md","Multi-Agent-Web-Agency-main/vendor/marketingskills/skills/competitors/SKILL.md","sibling-web-agency","8586","2026-06-16","md","local-sibling-folder","Multi-Agent-Web-Agency-main/vendor/marketingskills/skills/competitors"
4201,"evals.json","Multi-Agent-Web-Agency-main/vendor/marketingskills/skills/content-strategy/evals/evals.json","sibling-web-agency","6618","2026-06-16","json","local-sibling-folder","Multi-Agent-Web-Agency-main/vendor/marketingskills/skills/content-strategy/evals"
4202,"headless-cms.md","Multi-Agent-Web-Agency-main/vendor/marketingskills/skills/content-strategy/references/headless-cms.md","sibling-web-agency","8627","2026-06-16","md","local-sibling-folder","Multi-Agent-Web-Agency-main/vendor/marketingskills/skills/content-strategy/references"
4203,"SKILL.md","Multi-Agent-Web-Agency-main/vendor/marketingskills/skills/content-strategy/SKILL.md","sibling-web-agency","12637","2026-06-16","md","local-sibling-folder","Multi-Agent-Web-Agency-main/vendor/marketingskills/skills/content-strategy"
4204,"evals.json","Multi-Agent-Web-Agency-main/vendor/marketingskills/skills/copy-editing/evals/evals.json","sibling-web-agency","7636","2026-06-16","json","local-sibling-folder","Multi-Agent-Web-Agency-main/vendor/marketingskills/skills/copy-editing/evals"
4205,"checklist.md","Multi-Agent-Web-Agency-main/vendor/marketingskills/skills/copy-editing/references/checklist.md","sibling-web-agency","1794","2026-06-16","md","local-sibling-folder","Multi-Agent-Web-Agency-main/vendor/marketingskills/skills/copy-editing/references"
4206,"content-refresh.md","Multi-Agent-Web-Agency-main/vendor/marketingskills/skills/copy-editing/references/content-refresh.md","sibling-web-agency","2336","2026-06-16","md","local-sibling-folder","Multi-Agent-Web-Agency-main/vendor/marketingskills/skills/copy-editing/references"
4207,"plain-english-alternatives.md","Multi-Agent-Web-Agency-main/vendor/marketingskills/skills/copy-editing/references/plain-english-alternatives.md","sibling-web-agency","8652","2026-06-16","md","local-sibling-folder","Multi-Agent-Web-Agency-main/vendor/marketingskills/skills/copy-editing/references"
4208,"SKILL.md","Multi-Agent-Web-Agency-main/vendor/marketingskills/skills/copy-editing/SKILL.md","sibling-web-agency","15457","2026-06-16","md","local-sibling-folder","Multi-Agent-Web-Agency-main/vendor/marketingskills/skills/copy-editing"
4209,"evals.json","Multi-Agent-Web-Agency-main/vendor/marketingskills/skills/copywriting/evals/evals.json","sibling-web-agency","8229","2026-06-16","json","local-sibling-folder","Multi-Agent-Web-Agency-main/vendor/marketingskills/skills/copywriting/evals"
4210,"copy-frameworks.md","Multi-Agent-Web-Agency-main/vendor/marketingskills/skills/copywriting/references/copy-frameworks.md","sibling-web-agency","8231","2026-06-16","md","local-sibling-folder","Multi-Agent-Web-Agency-main/vendor/marketingskills/skills/copywriting/references"
4211,"natural-transitions.md","Multi-Agent-Web-Agency-main/vendor/marketingskills/skills/copywriting/references/natural-transitions.md","sibling-web-agency","5956","2026-06-16","md","local-sibling-folder","Multi-Agent-Web-Agency-main/vendor/marketingskills/skills/copywriting/references"
4212,"SKILL.md","Multi-Agent-Web-Agency-main/vendor/marketingskills/skills/copywriting/SKILL.md","sibling-web-agency","7795","2026-06-16","md","local-sibling-folder","Multi-Agent-Web-Agency-main/vendor/marketingskills/skills/copywriting"
4213,"evals.json","Multi-Agent-Web-Agency-main/vendor/marketingskills/skills/cro/evals/evals.json","sibling-web-agency","7767","2026-06-16","json","local-sibling-folder","Multi-Agent-Web-Agency-main/vendor/marketingskills/skills/cro/evals"
4214,"experiments.md","Multi-Agent-Web-Agency-main/vendor/marketingskills/skills/cro/references/experiments.md","sibling-web-agency","8098","2026-06-16","md","local-sibling-folder","Multi-Agent-Web-Agency-main/vendor/marketingskills/skills/cro/references"
4215,"form.md","Multi-Agent-Web-Agency-main/vendor/marketingskills/skills/cro/references/form.md","sibling-web-agency","10734","2026-06-16","md","local-sibling-folder","Multi-Agent-Web-Agency-main/vendor/marketingskills/skills/cro/references"
4216,"SKILL.md","Multi-Agent-Web-Agency-main/vendor/marketingskills/skills/cro/SKILL.md","sibling-web-agency","6288","2026-06-16","md","local-sibling-folder","Multi-Agent-Web-Agency-main/vendor/marketingskills/skills/cro"
4217,"evals.json","Multi-Agent-Web-Agency-main/vendor/marketingskills/skills/customer-research/evals/evals.json","sibling-web-agency","11169","2026-06-16","json","local-sibling-folder","Multi-Agent-Web-Agency-main/vendor/marketingskills/skills/customer-research/evals"
4218,"source-guides.md","Multi-Agent-Web-Agency-main/vendor/marketingskills/skills/customer-research/references/source-guides.md","sibling-web-agency","16591","2026-06-16","md","local-sibling-folder","Multi-Agent-Web-Agency-main/vendor/marketingskills/skills/customer-research/references"
4219,"SKILL.md","Multi-Agent-Web-Agency-main/vendor/marketingskills/skills/customer-research/SKILL.md","sibling-web-agency","12162","2026-06-16","md","local-sibling-folder","Multi-Agent-Web-Agency-main/vendor/marketingskills/skills/customer-research"
4220,"evals.json","Multi-Agent-Web-Agency-main/vendor/marketingskills/skills/directory-submissions/evals/evals.json","sibling-web-agency","8450","2026-06-16","json","local-sibling-folder","Multi-Agent-Web-Agency-main/vendor/marketingskills/skills/directory-submissions/evals"
4221,"directory-list.md","Multi-Agent-Web-Agency-main/vendor/marketingskills/skills/directory-submissions/references/directory-list.md","sibling-web-agency","26171","2026-06-16","md","local-sibling-folder","Multi-Agent-Web-Agency-main/vendor/marketingskills/skills/directory-submissions/references"
4222,"positioning-variations.md","Multi-Agent-Web-Agency-main/vendor/marketingskills/skills/directory-submissions/references/positioning-variations.md","sibling-web-agency","9580","2026-06-16","md","local-sibling-folder","Multi-Agent-Web-Agency-main/vendor/marketingskills/skills/directory-submissions/references"
4223,"submission-tracker-template.csv","Multi-Agent-Web-Agency-main/vendor/marketingskills/skills/directory-submissions/references/submission-tracker-template.csv","sibling-web-agency","20078","2026-06-16","csv","local-sibling-folder","Multi-Agent-Web-Agency-main/vendor/marketingskills/skills/directory-submissions/references"
4224,"SKILL.md","Multi-Agent-Web-Agency-main/vendor/marketingskills/skills/directory-submissions/SKILL.md","sibling-web-agency","23742","2026-06-16","md","local-sibling-folder","Multi-Agent-Web-Agency-main/vendor/marketingskills/skills/directory-submissions"
4225,"evals.json","Multi-Agent-Web-Agency-main/vendor/marketingskills/skills/emails/evals/evals.json","sibling-web-agency","6759","2026-06-16","json","local-sibling-folder","Multi-Agent-Web-Agency-main/vendor/marketingskills/skills/emails/evals"
4226,"copy-guidelines.md","Multi-Agent-Web-Agency-main/vendor/marketingskills/skills/emails/references/copy-guidelines.md","sibling-web-agency","2445","2026-06-16","md","local-sibling-folder","Multi-Agent-Web-Agency-main/vendor/marketingskills/skills/emails/references"
4227,"email-types.md","Multi-Agent-Web-Agency-main/vendor/marketingskills/skills/emails/references/email-types.md","sibling-web-agency","14765","2026-06-16","md","local-sibling-folder","Multi-Agent-Web-Agency-main/vendor/marketingskills/skills/emails/references"
4228,"sequence-templates.md","Multi-Agent-Web-Agency-main/vendor/marketingskills/skills/emails/references/sequence-templates.md","sibling-web-agency","4086","2026-06-16","md","local-sibling-folder","Multi-Agent-Web-Agency-main/vendor/marketingskills/skills/emails/references"
4229,"SKILL.md","Multi-Agent-Web-Agency-main/vendor/marketingskills/skills/emails/SKILL.md","sibling-web-agency","8873","2026-06-16","md","local-sibling-folder","Multi-Agent-Web-Agency-main/vendor/marketingskills/skills/emails"
4230,"evals.json","Multi-Agent-Web-Agency-main/vendor/marketingskills/skills/free-tools/evals/evals.json","sibling-web-agency","6334","2026-06-16","json","local-sibling-folder","Multi-Agent-Web-Agency-main/vendor/marketingskills/skills/free-tools/evals"
4231,"tool-types.md","Multi-Agent-Web-Agency-main/vendor/marketingskills/skills/free-tools/references/tool-types.md","sibling-web-agency","4229","2026-06-16","md","local-sibling-folder","Multi-Agent-Web-Agency-main/vendor/marketingskills/skills/free-tools/references"
4232,"SKILL.md","Multi-Agent-Web-Agency-main/vendor/marketingskills/skills/free-tools/SKILL.md","sibling-web-agency","6121","2026-06-16","md","local-sibling-folder","Multi-Agent-Web-Agency-main/vendor/marketingskills/skills/free-tools"
4233,"evals.json","Multi-Agent-Web-Agency-main/vendor/marketingskills/skills/image/evals/evals.json","sibling-web-agency","7021","2026-06-16","json","local-sibling-folder","Multi-Agent-Web-Agency-main/vendor/marketingskills/skills/image/evals"
4234,"ai-image-prompting.md","Multi-Agent-Web-Agency-main/vendor/marketingskills/skills/image/references/ai-image-prompting.md","sibling-web-agency","8319","2026-06-16","md","local-sibling-folder","Multi-Agent-Web-Agency-main/vendor/marketingskills/skills/image/references"
4235,"SKILL.md","Multi-Agent-Web-Agency-main/vendor/marketingskills/skills/image/SKILL.md","sibling-web-agency","16138","2026-06-16","md","local-sibling-folder","Multi-Agent-Web-Agency-main/vendor/marketingskills/skills/image"
4236,"evals.json","Multi-Agent-Web-Agency-main/vendor/marketingskills/skills/launch/evals/evals.json","sibling-web-agency","6558","2026-06-16","json","local-sibling-folder","Multi-Agent-Web-Agency-main/vendor/marketingskills/skills/launch/evals"
4237,"SKILL.md","Multi-Agent-Web-Agency-main/vendor/marketingskills/skills/launch/SKILL.md","sibling-web-agency","13234","2026-06-16","md","local-sibling-folder","Multi-Agent-Web-Agency-main/vendor/marketingskills/skills/launch"
4238,"evals.json","Multi-Agent-Web-Agency-main/vendor/marketingskills/skills/lead-magnets/evals/evals.json","sibling-web-agency","8131","2026-06-16","json","local-sibling-folder","Multi-Agent-Web-Agency-main/vendor/marketingskills/skills/lead-magnets/evals"
4239,"benchmarks.md","Multi-Agent-Web-Agency-main/vendor/marketingskills/skills/lead-magnets/references/benchmarks.md","sibling-web-agency","4363","2026-06-16","md","local-sibling-folder","Multi-Agent-Web-Agency-main/vendor/marketingskills/skills/lead-magnets/references"
4240,"format-guide.md","Multi-Agent-Web-Agency-main/vendor/marketingskills/skills/lead-magnets/references/format-guide.md","sibling-web-agency","6022","2026-06-16","md","local-sibling-folder","Multi-Agent-Web-Agency-main/vendor/marketingskills/skills/lead-magnets/references"
4241,"SKILL.md","Multi-Agent-Web-Agency-main/vendor/marketingskills/skills/lead-magnets/SKILL.md","sibling-web-agency","11235","2026-06-16","md","local-sibling-folder","Multi-Agent-Web-Agency-main/vendor/marketingskills/skills/lead-magnets"
4242,"evals.json","Multi-Agent-Web-Agency-main/vendor/marketingskills/skills/marketing-ideas/evals/evals.json","sibling-web-agency","6068","2026-06-16","json","local-sibling-folder","Multi-Agent-Web-Agency-main/vendor/marketingskills/skills/marketing-ideas/evals"
4243,"ideas-by-category.md","Multi-Agent-Web-Agency-main/vendor/marketingskills/skills/marketing-ideas/references/ideas-by-category.md","sibling-web-agency","15592","2026-06-16","md","local-sibling-folder","Multi-Agent-Web-Agency-main/vendor/marketingskills/skills/marketing-ideas/references"
4244,"SKILL.md","Multi-Agent-Web-Agency-main/vendor/marketingskills/skills/marketing-ideas/SKILL.md","sibling-web-agency","5469","2026-06-16","md","local-sibling-folder","Multi-Agent-Web-Agency-main/vendor/marketingskills/skills/marketing-ideas"
4245,"evals.json","Multi-Agent-Web-Agency-main/vendor/marketingskills/skills/marketing-plan/evals/evals.json","sibling-web-agency","7848","2026-06-16","json","local-sibling-folder","Multi-Agent-Web-Agency-main/vendor/marketingskills/skills/marketing-plan/evals"
4246,"aarrr-framework.md","Multi-Agent-Web-Agency-main/vendor/marketingskills/skills/marketing-plan/references/aarrr-framework.md","sibling-web-agency","10946","2026-06-16","md","local-sibling-folder","Multi-Agent-Web-Agency-main/vendor/marketingskills/skills/marketing-plan/references"
4247,"budget-planning.md","Multi-Agent-Web-Agency-main/vendor/marketingskills/skills/marketing-plan/references/budget-planning.md","sibling-web-agency","8739","2026-06-16","md","local-sibling-folder","Multi-Agent-Web-Agency-main/vendor/marketingskills/skills/marketing-plan/references"
4248,"client-types.md","Multi-Agent-Web-Agency-main/vendor/marketingskills/skills/marketing-plan/references/client-types.md","sibling-web-agency","11759","2026-06-16","md","local-sibling-folder","Multi-Agent-Web-Agency-main/vendor/marketingskills/skills/marketing-plan/references"
4249,"current-state-rubric.md","Multi-Agent-Web-Agency-main/vendor/marketingskills/skills/marketing-plan/references/current-state-rubric.md","sibling-web-agency","11911","2026-06-16","md","local-sibling-folder","Multi-Agent-Web-Agency-main/vendor/marketingskills/skills/marketing-plan/references"
4250,"example-quietude.md","Multi-Agent-Web-Agency-main/vendor/marketingskills/skills/marketing-plan/references/example-quietude.md","sibling-web-agency","70088","2026-06-16","md","local-sibling-folder","Multi-Agent-Web-Agency-main/vendor/marketingskills/skills/marketing-plan/references"
4251,"funding-stage-unlocks.md","Multi-Agent-Web-Agency-main/vendor/marketingskills/skills/marketing-plan/references/funding-stage-unlocks.md","sibling-web-agency","10027","2026-06-16","md","local-sibling-folder","Multi-Agent-Web-Agency-main/vendor/marketingskills/skills/marketing-plan/references"
4252,"growth-patterns.md","Multi-Agent-Web-Agency-main/vendor/marketingskills/skills/marketing-plan/references/growth-patterns.md","sibling-web-agency","9682","2026-06-16","md","local-sibling-folder","Multi-Agent-Web-Agency-main/vendor/marketingskills/skills/marketing-plan/references"
4253,"idea-cross-reference.md","Multi-Agent-Web-Agency-main/vendor/marketingskills/skills/marketing-plan/references/idea-cross-reference.md","sibling-web-agency","13683","2026-06-16","md","local-sibling-folder","Multi-Agent-Web-Agency-main/vendor/marketingskills/skills/marketing-plan/references"
4254,"measurement-framework.md","Multi-Agent-Web-Agency-main/vendor/marketingskills/skills/marketing-plan/references/measurement-framework.md","sibling-web-agency","11058","2026-06-16","md","local-sibling-folder","Multi-Agent-Web-Agency-main/vendor/marketingskills/skills/marketing-plan/references"
4255,"methodology.md","Multi-Agent-Web-Agency-main/vendor/marketingskills/skills/marketing-plan/references/methodology.md","sibling-web-agency","16940","2026-06-16","md","local-sibling-folder","Multi-Agent-Web-Agency-main/vendor/marketingskills/skills/marketing-plan/references"
4256,"ops-stack-mapping.md","Multi-Agent-Web-Agency-main/vendor/marketingskills/skills/marketing-plan/references/ops-stack-mapping.md","sibling-web-agency","12418","2026-06-16","md","local-sibling-folder","Multi-Agent-Web-Agency-main/vendor/marketingskills/skills/marketing-plan/references"
4257,"plan-template.md","Multi-Agent-Web-Agency-main/vendor/marketingskills/skills/marketing-plan/references/plan-template.md","sibling-web-agency","19229","2026-06-16","md","local-sibling-folder","Multi-Agent-Web-Agency-main/vendor/marketingskills/skills/marketing-plan/references"
4258,"team-and-agency-model.md","Multi-Agent-Web-Agency-main/vendor/marketingskills/skills/marketing-plan/references/team-and-agency-model.md","sibling-web-agency","14815","2026-06-16","md","local-sibling-folder","Multi-Agent-Web-Agency-main/vendor/marketingskills/skills/marketing-plan/references"
4259,"SKILL.md","Multi-Agent-Web-Agency-main/vendor/marketingskills/skills/marketing-plan/SKILL.md","sibling-web-agency","21551","2026-06-16","md","local-sibling-folder","Multi-Agent-Web-Agency-main/vendor/marketingskills/skills/marketing-plan"
4260,"evals.json","Multi-Agent-Web-Agency-main/vendor/marketingskills/skills/marketing-psychology/evals/evals.json","sibling-web-agency","6124","2026-06-16","json","local-sibling-folder","Multi-Agent-Web-Agency-main/vendor/marketingskills/skills/marketing-psychology/evals"
4261,"SKILL.md","Multi-Agent-Web-Agency-main/vendor/marketingskills/skills/marketing-psychology/SKILL.md","sibling-web-agency","22339","2026-06-16","md","local-sibling-folder","Multi-Agent-Web-Agency-main/vendor/marketingskills/skills/marketing-psychology"
4262,"evals.json","Multi-Agent-Web-Agency-main/vendor/marketingskills/skills/onboarding/evals/evals.json","sibling-web-agency","6352","2026-06-16","json","local-sibling-folder","Multi-Agent-Web-Agency-main/vendor/marketingskills/skills/onboarding/evals"
4263,"experiments.md","Multi-Agent-Web-Agency-main/vendor/marketingskills/skills/onboarding/references/experiments.md","sibling-web-agency","8054","2026-06-16","md","local-sibling-folder","Multi-Agent-Web-Agency-main/vendor/marketingskills/skills/onboarding/references"
4264,"SKILL.md","Multi-Agent-Web-Agency-main/vendor/marketingskills/skills/onboarding/SKILL.md","sibling-web-agency","6811","2026-06-16","md","local-sibling-folder","Multi-Agent-Web-Agency-main/vendor/marketingskills/skills/onboarding"
4265,"evals.json","Multi-Agent-Web-Agency-main/vendor/marketingskills/skills/paywalls/evals/evals.json","sibling-web-agency","6500","2026-06-16","json","local-sibling-folder","Multi-Agent-Web-Agency-main/vendor/marketingskills/skills/paywalls/evals"
4266,"experiments.md","Multi-Agent-Web-Agency-main/vendor/marketingskills/skills/paywalls/references/experiments.md","sibling-web-agency","5583","2026-06-16","md","local-sibling-folder","Multi-Agent-Web-Agency-main/vendor/marketingskills/skills/paywalls/references"
4267,"SKILL.md","Multi-Agent-Web-Agency-main/vendor/marketingskills/skills/paywalls/SKILL.md","sibling-web-agency","6026","2026-06-16","md","local-sibling-folder","Multi-Agent-Web-Agency-main/vendor/marketingskills/skills/paywalls"
4268,"evals.json","Multi-Agent-Web-Agency-main/vendor/marketingskills/skills/popups/evals/evals.json","sibling-web-agency","6679","2026-06-16","json","local-sibling-folder","Multi-Agent-Web-Agency-main/vendor/marketingskills/skills/popups/evals"
4269,"SKILL.md","Multi-Agent-Web-Agency-main/vendor/marketingskills/skills/popups/SKILL.md","sibling-web-agency","12259","2026-06-16","md","local-sibling-folder","Multi-Agent-Web-Agency-main/vendor/marketingskills/skills/popups"
4270,"evals.json","Multi-Agent-Web-Agency-main/vendor/marketingskills/skills/pricing/evals/evals.json","sibling-web-agency","6542","2026-06-16","json","local-sibling-folder","Multi-Agent-Web-Agency-main/vendor/marketingskills/skills/pricing/evals"
4271,"research-methods.md","Multi-Agent-Web-Agency-main/vendor/marketingskills/skills/pricing/references/research-methods.md","sibling-web-agency","4932","2026-06-16","md","local-sibling-folder","Multi-Agent-Web-Agency-main/vendor/marketingskills/skills/pricing/references"
4272,"tier-structure.md","Multi-Agent-Web-Agency-main/vendor/marketingskills/skills/pricing/references/tier-structure.md","sibling-web-agency","7431","2026-06-16","md","local-sibling-folder","Multi-Agent-Web-Agency-main/vendor/marketingskills/skills/pricing/references"
4273,"SKILL.md","Multi-Agent-Web-Agency-main/vendor/marketingskills/skills/pricing/SKILL.md","sibling-web-agency","7293","2026-06-16","md","local-sibling-folder","Multi-Agent-Web-Agency-main/vendor/marketingskills/skills/pricing"
4274,"evals.json","Multi-Agent-Web-Agency-main/vendor/marketingskills/skills/product-marketing/evals/evals.json","sibling-web-agency","5921","2026-06-16","json","local-sibling-folder","Multi-Agent-Web-Agency-main/vendor/marketingskills/skills/product-marketing/evals"
4275,"SKILL.md","Multi-Agent-Web-Agency-main/vendor/marketingskills/skills/product-marketing/SKILL.md","sibling-web-agency","7879","2026-06-16","md","local-sibling-folder","Multi-Agent-Web-Agency-main/vendor/marketingskills/skills/product-marketing"
4276,"evals.json","Multi-Agent-Web-Agency-main/vendor/marketingskills/skills/programmatic-seo/evals/evals.json","sibling-web-agency","6971","2026-06-16","json","local-sibling-folder","Multi-Agent-Web-Agency-main/vendor/marketingskills/skills/programmatic-seo/evals"
4277,"playbooks.md","Multi-Agent-Web-Agency-main/vendor/marketingskills/skills/programmatic-seo/references/playbooks.md","sibling-web-agency","8612","2026-06-16","md","local-sibling-folder","Multi-Agent-Web-Agency-main/vendor/marketingskills/skills/programmatic-seo/references"
4278,"SKILL.md","Multi-Agent-Web-Agency-main/vendor/marketingskills/skills/programmatic-seo/SKILL.md","sibling-web-agency","7336","2026-06-16","md","local-sibling-folder","Multi-Agent-Web-Agency-main/vendor/marketingskills/skills/programmatic-seo"
4279,"evals.json","Multi-Agent-Web-Agency-main/vendor/marketingskills/skills/prospecting/evals/evals.json","sibling-web-agency","9926","2026-06-16","json","local-sibling-folder","Multi-Agent-Web-Agency-main/vendor/marketingskills/skills/prospecting/evals"
4280,"b2b-prospecting.md","Multi-Agent-Web-Agency-main/vendor/marketingskills/skills/prospecting/references/b2b-prospecting.md","sibling-web-agency","5066","2026-06-16","md","local-sibling-folder","Multi-Agent-Web-Agency-main/vendor/marketingskills/skills/prospecting/references"
4281,"compliance.md","Multi-Agent-Web-Agency-main/vendor/marketingskills/skills/prospecting/references/compliance.md","sibling-web-agency","6355","2026-06-16","md","local-sibling-folder","Multi-Agent-Web-Agency-main/vendor/marketingskills/skills/prospecting/references"
4282,"data-sources.md","Multi-Agent-Web-Agency-main/vendor/marketingskills/skills/prospecting/references/data-sources.md","sibling-web-agency","11687","2026-06-16","md","local-sibling-folder","Multi-Agent-Web-Agency-main/vendor/marketingskills/skills/prospecting/references"
4283,"local-prospecting.md","Multi-Agent-Web-Agency-main/vendor/marketingskills/skills/prospecting/references/local-prospecting.md","sibling-web-agency","8315","2026-06-16","md","local-sibling-folder","Multi-Agent-Web-Agency-main/vendor/marketingskills/skills/prospecting/references"
4284,"saas-prospecting.md","Multi-Agent-Web-Agency-main/vendor/marketingskills/skills/prospecting/references/saas-prospecting.md","sibling-web-agency","6174","2026-06-16","md","local-sibling-folder","Multi-Agent-Web-Agency-main/vendor/marketingskills/skills/prospecting/references"
4285,"SKILL.md","Multi-Agent-Web-Agency-main/vendor/marketingskills/skills/prospecting/SKILL.md","sibling-web-agency","15400","2026-06-16","md","local-sibling-folder","Multi-Agent-Web-Agency-main/vendor/marketingskills/skills/prospecting"
4286,"journalist-pitching.md","Multi-Agent-Web-Agency-main/vendor/marketingskills/skills/public-relations/references/journalist-pitching.md","sibling-web-agency","11433","2026-06-16","md","local-sibling-folder","Multi-Agent-Web-Agency-main/vendor/marketingskills/skills/public-relations/references"
4287,"media-outlets.md","Multi-Agent-Web-Agency-main/vendor/marketingskills/skills/public-relations/references/media-outlets.md","sibling-web-agency","9514","2026-06-16","md","local-sibling-folder","Multi-Agent-Web-Agency-main/vendor/marketingskills/skills/public-relations/references"
4288,"newsjacking.md","Multi-Agent-Web-Agency-main/vendor/marketingskills/skills/public-relations/references/newsjacking.md","sibling-web-agency","8677","2026-06-16","md","local-sibling-folder","Multi-Agent-Web-Agency-main/vendor/marketingskills/skills/public-relations/references"
4289,"press-platforms.md","Multi-Agent-Web-Agency-main/vendor/marketingskills/skills/public-relations/references/press-platforms.md","sibling-web-agency","7097","2026-06-16","md","local-sibling-folder","Multi-Agent-Web-Agency-main/vendor/marketingskills/skills/public-relations/references"
4290,"SKILL.md","Multi-Agent-Web-Agency-main/vendor/marketingskills/skills/public-relations/SKILL.md","sibling-web-agency","7204","2026-06-16","md","local-sibling-folder","Multi-Agent-Web-Agency-main/vendor/marketingskills/skills/public-relations"
4291,"evals.json","Multi-Agent-Web-Agency-main/vendor/marketingskills/skills/referrals/evals/evals.json","sibling-web-agency","6553","2026-06-16","json","local-sibling-folder","Multi-Agent-Web-Agency-main/vendor/marketingskills/skills/referrals/evals"
4292,"affiliate-programs.md","Multi-Agent-Web-Agency-main/vendor/marketingskills/skills/referrals/references/affiliate-programs.md","sibling-web-agency","4567","2026-06-16","md","local-sibling-folder","Multi-Agent-Web-Agency-main/vendor/marketingskills/skills/referrals/references"
4293,"program-examples.md","Multi-Agent-Web-Agency-main/vendor/marketingskills/skills/referrals/references/program-examples.md","sibling-web-agency","3452","2026-06-16","md","local-sibling-folder","Multi-Agent-Web-Agency-main/vendor/marketingskills/skills/referrals/references"
4294,"SKILL.md","Multi-Agent-Web-Agency-main/vendor/marketingskills/skills/referrals/SKILL.md","sibling-web-agency","7758","2026-06-16","md","local-sibling-folder","Multi-Agent-Web-Agency-main/vendor/marketingskills/skills/referrals"
4295,"evals.json","Multi-Agent-Web-Agency-main/vendor/marketingskills/skills/revops/evals/evals.json","sibling-web-agency","6234","2026-06-16","json","local-sibling-folder","Multi-Agent-Web-Agency-main/vendor/marketingskills/skills/revops/evals"
4296,"automation-playbooks.md","Multi-Agent-Web-Agency-main/vendor/marketingskills/skills/revops/references/automation-playbooks.md","sibling-web-agency","11151","2026-06-16","md","local-sibling-folder","Multi-Agent-Web-Agency-main/vendor/marketingskills/skills/revops/references"
4297,"lifecycle-definitions.md","Multi-Agent-Web-Agency-main/vendor/marketingskills/skills/revops/references/lifecycle-definitions.md","sibling-web-agency","7297","2026-06-16","md","local-sibling-folder","Multi-Agent-Web-Agency-main/vendor/marketingskills/skills/revops/references"
4298,"routing-rules.md","Multi-Agent-Web-Agency-main/vendor/marketingskills/skills/revops/references/routing-rules.md","sibling-web-agency","6995","2026-06-16","md","local-sibling-folder","Multi-Agent-Web-Agency-main/vendor/marketingskills/skills/revops/references"
4299,"scoring-models.md","Multi-Agent-Web-Agency-main/vendor/marketingskills/skills/revops/references/scoring-models.md","sibling-web-agency","7697","2026-06-16","md","local-sibling-folder","Multi-Agent-Web-Agency-main/vendor/marketingskills/skills/revops/references"
4300,"SKILL.md","Multi-Agent-Web-Agency-main/vendor/marketingskills/skills/revops/SKILL.md","sibling-web-agency","15686","2026-06-16","md","local-sibling-folder","Multi-Agent-Web-Agency-main/vendor/marketingskills/skills/revops"
4301,"evals.json","Multi-Agent-Web-Agency-main/vendor/marketingskills/skills/sales-enablement/evals/evals.json","sibling-web-agency","6503","2026-06-16","json","local-sibling-folder","Multi-Agent-Web-Agency-main/vendor/marketingskills/skills/sales-enablement/evals"
4302,"deck-frameworks.md","Multi-Agent-Web-Agency-main/vendor/marketingskills/skills/sales-enablement/references/deck-frameworks.md","sibling-web-agency","7993","2026-06-16","md","local-sibling-folder","Multi-Agent-Web-Agency-main/vendor/marketingskills/skills/sales-enablement/references"
4303,"demo-scripts.md","Multi-Agent-Web-Agency-main/vendor/marketingskills/skills/sales-enablement/references/demo-scripts.md","sibling-web-agency","12124","2026-06-16","md","local-sibling-folder","Multi-Agent-Web-Agency-main/vendor/marketingskills/skills/sales-enablement/references"
4304,"objection-library.md","Multi-Agent-Web-Agency-main/vendor/marketingskills/skills/sales-enablement/references/objection-library.md","sibling-web-agency","13663","2026-06-16","md","local-sibling-folder","Multi-Agent-Web-Agency-main/vendor/marketingskills/skills/sales-enablement/references"
4305,"one-pager-templates.md","Multi-Agent-Web-Agency-main/vendor/marketingskills/skills/sales-enablement/references/one-pager-templates.md","sibling-web-agency","6031","2026-06-16","md","local-sibling-folder","Multi-Agent-Web-Agency-main/vendor/marketingskills/skills/sales-enablement/references"
4306,"SKILL.md","Multi-Agent-Web-Agency-main/vendor/marketingskills/skills/sales-enablement/SKILL.md","sibling-web-agency","15001","2026-06-16","md","local-sibling-folder","Multi-Agent-Web-Agency-main/vendor/marketingskills/skills/sales-enablement"
4307,"evals.json","Multi-Agent-Web-Agency-main/vendor/marketingskills/skills/schema/evals/evals.json","sibling-web-agency","6077","2026-06-16","json","local-sibling-folder","Multi-Agent-Web-Agency-main/vendor/marketingskills/skills/schema/evals"
4308,"schema-examples.md","Multi-Agent-Web-Agency-main/vendor/marketingskills/skills/schema/references/schema-examples.md","sibling-web-agency","8627","2026-06-16","md","local-sibling-folder","Multi-Agent-Web-Agency-main/vendor/marketingskills/skills/schema/references"
4309,"SKILL.md","Multi-Agent-Web-Agency-main/vendor/marketingskills/skills/schema/SKILL.md","sibling-web-agency","5427","2026-06-16","md","local-sibling-folder","Multi-Agent-Web-Agency-main/vendor/marketingskills/skills/schema"
4310,"evals.json","Multi-Agent-Web-Agency-main/vendor/marketingskills/skills/seo-audit/evals/evals.json","sibling-web-agency","9932","2026-06-16","json","local-sibling-folder","Multi-Agent-Web-Agency-main/vendor/marketingskills/skills/seo-audit/evals"
4311,"ai-writing-detection.md","Multi-Agent-Web-Agency-main/vendor/marketingskills/skills/seo-audit/references/ai-writing-detection.md","sibling-web-agency","6728","2026-06-16","md","local-sibling-folder","Multi-Agent-Web-Agency-main/vendor/marketingskills/skills/seo-audit/references"
4312,"international-seo.md","Multi-Agent-Web-Agency-main/vendor/marketingskills/skills/seo-audit/references/international-seo.md","sibling-web-agency","14488","2026-06-16","md","local-sibling-folder","Multi-Agent-Web-Agency-main/vendor/marketingskills/skills/seo-audit/references"
4313,"SKILL.md","Multi-Agent-Web-Agency-main/vendor/marketingskills/skills/seo-audit/SKILL.md","sibling-web-agency","16947","2026-06-16","md","local-sibling-folder","Multi-Agent-Web-Agency-main/vendor/marketingskills/skills/seo-audit"
4314,"evals.json","Multi-Agent-Web-Agency-main/vendor/marketingskills/skills/signup/evals/evals.json","sibling-web-agency","6331","2026-06-16","json","local-sibling-folder","Multi-Agent-Web-Agency-main/vendor/marketingskills/skills/signup/evals"
4315,"SKILL.md","Multi-Agent-Web-Agency-main/vendor/marketingskills/skills/signup/SKILL.md","sibling-web-agency","10741","2026-06-16","md","local-sibling-folder","Multi-Agent-Web-Agency-main/vendor/marketingskills/skills/signup"
4316,"evals.json","Multi-Agent-Web-Agency-main/vendor/marketingskills/skills/site-architecture/evals/evals.json","sibling-web-agency","6177","2026-06-16","json","local-sibling-folder","Multi-Agent-Web-Agency-main/vendor/marketingskills/skills/site-architecture/evals"
4317,"mermaid-templates.md","Multi-Agent-Web-Agency-main/vendor/marketingskills/skills/site-architecture/references/mermaid-templates.md","sibling-web-agency","5138","2026-06-16","md","local-sibling-folder","Multi-Agent-Web-Agency-main/vendor/marketingskills/skills/site-architecture/references"
4318,"navigation-patterns.md","Multi-Agent-Web-Agency-main/vendor/marketingskills/skills/site-architecture/references/navigation-patterns.md","sibling-web-agency","11038","2026-06-16","md","local-sibling-folder","Multi-Agent-Web-Agency-main/vendor/marketingskills/skills/site-architecture/references"
4319,"site-type-templates.md","Multi-Agent-Web-Agency-main/vendor/marketingskills/skills/site-architecture/references/site-type-templates.md","sibling-web-agency","9917","2026-06-16","md","local-sibling-folder","Multi-Agent-Web-Agency-main/vendor/marketingskills/skills/site-architecture/references"
4320,"SKILL.md","Multi-Agent-Web-Agency-main/vendor/marketingskills/skills/site-architecture/SKILL.md","sibling-web-agency","14025","2026-06-16","md","local-sibling-folder","Multi-Agent-Web-Agency-main/vendor/marketingskills/skills/site-architecture"
4321,"evals.json","Multi-Agent-Web-Agency-main/vendor/marketingskills/skills/sms/evals/evals.json","sibling-web-agency","8991","2026-06-16","json","local-sibling-folder","Multi-Agent-Web-Agency-main/vendor/marketingskills/skills/sms/evals"
4322,"compliance.md","Multi-Agent-Web-Agency-main/vendor/marketingskills/skills/sms/references/compliance.md","sibling-web-agency","8035","2026-06-16","md","local-sibling-folder","Multi-Agent-Web-Agency-main/vendor/marketingskills/skills/sms/references"
4323,"platforms.md","Multi-Agent-Web-Agency-main/vendor/marketingskills/skills/sms/references/platforms.md","sibling-web-agency","10183","2026-06-16","md","local-sibling-folder","Multi-Agent-Web-Agency-main/vendor/marketingskills/skills/sms/references"
4324,"sequence-templates.md","Multi-Agent-Web-Agency-main/vendor/marketingskills/skills/sms/references/sequence-templates.md","sibling-web-agency","7352","2026-06-16","md","local-sibling-folder","Multi-Agent-Web-Agency-main/vendor/marketingskills/skills/sms/references"
4325,"SKILL.md","Multi-Agent-Web-Agency-main/vendor/marketingskills/skills/sms/SKILL.md","sibling-web-agency","17147","2026-06-16","md","local-sibling-folder","Multi-Agent-Web-Agency-main/vendor/marketingskills/skills/sms"
4326,"evals.json","Multi-Agent-Web-Agency-main/vendor/marketingskills/skills/social/evals/evals.json","sibling-web-agency","6448","2026-06-16","json","local-sibling-folder","Multi-Agent-Web-Agency-main/vendor/marketingskills/skills/social/evals"
4327,"listening-sources-template.md","Multi-Agent-Web-Agency-main/vendor/marketingskills/skills/social/references/listening-sources-template.md","sibling-web-agency","3602","2026-06-16","md","local-sibling-folder","Multi-Agent-Web-Agency-main/vendor/marketingskills/skills/social/references"
4328,"listening.md","Multi-Agent-Web-Agency-main/vendor/marketingskills/skills/social/references/listening.md","sibling-web-agency","12347","2026-06-16","md","local-sibling-folder","Multi-Agent-Web-Agency-main/vendor/marketingskills/skills/social/references"
4329,"platform-limits.md","Multi-Agent-Web-Agency-main/vendor/marketingskills/skills/social/references/platform-limits.md","sibling-web-agency","2940","2026-06-16","md","local-sibling-folder","Multi-Agent-Web-Agency-main/vendor/marketingskills/skills/social/references"
4330,"platforms.md","Multi-Agent-Web-Agency-main/vendor/marketingskills/skills/social/references/platforms.md","sibling-web-agency","4590","2026-06-16","md","local-sibling-folder","Multi-Agent-Web-Agency-main/vendor/marketingskills/skills/social/references"
4331,"post-templates.md","Multi-Agent-Web-Agency-main/vendor/marketingskills/skills/social/references/post-templates.md","sibling-web-agency","3871","2026-06-16","md","local-sibling-folder","Multi-Agent-Web-Agency-main/vendor/marketingskills/skills/social/references"
4332,"reverse-engineering.md","Multi-Agent-Web-Agency-main/vendor/marketingskills/skills/social/references/reverse-engineering.md","sibling-web-agency","5746","2026-06-16","md","local-sibling-folder","Multi-Agent-Web-Agency-main/vendor/marketingskills/skills/social/references"
4333,"short-form-video.md","Multi-Agent-Web-Agency-main/vendor/marketingskills/skills/social/references/short-form-video.md","sibling-web-agency","6737","2026-06-16","md","local-sibling-folder","Multi-Agent-Web-Agency-main/vendor/marketingskills/skills/social/references"
4334,"SKILL.md","Multi-Agent-Web-Agency-main/vendor/marketingskills/skills/social/SKILL.md","sibling-web-agency","14895","2026-06-16","md","local-sibling-folder","Multi-Agent-Web-Agency-main/vendor/marketingskills/skills/social"
4335,"evals.json","Multi-Agent-Web-Agency-main/vendor/marketingskills/skills/video/evals/evals.json","sibling-web-agency","7730","2026-06-16","json","local-sibling-folder","Multi-Agent-Web-Agency-main/vendor/marketingskills/skills/video/evals"
4336,"ai-video-prompting.md","Multi-Agent-Web-Agency-main/vendor/marketingskills/skills/video/references/ai-video-prompting.md","sibling-web-agency","5433","2026-06-16","md","local-sibling-folder","Multi-Agent-Web-Agency-main/vendor/marketingskills/skills/video/references"
4337,"SKILL.md","Multi-Agent-Web-Agency-main/vendor/marketingskills/skills/video/SKILL.md","sibling-web-agency","13869","2026-06-16","md","local-sibling-folder","Multi-Agent-Web-Agency-main/vendor/marketingskills/skills/video"
4338,"README.md","Multi-Agent-Web-Agency-main/vendor/marketingskills/tools/clis/README.md","sibling-web-agency","8436","2026-06-16","md","local-sibling-folder","Multi-Agent-Web-Agency-main/vendor/marketingskills/tools/clis"
4339,"marketing-tools.md","Multi-Agent-Web-Agency-main/vendor/marketingskills/tools/composio/marketing-tools.md","sibling-web-agency","4691","2026-06-16","md","local-sibling-folder","Multi-Agent-Web-Agency-main/vendor/marketingskills/tools/composio"
4340,"README.md","Multi-Agent-Web-Agency-main/vendor/marketingskills/tools/composio/README.md","sibling-web-agency","2696","2026-06-16","md","local-sibling-folder","Multi-Agent-Web-Agency-main/vendor/marketingskills/tools/composio"
4341,"activecampaign.md","Multi-Agent-Web-Agency-main/vendor/marketingskills/tools/integrations/activecampaign.md","sibling-web-agency","6713","2026-06-16","md","local-sibling-folder","Multi-Agent-Web-Agency-main/vendor/marketingskills/tools/integrations"
4342,"adobe-analytics.md","Multi-Agent-Web-Agency-main/vendor/marketingskills/tools/integrations/adobe-analytics.md","sibling-web-agency","3391","2026-06-16","md","local-sibling-folder","Multi-Agent-Web-Agency-main/vendor/marketingskills/tools/integrations"
4343,"ahrefs.md","Multi-Agent-Web-Agency-main/vendor/marketingskills/tools/integrations/ahrefs.md","sibling-web-agency","3132","2026-06-16","md","local-sibling-folder","Multi-Agent-Web-Agency-main/vendor/marketingskills/tools/integrations"
4344,"airops.md","Multi-Agent-Web-Agency-main/vendor/marketingskills/tools/integrations/airops.md","sibling-web-agency","3147","2026-06-16","md","local-sibling-folder","Multi-Agent-Web-Agency-main/vendor/marketingskills/tools/integrations"
4345,"amplitude.md","Multi-Agent-Web-Agency-main/vendor/marketingskills/tools/integrations/amplitude.md","sibling-web-agency","2749","2026-06-16","md","local-sibling-folder","Multi-Agent-Web-Agency-main/vendor/marketingskills/tools/integrations"
4346,"apollo.md","Multi-Agent-Web-Agency-main/vendor/marketingskills/tools/integrations/apollo.md","sibling-web-agency","3651","2026-06-16","md","local-sibling-folder","Multi-Agent-Web-Agency-main/vendor/marketingskills/tools/integrations"
4347,"attentive.md","Multi-Agent-Web-Agency-main/vendor/marketingskills/tools/integrations/attentive.md","sibling-web-agency","4008","2026-06-16","md","local-sibling-folder","Multi-Agent-Web-Agency-main/vendor/marketingskills/tools/integrations"
4348,"audiencetap.md","Multi-Agent-Web-Agency-main/vendor/marketingskills/tools/integrations/audiencetap.md","sibling-web-agency","3778","2026-06-16","md","local-sibling-folder","Multi-Agent-Web-Agency-main/vendor/marketingskills/tools/integrations"
4349,"beehiiv.md","Multi-Agent-Web-Agency-main/vendor/marketingskills/tools/integrations/beehiiv.md","sibling-web-agency","4095","2026-06-16","md","local-sibling-folder","Multi-Agent-Web-Agency-main/vendor/marketingskills/tools/integrations"
4350,"brevo.md","Multi-Agent-Web-Agency-main/vendor/marketingskills/tools/integrations/brevo.md","sibling-web-agency","5911","2026-06-16","md","local-sibling-folder","Multi-Agent-Web-Agency-main/vendor/marketingskills/tools/integrations"
4351,"browserbase.md","Multi-Agent-Web-Agency-main/vendor/marketingskills/tools/integrations/browserbase.md","sibling-web-agency","4241","2026-06-16","md","local-sibling-folder","Multi-Agent-Web-Agency-main/vendor/marketingskills/tools/integrations"
4352,"buffer.md","Multi-Agent-Web-Agency-main/vendor/marketingskills/tools/integrations/buffer.md","sibling-web-agency","3833","2026-06-16","md","local-sibling-folder","Multi-Agent-Web-Agency-main/vendor/marketingskills/tools/integrations"
4353,"calendly.md","Multi-Agent-Web-Agency-main/vendor/marketingskills/tools/integrations/calendly.md","sibling-web-agency","4202","2026-06-16","md","local-sibling-folder","Multi-Agent-Web-Agency-main/vendor/marketingskills/tools/integrations"
4354,"clay.md","Multi-Agent-Web-Agency-main/vendor/marketingskills/tools/integrations/clay.md","sibling-web-agency","3407","2026-06-16","md","local-sibling-folder","Multi-Agent-Web-Agency-main/vendor/marketingskills/tools/integrations"
4355,"clearbit.md","Multi-Agent-Web-Agency-main/vendor/marketingskills/tools/integrations/clearbit.md","sibling-web-agency","4203","2026-06-16","md","local-sibling-folder","Multi-Agent-Web-Agency-main/vendor/marketingskills/tools/integrations"
4356,"close.md","Multi-Agent-Web-Agency-main/vendor/marketingskills/tools/integrations/close.md","sibling-web-agency","4264","2026-06-16","md","local-sibling-folder","Multi-Agent-Web-Agency-main/vendor/marketingskills/tools/integrations"
4357,"cogny.md","Multi-Agent-Web-Agency-main/vendor/marketingskills/tools/integrations/cogny.md","sibling-web-agency","6298","2026-06-16","md","local-sibling-folder","Multi-Agent-Web-Agency-main/vendor/marketingskills/tools/integrations"
4358,"composio.md","Multi-Agent-Web-Agency-main/vendor/marketingskills/tools/integrations/composio.md","sibling-web-agency","6851","2026-06-16","md","local-sibling-folder","Multi-Agent-Web-Agency-main/vendor/marketingskills/tools/integrations"
4359,"contentful.md","Multi-Agent-Web-Agency-main/vendor/marketingskills/tools/integrations/contentful.md","sibling-web-agency","4988","2026-06-16","md","local-sibling-folder","Multi-Agent-Web-Agency-main/vendor/marketingskills/tools/integrations"
4360,"coupler.md","Multi-Agent-Web-Agency-main/vendor/marketingskills/tools/integrations/coupler.md","sibling-web-agency","3693","2026-06-16","md","local-sibling-folder","Multi-Agent-Web-Agency-main/vendor/marketingskills/tools/integrations"
4361,"crossbeam.md","Multi-Agent-Web-Agency-main/vendor/marketingskills/tools/integrations/crossbeam.md","sibling-web-agency","3392","2026-06-16","md","local-sibling-folder","Multi-Agent-Web-Agency-main/vendor/marketingskills/tools/integrations"
4362,"customer-io.md","Multi-Agent-Web-Agency-main/vendor/marketingskills/tools/integrations/customer-io.md","sibling-web-agency","3419","2026-06-16","md","local-sibling-folder","Multi-Agent-Web-Agency-main/vendor/marketingskills/tools/integrations"
4363,"dataforseo.md","Multi-Agent-Web-Agency-main/vendor/marketingskills/tools/integrations/dataforseo.md","sibling-web-agency","3666","2026-06-16","md","local-sibling-folder","Multi-Agent-Web-Agency-main/vendor/marketingskills/tools/integrations"
4364,"demio.md","Multi-Agent-Web-Agency-main/vendor/marketingskills/tools/integrations/demio.md","sibling-web-agency","4241","2026-06-16","md","local-sibling-folder","Multi-Agent-Web-Agency-main/vendor/marketingskills/tools/integrations"
4365,"dub-co.md","Multi-Agent-Web-Agency-main/vendor/marketingskills/tools/integrations/dub-co.md","sibling-web-agency","3287","2026-06-16","md","local-sibling-folder","Multi-Agent-Web-Agency-main/vendor/marketingskills/tools/integrations"
4366,"exa.md","Multi-Agent-Web-Agency-main/vendor/marketingskills/tools/integrations/exa.md","sibling-web-agency","4817","2026-06-16","md","local-sibling-folder","Multi-Agent-Web-Agency-main/vendor/marketingskills/tools/integrations"
4367,"firecrawl.md","Multi-Agent-Web-Agency-main/vendor/marketingskills/tools/integrations/firecrawl.md","sibling-web-agency","4681","2026-06-16","md","local-sibling-folder","Multi-Agent-Web-Agency-main/vendor/marketingskills/tools/integrations"
4368,"firehose.md","Multi-Agent-Web-Agency-main/vendor/marketingskills/tools/integrations/firehose.md","sibling-web-agency","3955","2026-06-16","md","local-sibling-folder","Multi-Agent-Web-Agency-main/vendor/marketingskills/tools/integrations"
4369,"g2.md","Multi-Agent-Web-Agency-main/vendor/marketingskills/tools/integrations/g2.md","sibling-web-agency","4692","2026-06-16","md","local-sibling-folder","Multi-Agent-Web-Agency-main/vendor/marketingskills/tools/integrations"
4370,"ga4.md","Multi-Agent-Web-Agency-main/vendor/marketingskills/tools/integrations/ga4.md","sibling-web-agency","3004","2026-06-16","md","local-sibling-folder","Multi-Agent-Web-Agency-main/vendor/marketingskills/tools/integrations"
4371,"github.md","Multi-Agent-Web-Agency-main/vendor/marketingskills/tools/integrations/github.md","sibling-web-agency","7756","2026-06-16","md","local-sibling-folder","Multi-Agent-Web-Agency-main/vendor/marketingskills/tools/integrations"
4372,"gong.md","Multi-Agent-Web-Agency-main/vendor/marketingskills/tools/integrations/gong.md","sibling-web-agency","4446","2026-06-16","md","local-sibling-folder","Multi-Agent-Web-Agency-main/vendor/marketingskills/tools/integrations"
4373,"google-ads.md","Multi-Agent-Web-Agency-main/vendor/marketingskills/tools/integrations/google-ads.md","sibling-web-agency","4054","2026-06-16","md","local-sibling-folder","Multi-Agent-Web-Agency-main/vendor/marketingskills/tools/integrations"
4374,"google-search-console.md","Multi-Agent-Web-Agency-main/vendor/marketingskills/tools/integrations/google-search-console.md","sibling-web-agency","2977","2026-06-16","md","local-sibling-folder","Multi-Agent-Web-Agency-main/vendor/marketingskills/tools/integrations"
4375,"heygen.md","Multi-Agent-Web-Agency-main/vendor/marketingskills/tools/integrations/heygen.md","sibling-web-agency","3124","2026-06-16","md","local-sibling-folder","Multi-Agent-Web-Agency-main/vendor/marketingskills/tools/integrations"
4376,"hotjar.md","Multi-Agent-Web-Agency-main/vendor/marketingskills/tools/integrations/hotjar.md","sibling-web-agency","3392","2026-06-16","md","local-sibling-folder","Multi-Agent-Web-Agency-main/vendor/marketingskills/tools/integrations"
4377,"hubspot.md","Multi-Agent-Web-Agency-main/vendor/marketingskills/tools/integrations/hubspot.md","sibling-web-agency","3295","2026-06-16","md","local-sibling-folder","Multi-Agent-Web-Agency-main/vendor/marketingskills/tools/integrations"
4378,"hunter.md","Multi-Agent-Web-Agency-main/vendor/marketingskills/tools/integrations/hunter.md","sibling-web-agency","2167","2026-06-16","md","local-sibling-folder","Multi-Agent-Web-Agency-main/vendor/marketingskills/tools/integrations"
4379,"hyperframes.md","Multi-Agent-Web-Agency-main/vendor/marketingskills/tools/integrations/hyperframes.md","sibling-web-agency","5002","2026-06-16","md","local-sibling-folder","Multi-Agent-Web-Agency-main/vendor/marketingskills/tools/integrations"
4380,"instantly.md","Multi-Agent-Web-Agency-main/vendor/marketingskills/tools/integrations/instantly.md","sibling-web-agency","3016","2026-06-16","md","local-sibling-folder","Multi-Agent-Web-Agency-main/vendor/marketingskills/tools/integrations"
4381,"intercom.md","Multi-Agent-Web-Agency-main/vendor/marketingskills/tools/integrations/intercom.md","sibling-web-agency","5548","2026-06-16","md","local-sibling-folder","Multi-Agent-Web-Agency-main/vendor/marketingskills/tools/integrations"
4382,"introw.md","Multi-Agent-Web-Agency-main/vendor/marketingskills/tools/integrations/introw.md","sibling-web-agency","5028","2026-06-16","md","local-sibling-folder","Multi-Agent-Web-Agency-main/vendor/marketingskills/tools/integrations"
4383,"keywords-everywhere.md","Multi-Agent-Web-Agency-main/vendor/marketingskills/tools/integrations/keywords-everywhere.md","sibling-web-agency","4101","2026-06-16","md","local-sibling-folder","Multi-Agent-Web-Agency-main/vendor/marketingskills/tools/integrations"
4384,"kit.md","Multi-Agent-Web-Agency-main/vendor/marketingskills/tools/integrations/kit.md","sibling-web-agency","3179","2026-06-16","md","local-sibling-folder","Multi-Agent-Web-Agency-main/vendor/marketingskills/tools/integrations"
4385,"klaviyo.md","Multi-Agent-Web-Agency-main/vendor/marketingskills/tools/integrations/klaviyo.md","sibling-web-agency","5086","2026-06-16","md","local-sibling-folder","Multi-Agent-Web-Agency-main/vendor/marketingskills/tools/integrations"
4386,"lemlist.md","Multi-Agent-Web-Agency-main/vendor/marketingskills/tools/integrations/lemlist.md","sibling-web-agency","2915","2026-06-16","md","local-sibling-folder","Multi-Agent-Web-Agency-main/vendor/marketingskills/tools/integrations"
4387,"linkedin-ads.md","Multi-Agent-Web-Agency-main/vendor/marketingskills/tools/integrations/linkedin-ads.md","sibling-web-agency","3370","2026-06-16","md","local-sibling-folder","Multi-Agent-Web-Agency-main/vendor/marketingskills/tools/integrations"
4388,"livestorm.md","Multi-Agent-Web-Agency-main/vendor/marketingskills/tools/integrations/livestorm.md","sibling-web-agency","7124","2026-06-16","md","local-sibling-folder","Multi-Agent-Web-Agency-main/vendor/marketingskills/tools/integrations"
4389,"mailchimp.md","Multi-Agent-Web-Agency-main/vendor/marketingskills/tools/integrations/mailchimp.md","sibling-web-agency","3024","2026-06-16","md","local-sibling-folder","Multi-Agent-Web-Agency-main/vendor/marketingskills/tools/integrations"
4390,"mention-me.md","Multi-Agent-Web-Agency-main/vendor/marketingskills/tools/integrations/mention-me.md","sibling-web-agency","3380","2026-06-16","md","local-sibling-folder","Multi-Agent-Web-Agency-main/vendor/marketingskills/tools/integrations"
4391,"meta-ads.md","Multi-Agent-Web-Agency-main/vendor/marketingskills/tools/integrations/meta-ads.md","sibling-web-agency","3585","2026-06-16","md","local-sibling-folder","Multi-Agent-Web-Agency-main/vendor/marketingskills/tools/integrations"
4392,"mixpanel.md","Multi-Agent-Web-Agency-main/vendor/marketingskills/tools/integrations/mixpanel.md","sibling-web-agency","2727","2026-06-16","md","local-sibling-folder","Multi-Agent-Web-Agency-main/vendor/marketingskills/tools/integrations"
4393,"nitrosend.md","Multi-Agent-Web-Agency-main/vendor/marketingskills/tools/integrations/nitrosend.md","sibling-web-agency","3984","2026-06-16","md","local-sibling-folder","Multi-Agent-Web-Agency-main/vendor/marketingskills/tools/integrations"
4394,"onesignal.md","Multi-Agent-Web-Agency-main/vendor/marketingskills/tools/integrations/onesignal.md","sibling-web-agency","5730","2026-06-16","md","local-sibling-folder","Multi-Agent-Web-Agency-main/vendor/marketingskills/tools/integrations"
4395,"optimizely.md","Multi-Agent-Web-Agency-main/vendor/marketingskills/tools/integrations/optimizely.md","sibling-web-agency","4143","2026-06-16","md","local-sibling-folder","Multi-Agent-Web-Agency-main/vendor/marketingskills/tools/integrations"
4396,"outreach.md","Multi-Agent-Web-Agency-main/vendor/marketingskills/tools/integrations/outreach.md","sibling-web-agency","4752","2026-06-16","md","local-sibling-folder","Multi-Agent-Web-Agency-main/vendor/marketingskills/tools/integrations"
4397,"paddle.md","Multi-Agent-Web-Agency-main/vendor/marketingskills/tools/integrations/paddle.md","sibling-web-agency","4566","2026-06-16","md","local-sibling-folder","Multi-Agent-Web-Agency-main/vendor/marketingskills/tools/integrations"
4398,"partnerstack.md","Multi-Agent-Web-Agency-main/vendor/marketingskills/tools/integrations/partnerstack.md","sibling-web-agency","4892","2026-06-16","md","local-sibling-folder","Multi-Agent-Web-Agency-main/vendor/marketingskills/tools/integrations"
4399,"pendo.md","Multi-Agent-Web-Agency-main/vendor/marketingskills/tools/integrations/pendo.md","sibling-web-agency","4893","2026-06-16","md","local-sibling-folder","Multi-Agent-Web-Agency-main/vendor/marketingskills/tools/integrations"
4400,"plausible.md","Multi-Agent-Web-Agency-main/vendor/marketingskills/tools/integrations/plausible.md","sibling-web-agency","4332","2026-06-16","md","local-sibling-folder","Multi-Agent-Web-Agency-main/vendor/marketingskills/tools/integrations"
4401,"plivo.md","Multi-Agent-Web-Agency-main/vendor/marketingskills/tools/integrations/plivo.md","sibling-web-agency","3783","2026-06-16","md","local-sibling-folder","Multi-Agent-Web-Agency-main/vendor/marketingskills/tools/integrations"
4402,"posthog.md","Multi-Agent-Web-Agency-main/vendor/marketingskills/tools/integrations/posthog.md","sibling-web-agency","3020","2026-06-16","md","local-sibling-folder","Multi-Agent-Web-Agency-main/vendor/marketingskills/tools/integrations"
4403,"postmark.md","Multi-Agent-Web-Agency-main/vendor/marketingskills/tools/integrations/postmark.md","sibling-web-agency","5711","2026-06-16","md","local-sibling-folder","Multi-Agent-Web-Agency-main/vendor/marketingskills/tools/integrations"
4404,"postscript.md","Multi-Agent-Web-Agency-main/vendor/marketingskills/tools/integrations/postscript.md","sibling-web-agency","3391","2026-06-16","md","local-sibling-folder","Multi-Agent-Web-Agency-main/vendor/marketingskills/tools/integrations"
4405,"rankparse.md","Multi-Agent-Web-Agency-main/vendor/marketingskills/tools/integrations/rankparse.md","sibling-web-agency","5708","2026-06-16","md","local-sibling-folder","Multi-Agent-Web-Agency-main/vendor/marketingskills/tools/integrations"
4406,"rb2b.md","Multi-Agent-Web-Agency-main/vendor/marketingskills/tools/integrations/rb2b.md","sibling-web-agency","3895","2026-06-16","md","local-sibling-folder","Multi-Agent-Web-Agency-main/vendor/marketingskills/tools/integrations"
4407,"resend.md","Multi-Agent-Web-Agency-main/vendor/marketingskills/tools/integrations/resend.md","sibling-web-agency","3878","2026-06-16","md","local-sibling-folder","Multi-Agent-Web-Agency-main/vendor/marketingskills/tools/integrations"
4408,"rewardful.md","Multi-Agent-Web-Agency-main/vendor/marketingskills/tools/integrations/rewardful.md","sibling-web-agency","3387","2026-06-16","md","local-sibling-folder","Multi-Agent-Web-Agency-main/vendor/marketingskills/tools/integrations"
4409,"salesforce.md","Multi-Agent-Web-Agency-main/vendor/marketingskills/tools/integrations/salesforce.md","sibling-web-agency","3180","2026-06-16","md","local-sibling-folder","Multi-Agent-Web-Agency-main/vendor/marketingskills/tools/integrations"
4410,"sanity.md","Multi-Agent-Web-Agency-main/vendor/marketingskills/tools/integrations/sanity.md","sibling-web-agency","3838","2026-06-16","md","local-sibling-folder","Multi-Agent-Web-Agency-main/vendor/marketingskills/tools/integrations"
4411,"savvycal.md","Multi-Agent-Web-Agency-main/vendor/marketingskills/tools/integrations/savvycal.md","sibling-web-agency","3623","2026-06-16","md","local-sibling-folder","Multi-Agent-Web-Agency-main/vendor/marketingskills/tools/integrations"
4412,"segment.md","Multi-Agent-Web-Agency-main/vendor/marketingskills/tools/integrations/segment.md","sibling-web-agency","3191","2026-06-16","md","local-sibling-folder","Multi-Agent-Web-Agency-main/vendor/marketingskills/tools/integrations"
4413,"semrush.md","Multi-Agent-Web-Agency-main/vendor/marketingskills/tools/integrations/semrush.md","sibling-web-agency","2864","2026-06-16","md","local-sibling-folder","Multi-Agent-Web-Agency-main/vendor/marketingskills/tools/integrations"
4414,"sendgrid.md","Multi-Agent-Web-Agency-main/vendor/marketingskills/tools/integrations/sendgrid.md","sibling-web-agency","2966","2026-06-16","md","local-sibling-folder","Multi-Agent-Web-Agency-main/vendor/marketingskills/tools/integrations"
4415,"sequenzy.md","Multi-Agent-Web-Agency-main/vendor/marketingskills/tools/integrations/sequenzy.md","sibling-web-agency","7297","2026-06-16","md","local-sibling-folder","Multi-Agent-Web-Agency-main/vendor/marketingskills/tools/integrations"
4416,"shopify.md","Multi-Agent-Web-Agency-main/vendor/marketingskills/tools/integrations/shopify.md","sibling-web-agency","3298","2026-06-16","md","local-sibling-folder","Multi-Agent-Web-Agency-main/vendor/marketingskills/tools/integrations"
4417,"similarweb.md","Multi-Agent-Web-Agency-main/vendor/marketingskills/tools/integrations/similarweb.md","sibling-web-agency","4434","2026-06-16","md","local-sibling-folder","Multi-Agent-Web-Agency-main/vendor/marketingskills/tools/integrations"
4418,"snov.md","Multi-Agent-Web-Agency-main/vendor/marketingskills/tools/integrations/snov.md","sibling-web-agency","2377","2026-06-16","md","local-sibling-folder","Multi-Agent-Web-Agency-main/vendor/marketingskills/tools/integrations"
4419,"sparktoro.md","Multi-Agent-Web-Agency-main/vendor/marketingskills/tools/integrations/sparktoro.md","sibling-web-agency","4846","2026-06-16","md","local-sibling-folder","Multi-Agent-Web-Agency-main/vendor/marketingskills/tools/integrations"
4420,"strapi.md","Multi-Agent-Web-Agency-main/vendor/marketingskills/tools/integrations/strapi.md","sibling-web-agency","4291","2026-06-16","md","local-sibling-folder","Multi-Agent-Web-Agency-main/vendor/marketingskills/tools/integrations"
4421,"stripe.md","Multi-Agent-Web-Agency-main/vendor/marketingskills/tools/integrations/stripe.md","sibling-web-agency","3334","2026-06-16","md","local-sibling-folder","Multi-Agent-Web-Agency-main/vendor/marketingskills/tools/integrations"
4422,"supermetrics.md","Multi-Agent-Web-Agency-main/vendor/marketingskills/tools/integrations/supermetrics.md","sibling-web-agency","4007","2026-06-16","md","local-sibling-folder","Multi-Agent-Web-Agency-main/vendor/marketingskills/tools/integrations"
4423,"tiktok-ads.md","Multi-Agent-Web-Agency-main/vendor/marketingskills/tools/integrations/tiktok-ads.md","sibling-web-agency","3455","2026-06-16","md","local-sibling-folder","Multi-Agent-Web-Agency-main/vendor/marketingskills/tools/integrations"
4424,"tolt.md","Multi-Agent-Web-Agency-main/vendor/marketingskills/tools/integrations/tolt.md","sibling-web-agency","3002","2026-06-16","md","local-sibling-folder","Multi-Agent-Web-Agency-main/vendor/marketingskills/tools/integrations"
4425,"truelist.md","Multi-Agent-Web-Agency-main/vendor/marketingskills/tools/integrations/truelist.md","sibling-web-agency","7792","2026-06-16","md","local-sibling-folder","Multi-Agent-Web-Agency-main/vendor/marketingskills/tools/integrations"
4426,"trustpilot.md","Multi-Agent-Web-Agency-main/vendor/marketingskills/tools/integrations/trustpilot.md","sibling-web-agency","4872","2026-06-16","md","local-sibling-folder","Multi-Agent-Web-Agency-main/vendor/marketingskills/tools/integrations"
4427,"twilio.md","Multi-Agent-Web-Agency-main/vendor/marketingskills/tools/integrations/twilio.md","sibling-web-agency","4756","2026-06-16","md","local-sibling-folder","Multi-Agent-Web-Agency-main/vendor/marketingskills/tools/integrations"
4428,"typeform.md","Multi-Agent-Web-Agency-main/vendor/marketingskills/tools/integrations/typeform.md","sibling-web-agency","4167","2026-06-16","md","local-sibling-folder","Multi-Agent-Web-Agency-main/vendor/marketingskills/tools/integrations"
4429,"webflow.md","Multi-Agent-Web-Agency-main/vendor/marketingskills/tools/integrations/webflow.md","sibling-web-agency","3749","2026-06-16","md","local-sibling-folder","Multi-Agent-Web-Agency-main/vendor/marketingskills/tools/integrations"
4430,"wistia.md","Multi-Agent-Web-Agency-main/vendor/marketingskills/tools/integrations/wistia.md","sibling-web-agency","4005","2026-06-16","md","local-sibling-folder","Multi-Agent-Web-Agency-main/vendor/marketingskills/tools/integrations"
4431,"wordpress.md","Multi-Agent-Web-Agency-main/vendor/marketingskills/tools/integrations/wordpress.md","sibling-web-agency","3348","2026-06-16","md","local-sibling-folder","Multi-Agent-Web-Agency-main/vendor/marketingskills/tools/integrations"
4432,"zapier.md","Multi-Agent-Web-Agency-main/vendor/marketingskills/tools/integrations/zapier.md","sibling-web-agency","5958","2026-06-16","md","local-sibling-folder","Multi-Agent-Web-Agency-main/vendor/marketingskills/tools/integrations"
4433,"zoominfo.md","Multi-Agent-Web-Agency-main/vendor/marketingskills/tools/integrations/zoominfo.md","sibling-web-agency","4667","2026-06-16","md","local-sibling-folder","Multi-Agent-Web-Agency-main/vendor/marketingskills/tools/integrations"
4434,"REGISTRY.md","Multi-Agent-Web-Agency-main/vendor/marketingskills/tools/REGISTRY.md","sibling-web-agency","31633","2026-06-16","md","local-sibling-folder","Multi-Agent-Web-Agency-main/vendor/marketingskills/tools"
4435,"validate-skills-official.sh","Multi-Agent-Web-Agency-main/vendor/marketingskills/validate-skills-official.sh","sibling-web-agency","2045","2026-06-16","sh","local-sibling-folder","Multi-Agent-Web-Agency-main/vendor/marketingskills"
4436,"validate-skills.sh","Multi-Agent-Web-Agency-main/vendor/marketingskills/validate-skills.sh","sibling-web-agency","6038","2026-06-16","sh","local-sibling-folder","Multi-Agent-Web-Agency-main/vendor/marketingskills"
4437,"VERSIONS.md","Multi-Agent-Web-Agency-main/vendor/marketingskills/VERSIONS.md","sibling-web-agency","17006","2026-06-16","md","local-sibling-folder","Multi-Agent-Web-Agency-main/vendor/marketingskills"
4438,"vercel.json","Multi-Agent-Web-Agency-main/vercel.json","sibling-web-agency","306","2026-06-06","json","local-sibling-folder","Multi-Agent-Web-Agency-main"
4439,"bell24h-deploy.zip","bell24h-deploy.zip","projects-root","264760883","2025-09-16","zip","projects-root-loose-file","."
4440,"bell_final logo.jpeg","bell_final logo.jpeg","projects-root","25659","2025-10-02","jpeg","projects-root-loose-file","."
4441,"BRUTAL REALITY CHECK - YOUR SUPPLIE.txt","BRUTAL REALITY CHECK - YOUR SUPPLIE.txt","projects-root","31999","2025-09-20","txt","projects-root-loose-file","."
4442,"BRUTAL REALITY CHECK YES, THIS IS A.txt","BRUTAL REALITY CHECK YES, THIS IS A.txt","projects-root","6826","2025-09-20","txt","projects-root-loose-file","."
4443,"chromewebdata_2025-06-19_10-18-54.report.html","chromewebdata_2025-06-19_10-18-54.report.html","projects-root","625973","2025-06-19","html","projects-root-loose-file","."
4444,"CONTINUING COMPLETE FIX - EXECUTING.txt","CONTINUING COMPLETE FIX - EXECUTING.txt","projects-root","474752","2025-09-20","txt","projects-root-loose-file","."
4445,"dashboard.html","dashboard.html","projects-root","3266","2025-06-19","html","projects-root-loose-file","."
4446,"Deadline exceeded Encountered retry.txt","Deadline exceeded Encountered retry.txt","projects-root","124460","2025-08-25","txt","projects-root-loose-file","."
4447,"landing.html","landing.html","projects-root","5538","2025-06-19","html","projects-root-loose-file","."
4448,"login.html","login.html","projects-root","3358","2025-06-19","html","projects-root-loose-file","."
4449,"Multi-Agent-Web-Agency-main.zip","Multi-Agent-Web-Agency-main.zip","projects-root","50864","2026-06-02","zip","projects-root-loose-file","."
